loan_id,customer_id,age,employment_status,annual_income,credit_score,loan_amount,interest_rate,term_months,loan_purpose,dti_ratio,origination_date,default_flag,loan_status
L03842,C03088,24,Employed,66604.43,691,46579.39,4.87,60,Personal,0.491,2023-01-01,0,Active
L04929,C02237,32,Employed,61732.46,727,13842.42,3.0,60,Debt Consolidation,0.232,2023-01-01,0,Active
L02183,C00166,67,Unemployed,35458.28,766,10810.46,3.65,48,Education,0.16,2023-01-01,0,Active
L01378,C03006,64,Employed,53528.57,547,64772.04,8.39,36,Debt Consolidation,0.679,2023-01-01,1,Default
L03715,C02910,42,Employed,60221.46,700,20873.59,4.22,60,Vehicle,0.234,2023-01-01,0,Active
L02770,C03302,41,Employed,20437.13,699,90780.62,3.0,60,Vehicle,0.7,2023-01-02,0,Active
L00061,C02062,39,Employed,64273.08,600,67548.56,4.77,60,Vehicle,0.684,2023-01-02,1,Default
L02700,C00915,57,Employed,21181.19,689,39393.24,4.3,72,Home Improvement,0.7,2023-01-02,1,Default
L04306,C02335,35,Self-Employed,47474.78,637,29908.12,6.17,60,Debt Consolidation,0.446,2023-01-02,0,Active
L04779,C00797,69,Employed,76043.19,627,19685.18,5.51,60,Education,0.292,2023-01-02,0,Active
L01234,C00321,42,Employed,63775.74,564,25341.64,5.93,48,Vehicle,0.363,2023-01-02,0,Active
L02396,C00270,65,Unemployed,76178.29,623,42688.82,6.66,12,Vehicle,0.328,2023-01-02,0,Active
L02209,C01952,30,Employed,86605.36,757,20980.17,3.86,36,Vehicle,0.179,2023-01-02,0,Active
L02010,C03330,62,Employed,47229.83,635,29009.25,6.53,36,Vehicle,0.423,2023-01-02,0,Active
L01352,C03483,46,Self-Employed,28176.51,789,15204.14,3.0,36,Vehicle,0.36,2023-01-02,0,Active
L04484,C01107,26,Employed,81207.28,782,15077.32,3.0,36,Debt Consolidation,0.136,2023-01-02,0,Active
L02852,C01204,27,Employed,57375.19,712,18814.11,3.0,60,Home Improvement,0.397,2023-01-03,0,Active
L03956,C02281,25,Employed,72782.54,601,24130.75,7.47,24,Personal,0.25,2023-01-03,0,Active
L02894,C01986,34,Unemployed,18000.0,623,19549.12,4.97,60,Education,0.533,2023-01-03,0,Active
L02875,C03230,46,Employed,48010.61,628,8516.42,5.2,48,Personal,0.109,2023-01-04,0,Active
L03693,C02204,35,Employed,46749.13,624,23939.24,6.35,12,Debt Consolidation,0.306,2023-01-04,0,Active
L00740,C02540,39,Employed,26696.58,716,42300.55,4.1,24,Personal,0.7,2023-01-04,0,Active
L01656,C02954,39,Unemployed,50089.71,611,53870.85,7.35,60,Vehicle,0.601,2023-01-04,0,Active
L01055,C01754,33,Unemployed,39648.36,613,18475.45,5.84,60,Personal,0.316,2023-01-04,0,Active
L04977,C00306,42,Employed,94473.21,590,57875.93,8.02,60,Personal,0.618,2023-01-04,0,Active
L02835,C01524,56,Employed,55561.19,647,22351.21,5.17,48,Education,0.201,2023-01-04,0,Active
L03080,C02629,69,Self-Employed,26750.27,729,19774.87,3.0,24,Personal,0.428,2023-01-05,0,Active
L00780,C00714,25,Employed,48286.13,589,13863.22,5.3,36,Debt Consolidation,0.337,2023-01-05,0,Active
L02298,C01083,39,Employed,18000.0,689,23131.65,3.26,48,Vehicle,0.7,2023-01-06,0,Active
L02944,C03059,33,Unemployed,68472.49,695,19682.23,3.0,60,Debt Consolidation,0.201,2023-01-06,0,Active
L01140,C02661,39,Unemployed,67133.22,580,9478.04,6.83,60,Education,0.126,2023-01-06,1,Default
L01554,C00182,28,Employed,21227.23,806,22414.32,3.0,60,Vehicle,0.585,2023-01-06,0,Active
L02359,C00002,29,Employed,94548.13,745,21371.56,3.0,36,Debt Consolidation,0.268,2023-01-06,0,Active
L03740,C00442,38,Self-Employed,45841.58,674,17258.49,4.51,48,Vehicle,0.277,2023-01-06,0,Active
L00025,C02434,60,Employed,27939.37,692,15451.75,4.16,72,Vehicle,0.509,2023-01-06,0,Active
L03327,C03260,38,Employed,61881.46,677,12713.56,3.68,48,Home Improvement,0.292,2023-01-07,0,Active
L01427,C00117,58,Employed,71271.84,723,68544.47,3.35,36,Personal,0.593,2023-01-07,1,Default
L04901,C02180,68,Employed,24564.58,785,19639.11,3.43,60,Debt Consolidation,0.419,2023-01-07,0,Active
L00566,C03148,52,Employed,26907.1,670,60581.05,3.59,36,Education,0.7,2023-01-08,1,Default
L04283,C01711,34,Employed,51035.7,588,5713.02,6.29,72,Home Improvement,0.156,2023-01-08,0,Active
L02813,C03351,42,Employed,82224.93,686,22065.61,3.0,48,Debt Consolidation,0.261,2023-01-08,0,Active
L02814,C00348,23,Employed,75182.17,555,33535.28,8.05,60,Education,0.402,2023-01-08,0,Active
L00711,C03141,51,Employed,34105.63,663,12981.65,5.02,36,Education,0.3,2023-01-09,1,Default
L03637,C02414,33,Employed,48029.83,670,43977.5,5.0,24,Personal,0.621,2023-01-09,1,Default
L03168,C01851,66,Employed,67453.17,644,28134.98,6.49,48,Home Improvement,0.404,2023-01-10,0,Active
L01147,C02363,48,Self-Employed,65252.78,703,8769.48,4.41,60,Vehicle,0.28,2023-01-10,0,Active
L03857,C01328,22,Employed,49878.95,774,10114.07,3.0,60,Vehicle,0.265,2023-01-10,0,Active
L04229,C02565,39,Self-Employed,113527.5,575,10646.45,6.5,36,Education,0.116,2023-01-11,0,Active
L00982,C02846,65,Unemployed,64601.74,683,38199.56,4.21,48,Vehicle,0.484,2023-01-11,0,Active
L02249,C01714,66,Employed,57782.12,643,53394.3,6.06,12,Home Improvement,0.551,2023-01-11,0,Active
L00224,C00649,68,Employed,36949.21,737,75675.83,3.0,36,Home Improvement,0.7,2023-01-11,0,Active
L03116,C02568,39,Employed,39402.04,627,8686.11,4.67,60,Debt Consolidation,0.247,2023-01-11,0,Active
L04344,C01768,29,Employed,41171.08,731,31790.35,3.27,48,Home Improvement,0.523,2023-01-11,0,Active
L04736,C02051,40,Employed,51753.08,677,22060.34,4.19,12,Vehicle,0.45,2023-01-11,0,Active
L04972,C03241,27,Employed,34681.55,624,15115.2,5.65,60,Personal,0.253,2023-01-11,0,Active
L01377,C02189,68,Self-Employed,43336.67,737,12300.7,3.83,60,Personal,0.312,2023-01-12,0,Active
L00468,C00921,60,Employed,65715.72,700,6490.23,3.0,48,Personal,0.183,2023-01-12,0,Active
L00670,C01123,48,Employed,26159.33,794,19668.95,3.0,48,Vehicle,0.522,2023-01-12,0,Active
L00101,C01017,28,Employed,89482.18,597,23435.61,6.7,60,Home Improvement,0.327,2023-01-13,0,Active
L00592,C01758,49,Employed,46391.78,692,56826.1,3.47,36,Home Improvement,0.7,2023-01-13,1,Default
L02614,C01828,37,Employed,116425.06,547,17035.05,9.27,48,Personal,0.23,2023-01-13,0,Active
L02827,C03026,41,Employed,54681.53,683,35413.14,4.63,36,Personal,0.496,2023-01-13,0,Active
L01082,C00726,35,Employed,70477.04,708,60610.37,3.0,60,Vehicle,0.544,2023-01-13,0,Active
L03188,C02991,25,Employed,68580.61,670,54213.7,4.55,60,Home Improvement,0.578,2023-01-13,1,Default
L01431,C00537,59,Employed,24424.25,620,8318.53,5.42,36,Debt Consolidation,0.333,2023-01-13,1,Default
L02995,C01550,34,Unemployed,37255.18,653,24643.36,4.94,60,Education,0.452,2023-01-13,1,Default
L03488,C02353,69,Employed,26298.45,719,19311.83,3.0,60,Vehicle,0.559,2023-01-13,0,Active
L04400,C01589,69,Unemployed,46072.78,701,12661.3,3.83,72,Home Improvement,0.275,2023-01-14,0,Active
L02196,C01577,33,Employed,86071.17,727,28482.62,3.36,48,Personal,0.429,2023-01-14,0,Active
L02789,C03336,39,Employed,29735.83,600,48548.12,6.4,12,Vehicle,0.7,2023-01-14,0,Active
L01556,C00910,67,Employed,75771.56,695,62120.41,3.18,48,Home Improvement,0.681,2023-01-14,0,Active
L04495,C00929,37,Employed,33185.4,633,22825.67,5.64,24,Personal,0.371,2023-01-14,0,Active
L04165,C00786,64,Self-Employed,24703.93,690,15378.82,4.46,36,Vehicle,0.322,2023-01-14,0,Active
L03846,C02480,47,Employed,57823.3,764,17317.26,5.36,60,Home Improvement,0.328,2023-01-14,0,Active
L01374,C00363,56,Employed,94531.17,648,26552.98,3.53,36,Debt Consolidation,0.219,2023-01-15,0,Active
L04127,C00930,66,Self-Employed,85449.27,705,16027.35,4.03,60,Personal,0.21,2023-01-15,1,Default
L01213,C00654,46,Employed,92238.43,724,49968.35,3.28,72,Personal,0.396,2023-01-15,0,Active
L03799,C03135,23,Employed,50416.15,633,28857.71,5.39,12,Debt Consolidation,0.389,2023-01-15,0,Active
L04752,C01606,39,Employed,92720.48,609,27918.72,5.33,24,Vehicle,0.259,2023-01-16,0,Active
L03661,C01561,37,Employed,58542.2,743,61767.63,3.0,72,Personal,0.7,2023-01-16,0,Active
L02333,C02626,43,Employed,40799.57,590,12575.97,7.14,48,Vehicle,0.327,2023-01-16,0,Active
L04445,C00850,53,Employed,54795.33,715,13957.89,3.53,48,Debt Consolidation,0.197,2023-01-17,0,Active
L00388,C02086,56,Employed,57076.84,613,30247.91,5.73,48,Vehicle,0.357,2023-01-17,1,Default
L03483,C02069,29,Self-Employed,27461.94,729,33555.58,3.0,24,Home Improvement,0.7,2023-01-17,1,Default
L00581,C00453,29,Employed,36607.62,658,34122.01,6.49,24,Debt Consolidation,0.603,2023-01-17,1,Default
L04778,C00883,55,Self-Employed,38233.25,701,33506.21,5.36,36,Debt Consolidation,0.654,2023-01-17,0,Active
L03695,C00190,29,Unemployed,50818.11,782,44612.17,3.0,60,Education,0.487,2023-01-18,1,Default
L01487,C03377,38,Employed,110294.52,816,11065.58,3.0,36,Home Improvement,0.214,2023-01-18,0,Active
L04147,C01258,40,Self-Employed,44823.6,746,22249.32,3.28,60,Personal,0.34,2023-01-18,0,Active
L01808,C00311,59,Employed,110063.24,699,17058.51,5.21,60,Personal,0.228,2023-01-18,0,Active
L03758,C03279,40,Employed,74521.88,664,26920.92,4.61,48,Personal,0.321,2023-01-18,0,Active
L04713,C02507,38,Self-Employed,38842.69,686,15314.35,3.58,60,Vehicle,0.294,2023-01-18,0,Active
L00442,C01759,62,Employed,53352.6,730,39211.42,3.39,36,Home Improvement,0.388,2023-01-18,0,Active
L01939,C03333,47,Employed,60099.56,558,30384.23,7.17,12,Home Improvement,0.267,2023-01-18,0,Active
L03319,C02548,23,Employed,33724.19,599,9483.15,7.81,60,Vehicle,0.162,2023-01-19,0,Active
L02363,C03053,46,Employed,40751.31,727,26372.15,3.37,60,Education,0.332,2023-01-19,0,Active
L02459,C01275,38,Employed,58345.28,680,18539.1,5.49,36,Personal,0.236,2023-01-19,0,Active
L01881,C01334,21,Employed,61421.01,659,18351.23,6.73,36,Education,0.47,2023-01-19,0,Active
L00828,C03474,60,Unemployed,49328.62,737,17522.45,4.12,36,Personal,0.381,2023-01-20,0,Active
L01215,C01574,54,Employed,29496.01,589,11955.31,5.58,48,Vehicle,0.336,2023-01-20,1,Default
L02113,C00084,22,Employed,51157.05,684,8373.13,3.03,36,Debt Consolidation,0.229,2023-01-20,0,Active
L02487,C01800,27,Employed,29345.04,698,95960.52,5.43,36,Debt Consolidation,0.7,2023-01-21,0,Active
L01734,C01342,47,Unemployed,55156.74,775,18232.04,3.0,36,Education,0.414,2023-01-21,0,Active
L00260,C01077,48,Employed,18000.0,667,40394.8,4.65,60,Home Improvement,0.7,2023-01-21,0,Active
L00261,C01708,67,Employed,51637.66,721,95317.8,4.53,36,Personal,0.7,2023-01-21,0,Active
L04074,C00375,28,Employed,50155.93,746,27624.68,3.0,72,Vehicle,0.383,2023-01-22,1,Default
L04491,C02449,61,Employed,42716.33,743,19479.63,4.12,60,Debt Consolidation,0.452,2023-01-22,0,Active
L03839,C03199,45,Employed,29846.0,850,11727.45,3.0,48,Debt Consolidation,0.362,2023-01-22,0,Active
L03673,C01396,44,Employed,47652.57,673,34580.95,3.93,48,Education,0.441,2023-01-23,0,Active
L01569,C01572,36,Employed,110431.69,649,14393.92,4.31,36,Education,0.177,2023-01-23,0,Active
L00640,C02775,23,Employed,27463.13,668,10745.71,5.37,24,Personal,0.44,2023-01-23,1,Default
L02186,C01325,23,Employed,18000.0,510,28135.01,9.16,36,Personal,0.7,2023-01-23,0,Active
L03019,C02386,48,Employed,28800.8,772,29771.3,3.0,48,Debt Consolidation,0.687,2023-01-23,0,Active
L03578,C01068,51,Employed,61275.54,729,28399.9,3.78,24,Personal,0.349,2023-01-23,0,Active
L04595,C02065,41,Self-Employed,77194.9,850,21997.05,3.0,48,Home Improvement,0.267,2023-01-23,0,Active
L03865,C01059,55,Employed,26668.8,680,62290.47,4.85,12,Personal,0.7,2023-01-23,0,Active
L01428,C00937,38,Employed,50764.88,656,15022.5,5.5,12,Vehicle,0.318,2023-01-23,0,Active
L04699,C03174,43,Employed,38923.76,675,15529.37,6.47,24,Home Improvement,0.425,2023-01-24,0,Active
L00839,C03019,36,Employed,69981.89,643,117714.81,4.71,36,Personal,0.7,2023-01-24,0,Active
L01893,C02307,25,Self-Employed,57367.26,790,43314.44,3.0,48,Personal,0.487,2023-01-24,1,Default
L02860,C00406,26,Self-Employed,52144.0,785,16330.76,3.0,60,Personal,0.295,2023-01-24,0,Active
L03509,C00573,50,Unemployed,76383.52,786,55896.8,3.0,60,Debt Consolidation,0.363,2023-01-24,0,Active
L04769,C02007,50,Employed,56105.52,651,15996.59,5.21,36,Personal,0.189,2023-01-25,0,Active
L03448,C03254,55,Employed,39142.01,658,27241.69,4.2,60,Personal,0.56,2023-01-25,0,Active
L01911,C03217,48,Unemployed,46630.33,566,23533.72,6.56,48,Personal,0.238,2023-01-25,0,Active
L02063,C02258,66,Employed,97477.98,698,25621.0,3.98,48,Personal,0.138,2023-01-25,0,Active
L03779,C00596,50,Self-Employed,28094.76,638,17238.85,4.92,72,Home Improvement,0.375,2023-01-25,1,Default
L02952,C01277,30,Employed,86283.43,580,22915.03,7.73,36,Personal,0.289,2023-01-25,0,Active
L03781,C00281,37,Unemployed,66472.7,646,38312.3,6.22,36,Home Improvement,0.405,2023-01-25,0,Active
L04772,C00886,27,Self-Employed,89019.07,773,59797.64,3.0,60,Education,0.594,2023-01-25,0,Active
L02420,C02021,36,Self-Employed,82952.42,718,10032.72,3.67,60,Education,0.269,2023-01-26,0,Active
L04688,C00461,62,Employed,63475.54,678,55391.82,5.36,72,Personal,0.517,2023-01-26,0,Active
L03825,C01227,41,Employed,41023.82,750,22827.11,4.61,12,Personal,0.428,2023-01-26,0,Active
L01916,C03192,39,Unemployed,77780.11,627,43366.56,6.83,24,Vehicle,0.438,2023-01-26,0,Active
L01223,C00690,68,Employed,123268.06,713,21237.31,4.1,36,Debt Consolidation,0.377,2023-01-26,1,Default
L00080,C01586,47,Employed,64669.56,639,16361.35,4.46,36,Debt Consolidation,0.275,2023-01-26,0,Active
L04235,C02112,65,Unemployed,88009.95,781,11123.83,3.0,36,Education,0.253,2023-01-27,0,Active
L02241,C03145,67,Employed,51364.99,642,15932.37,8.59,60,Home Improvement,0.158,2023-01-27,0,Active
L03528,C01081,48,Employed,45828.31,660,7860.0,5.93,60,Vehicle,0.316,2023-01-27,0,Active
L03834,C00988,60,Self-Employed,46726.97,744,19020.01,3.0,36,Home Improvement,0.194,2023-01-27,0,Active
L03108,C02588,66,Employed,39588.27,717,23541.32,3.25,12,Education,0.34,2023-01-28,0,Active
L04808,C03116,65,Employed,53724.98,668,50735.22,4.77,36,Debt Consolidation,0.545,2023-01-28,1,Default
L02645,C01287,44,Self-Employed,84268.33,725,50616.21,3.5,60,Personal,0.363,2023-01-28,0,Active
L03371,C00399,43,Employed,51633.17,751,29074.96,3.0,48,Personal,0.456,2023-01-28,0,Active
L01115,C01297,63,Self-Employed,37041.63,678,21233.79,3.95,60,Debt Consolidation,0.511,2023-01-28,0,Active
L00523,C02871,39,Unemployed,57551.63,761,35059.94,3.0,36,Home Improvement,0.479,2023-01-29,0,Active
L04102,C02981,68,Self-Employed,61414.95,622,21415.32,6.15,36,Education,0.416,2023-01-29,0,Active
L03762,C03323,44,Unemployed,72598.21,726,15555.17,3.0,24,Vehicle,0.159,2023-01-30,0,Active
L03401,C01373,48,Unemployed,59572.18,648,69896.97,7.16,36,Personal,0.623,2023-01-30,1,Default
L04991,C01046,28,Employed,58930.69,674,50733.77,3.76,36,Debt Consolidation,0.54,2023-01-30,0,Active
L01592,C03298,62,Employed,20903.87,682,12651.38,4.67,36,Education,0.442,2023-01-30,0,Active
L00083,C01022,60,Employed,38656.83,651,9036.92,5.98,60,Personal,0.144,2023-01-30,0,Active
L04980,C02585,49,Self-Employed,21415.73,738,35859.46,3.71,48,Education,0.7,2023-01-30,0,Active
L01126,C00067,42,Employed,34095.96,601,18365.91,5.53,24,Debt Consolidation,0.324,2023-01-30,0,Active
L04082,C01475,29,Employed,36671.1,731,33685.64,3.66,36,Vehicle,0.662,2023-01-30,0,Active
L02812,C00237,66,Unemployed,54747.72,629,36347.04,6.27,60,Education,0.481,2023-01-30,1,Default
L02836,C02786,30,Employed,63592.3,736,55431.47,3.0,36,Debt Consolidation,0.626,2023-01-31,0,Active
L03692,C03349,21,Employed,73725.29,593,38725.64,6.17,36,Vehicle,0.322,2023-01-31,0,Active
L01071,C02852,50,Employed,84846.52,763,22214.3,3.0,72,Home Improvement,0.207,2023-01-31,0,Active
L02699,C00146,61,Employed,58078.29,632,32321.84,4.19,12,Debt Consolidation,0.465,2023-02-01,0,Active
L01849,C00293,25,Employed,47426.67,664,25513.69,5.57,36,Debt Consolidation,0.534,2023-02-01,0,Active
L03518,C01634,32,Self-Employed,52080.94,687,42763.37,4.62,60,Vehicle,0.597,2023-02-01,0,Active
L00142,C03105,43,Unemployed,47226.83,641,75926.19,6.34,60,Vehicle,0.7,2023-02-01,0,Active
L04416,C03095,50,Employed,79177.78,569,32339.67,4.75,48,Personal,0.342,2023-02-01,0,Active
L04357,C00942,22,Employed,28390.55,613,35961.0,7.16,60,Vehicle,0.7,2023-02-01,0,Active
L02391,C03375,44,Employed,51207.77,745,54638.72,3.3,60,Home Improvement,0.669,2023-02-01,0,Active
L03944,C00404,43,Employed,53819.62,663,50041.21,4.18,12,Personal,0.699,2023-02-01,1,Default
L02380,C00028,31,Employed,59989.66,647,30656.14,7.01,60,Education,0.321,2023-02-01,0,Active
L04104,C03268,51,Employed,111686.71,685,50244.55,3.0,48,Debt Consolidation,0.289,2023-02-02,0,Active
L04397,C01051,69,Employed,39274.37,687,37736.75,4.58,36,Home Improvement,0.594,2023-02-02,0,Active
L03340,C01141,43,Employed,43581.79,606,19276.52,5.47,24,Vehicle,0.46,2023-02-02,0,Active
L03042,C03299,66,Self-Employed,21021.2,772,30882.07,3.0,60,Debt Consolidation,0.7,2023-02-02,0,Active
L01422,C03017,62,Employed,84966.64,634,39527.86,6.23,36,Debt Consolidation,0.292,2023-02-03,0,Active
L02384,C00261,31,Employed,35999.96,611,30597.42,7.23,36,Debt Consolidation,0.529,2023-02-03,0,Active
L02529,C00688,64,Employed,65474.98,696,27344.2,3.86,36,Personal,0.24,2023-02-03,0,Active
L00338,C01155,42,Self-Employed,88722.97,708,29620.27,5.31,60,Personal,0.354,2023-02-03,0,Active
L00281,C00609,52,Employed,34177.88,487,41046.88,10.21,48,Debt Consolidation,0.66,2023-02-03,1,Default
L03507,C00593,24,Self-Employed,61654.08,830,5432.57,3.0,60,Home Improvement,0.228,2023-02-03,0,Active
L01889,C02266,68,Employed,123543.2,790,17606.41,3.0,12,Education,0.192,2023-02-04,0,Active
L04088,C03135,36,Employed,41375.45,603,30922.63,5.92,36,Personal,0.438,2023-02-05,0,Active
L00325,C02945,38,Self-Employed,69231.77,677,37534.22,6.43,24,Education,0.382,2023-02-05,0,Active
L04941,C00279,50,Employed,50609.2,671,34539.94,3.66,60,Home Improvement,0.428,2023-02-05,1,Default
L01524,C03421,65,Employed,36913.13,680,20277.88,4.03,24,Personal,0.514,2023-02-05,0,Active
L04470,C01181,38,Employed,25345.81,756,40112.76,3.0,48,Vehicle,0.7,2023-02-05,0,Active
L04641,C02824,57,Employed,32998.55,616,11694.57,6.2,24,Debt Consolidation,0.257,2023-02-05,0,Active
L04490,C03493,47,Employed,88524.19,628,37621.82,5.97,36,Education,0.353,2023-02-06,0,Active
L02761,C01805,60,Self-Employed,22653.53,650,8336.4,5.54,36,Debt Consolidation,0.273,2023-02-06,0,Active
L02864,C03173,40,Employed,47868.07,635,9836.18,5.75,36,Debt Consolidation,0.261,2023-02-06,0,Active
L03948,C01831,55,Unemployed,69608.15,841,49297.05,3.0,48,Personal,0.406,2023-02-06,1,Default
L00039,C02048,33,Employed,32627.06,628,16198.96,5.4,72,Personal,0.321,2023-02-06,0,Active
L02795,C03375,31,Employed,38566.26,697,4643.82,3.07,36,Education,0.261,2023-02-07,0,Active
L04456,C01810,48,Employed,44858.11,718,11739.6,3.15,12,Home Improvement,0.274,2023-02-07,0,Active
L02467,C02543,30,Employed,51287.91,781,52049.68,3.0,48,Personal,0.633,2023-02-07,0,Active
L00098,C03343,22,Employed,43677.05,608,33952.73,6.85,36,Education,0.601,2023-02-07,0,Active
L03139,C00378,25,Self-Employed,57892.11,687,108582.12,3.19,60,Personal,0.7,2023-02-07,0,Active
L01012,C00205,28,Unemployed,40816.06,692,17175.07,5.28,36,Debt Consolidation,0.299,2023-02-07,1,Default
L01741,C01509,22,Self-Employed,75515.97,567,31225.48,6.85,24,Vehicle,0.378,2023-02-08,0,Active
L04080,C01890,49,Self-Employed,35098.97,654,31014.72,5.14,36,Personal,0.589,2023-02-08,1,Default
L04050,C02467,21,Employed,52474.07,766,28418.4,3.0,36,Education,0.447,2023-02-10,0,Active
L00772,C03324,31,Employed,50106.84,688,25501.98,5.04,36,Vehicle,0.31,2023-02-10,0,Active
L01214,C00320,67,Employed,33645.55,719,58533.5,3.0,60,Personal,0.7,2023-02-11,0,Active
L04488,C01996,44,Employed,54336.13,702,42739.02,5.32,24,Personal,0.5,2023-02-11,0,Active
L00424,C00302,68,Self-Employed,67044.66,754,55489.89,3.0,60,Personal,0.604,2023-02-11,1,Default
L03161,C00783,55,Employed,44847.5,633,18325.65,5.5,48,Home Improvement,0.339,2023-02-12,0,Active
L02311,C01749,42,Self-Employed,37801.92,749,25875.46,3.0,60,Home Improvement,0.348,2023-02-12,0,Active
L02794,C02335,42,Employed,58728.91,818,18018.85,3.0,60,Personal,0.239,2023-02-13,0,Active
L02102,C00974,32,Self-Employed,78404.64,654,12258.12,6.98,24,Personal,0.149,2023-02-13,0,Active
L03109,C00563,23,Unemployed,71871.88,574,95213.37,7.45,48,Home Improvement,0.7,2023-02-13,1,Default
L02511,C01988,62,Employed,72262.51,533,16365.8,9.3,48,Debt Consolidation,0.397,2023-02-13,0,Active
L02878,C00134,35,Employed,44648.13,828,64682.16,3.0,48,Debt Consolidation,0.7,2023-02-14,0,Active
L01699,C00365,31,Employed,47593.27,705,10353.91,4.21,36,Vehicle,0.251,2023-02-14,0,Active
L00044,C03006,37,Employed,40721.92,667,25051.94,3.0,36,Vehicle,0.456,2023-02-14,1,Default
L01060,C02095,45,Employed,58717.97,747,11617.83,3.0,60,Home Improvement,0.294,2023-02-15,0,Active
L02948,C02393,42,Unemployed,27801.59,705,26126.08,3.94,48,Education,0.508,2023-02-15,0,Active
L03911,C03334,31,Self-Employed,27583.03,525,47226.65,8.74,24,Education,0.7,2023-02-15,1,Default
L01373,C02350,40,Employed,70490.81,631,39699.31,4.42,48,Debt Consolidation,0.439,2023-02-15,1,Default
L01665,C03068,52,Employed,30584.64,512,21056.08,7.63,60,Debt Consolidation,0.405,2023-02-15,0,Active
L03652,C00269,67,Unemployed,35259.82,737,18132.68,3.79,24,Personal,0.406,2023-02-15,0,Active
L03764,C02455,21,Employed,44395.18,726,19872.86,4.0,36,Personal,0.438,2023-02-16,0,Active
L02297,C02921,53,Employed,26277.06,723,26594.48,3.68,60,Vehicle,0.692,2023-02-16,0,Active
L02182,C00607,40,Self-Employed,25158.54,686,6863.82,4.94,48,Debt Consolidation,0.224,2023-02-16,0,Active
L01742,C02422,32,Employed,153045.02,649,48603.67,6.34,24,Personal,0.277,2023-02-16,0,Active
L00783,C03198,45,Employed,52287.13,671,27516.48,3.95,36,Personal,0.323,2023-02-16,0,Active
L04196,C00341,54,Employed,40298.84,669,32729.13,5.27,60,Vehicle,0.497,2023-02-16,0,Active
L04610,C02152,66,Employed,62758.95,779,40214.56,3.0,24,Home Improvement,0.499,2023-02-16,0,Active
L02097,C01099,50,Employed,64426.43,512,35203.83,8.9,60,Personal,0.421,2023-02-16,1,Default
L00859,C02780,35,Employed,47340.19,649,17862.7,5.67,60,Home Improvement,0.225,2023-02-16,0,Active
L04583,C02101,34,Employed,30196.29,785,62476.03,3.0,36,Home Improvement,0.7,2023-02-17,0,Active
L00013,C02136,45,Employed,33560.68,679,16822.46,3.0,72,Education,0.454,2023-02-17,0,Active
L00031,C03386,67,Self-Employed,54113.95,684,27997.26,3.88,12,Personal,0.434,2023-02-17,0,Active
L04025,C01843,51,Employed,29949.03,738,24341.43,3.0,24,Personal,0.473,2023-02-17,0,Active
L02641,C02692,67,Employed,88868.06,650,12414.71,7.18,12,Education,0.115,2023-02-17,0,Active
L04496,C02011,49,Unemployed,78188.37,572,36027.0,7.73,24,Vehicle,0.341,2023-02-17,0,Active
L03698,C01699,44,Employed,47268.28,687,63564.0,3.39,60,Debt Consolidation,0.7,2023-02-17,0,Active
L00426,C00607,65,Employed,27358.17,677,7380.4,5.26,60,Debt Consolidation,0.188,2023-02-17,0,Active
L03545,C01855,65,Employed,84607.38,656,11199.73,5.04,48,Personal,0.31,2023-02-17,0,Active
L00383,C00470,65,Employed,32743.81,697,20252.01,3.25,36,Personal,0.431,2023-02-17,0,Active
L00743,C03302,49,Unemployed,42618.83,596,27034.56,5.93,36,Education,0.435,2023-02-18,1,Default
L01667,C01387,36,Self-Employed,58657.22,538,9816.12,8.61,60,Vehicle,0.335,2023-02-18,1,Default
L03623,C02534,60,Self-Employed,87774.74,628,16579.45,7.38,36,Personal,0.23,2023-02-18,1,Default
L02200,C03118,58,Self-Employed,63441.92,597,15403.86,5.32,24,Debt Consolidation,0.149,2023-02-18,0,Active
L02178,C02014,39,Self-Employed,33627.0,562,22753.71,6.05,36,Vehicle,0.414,2023-02-18,0,Active
L02767,C00160,69,Employed,62712.97,737,26864.68,3.43,36,Vehicle,0.367,2023-02-18,0,Active
L01242,C01944,45,Employed,67232.27,678,17873.91,4.07,60,Vehicle,0.196,2023-02-18,0,Active
L03941,C01214,68,Employed,76370.1,670,29328.63,4.88,36,Home Improvement,0.326,2023-02-18,0,Active
L01384,C02731,21,Employed,65967.2,638,21704.59,5.68,48,Vehicle,0.363,2023-02-19,0,Active
L00121,C02696,48,Employed,43038.87,517,104792.95,8.28,72,Debt Consolidation,0.7,2023-02-19,0,Active
L04956,C01639,44,Unemployed,72583.88,675,20463.67,3.76,36,Debt Consolidation,0.289,2023-02-19,0,Active
L03242,C02177,41,Employed,25512.11,735,37574.43,3.4,36,Personal,0.7,2023-02-19,0,Active
L03201,C02251,28,Employed,71663.6,524,27129.85,8.64,36,Debt Consolidation,0.36,2023-02-20,0,Active
L03269,C02650,53,Employed,92488.77,704,19365.37,3.0,36,Personal,0.291,2023-02-21,0,Active
L00512,C03052,21,Unemployed,40189.58,709,22396.16,3.0,24,Personal,0.463,2023-02-21,1,Default
L03388,C01643,51,Employed,37271.58,653,76523.16,5.39,36,Debt Consolidation,0.7,2023-02-21,0,Active
L02362,C02885,41,Employed,120874.92,784,36369.05,3.0,36,Education,0.242,2023-02-22,0,Active
L03262,C02160,54,Employed,54281.11,656,11601.08,4.21,60,Vehicle,0.096,2023-02-22,0,Active
L01371,C00815,55,Self-Employed,41370.14,746,13995.95,4.01,36,Home Improvement,0.337,2023-02-22,0,Active
L00322,C01017,53,Employed,47137.27,744,26593.4,3.0,60,Vehicle,0.468,2023-02-22,0,Active
L02530,C02829,55,Employed,54224.96,668,20613.91,4.96,60,Vehicle,0.377,2023-02-22,0,Active
L03334,C00664,27,Employed,73376.73,577,16086.26,7.04,24,Debt Consolidation,0.227,2023-02-22,1,Default
L03438,C01366,45,Employed,42447.2,632,98074.59,7.23,48,Personal,0.7,2023-02-22,0,Active
L02270,C00874,30,Employed,31678.12,695,40531.71,3.7,48,Personal,0.7,2023-02-23,0,Active
L00869,C02037,50,Employed,41724.51,671,24224.57,4.17,36,Home Improvement,0.465,2023-02-23,0,Active
L04226,C00999,56,Self-Employed,31562.94,600,26806.87,7.63,36,Personal,0.619,2023-02-23,1,Default
L00485,C01116,44,Self-Employed,54544.12,677,24554.84,4.85,72,Home Improvement,0.525,2023-02-24,1,Default
L00920,C02757,48,Self-Employed,71071.28,583,23966.82,7.38,72,Debt Consolidation,0.345,2023-02-24,0,Active
L04183,C01933,54,Employed,36589.05,770,21586.59,3.0,60,Home Improvement,0.412,2023-02-24,0,Active
L02525,C00575,61,Employed,78806.97,772,22263.99,4.25,48,Vehicle,0.377,2023-02-25,0,Active
L01974,C01773,31,Self-Employed,71346.08,724,67422.3,4.01,60,Home Improvement,0.543,2023-02-26,0,Active
L04067,C01820,31,Self-Employed,18802.97,792,22758.18,3.0,36,Debt Consolidation,0.63,2023-02-26,0,Active
L03951,C00704,22,Employed,48644.34,646,74545.44,4.32,36,Debt Consolidation,0.7,2023-02-26,0,Active
L02781,C01196,58,Unemployed,92854.97,710,22422.59,3.18,48,Personal,0.194,2023-02-26,0,Active
L03980,C00456,39,Self-Employed,97527.43,681,17294.37,4.92,24,Debt Consolidation,0.214,2023-02-26,0,Active
L04894,C03375,59,Employed,46357.66,612,31173.11,5.62,36,Education,0.555,2023-02-26,0,Active
L01844,C00376,52,Employed,78409.38,553,34515.5,6.91,36,Debt Consolidation,0.319,2023-02-26,0,Active
L02638,C01682,28,Employed,133543.16,719,36371.0,4.15,48,Vehicle,0.383,2023-02-27,0,Active
L00966,C02815,29,Self-Employed,71736.06,688,10394.06,4.48,60,Vehicle,0.226,2023-02-27,0,Active
L03929,C01315,42,Self-Employed,23987.47,669,73329.38,5.77,48,Personal,0.7,2023-02-27,1,Default
L04309,C02528,49,Self-Employed,22458.79,692,10945.39,3.26,24,Vehicle,0.281,2023-02-27,1,Default
L03433,C02974,51,Employed,98117.03,589,9437.01,6.09,60,Education,0.327,2023-02-27,1,Default
L02590,C03365,21,Employed,25280.57,680,49105.09,4.07,48,Vehicle,0.7,2023-02-27,0,Active
L03580,C01578,58,Unemployed,56802.95,624,46653.35,4.93,72,Debt Consolidation,0.464,2023-02-28,1,Default
L03775,C01683,38,Employed,43037.48,658,28174.85,3.42,60,Debt Consolidation,0.496,2023-02-28,0,Active
L02742,C01126,38,Employed,75057.74,612,62802.53,7.34,60,Vehicle,0.486,2023-03-01,0,Active
L01022,C03446,49,Employed,34165.55,738,12347.48,3.0,36,Vehicle,0.249,2023-03-01,0,Active
L03811,C00934,24,Self-Employed,22269.59,700,55194.74,3.2,60,Home Improvement,0.7,2023-03-01,0,Active
L04653,C02205,46,Employed,63036.69,677,15245.54,5.51,12,Home Improvement,0.265,2023-03-02,0,Active
L00456,C00785,35,Employed,61178.86,801,29220.12,3.0,48,Personal,0.346,2023-03-02,0,Active
L01470,C01087,42,Self-Employed,76857.25,698,19924.68,3.4,60,Personal,0.298,2023-03-02,0,Active
L01018,C03255,23,Employed,47715.64,680,23561.27,5.24,36,Vehicle,0.383,2023-03-02,0,Active
L01749,C00489,52,Employed,42608.41,706,96412.83,3.66,12,Home Improvement,0.7,2023-03-02,0,Active
L00786,C00754,42,Self-Employed,25894.22,732,35275.91,4.11,36,Personal,0.7,2023-03-02,0,Active
L02773,C00067,29,Employed,35980.97,699,34939.19,3.0,48,Debt Consolidation,0.7,2023-03-03,0,Active
L00574,C01093,51,Self-Employed,24683.8,706,21941.47,4.4,60,Education,0.604,2023-03-03,0,Active
L03309,C03092,54,Employed,44232.16,707,20183.7,4.89,24,Debt Consolidation,0.346,2023-03-03,0,Active
L02148,C00693,48,Employed,59279.45,575,32767.31,7.53,60,Education,0.39,2023-03-03,0,Active
L04016,C00332,22,Self-Employed,48046.8,603,11831.95,6.42,48,Home Improvement,0.28,2023-03-03,0,Active
L01091,C00526,67,Employed,111158.77,667,82487.6,3.0,48,Home Improvement,0.425,2023-03-03,0,Active
L04217,C02557,40,Employed,46821.59,580,43328.38,6.11,24,Debt Consolidation,0.443,2023-03-03,1,Default
L02236,C01987,48,Employed,59932.02,727,39982.5,3.0,72,Debt Consolidation,0.462,2023-03-03,1,Default
L02751,C00353,38,Self-Employed,48199.6,630,28619.74,5.79,36,Debt Consolidation,0.408,2023-03-04,0,Active
L03183,C01246,62,Employed,45609.44,625,18815.07,5.73,72,Debt Consolidation,0.308,2023-03-04,0,Active
L02070,C00763,50,Employed,35613.92,722,29905.94,3.49,48,Personal,0.622,2023-03-04,0,Active
L03699,C01716,55,Unemployed,31027.71,743,14681.82,3.0,72,Vehicle,0.234,2023-03-04,0,Active
L02615,C00715,55,Employed,43292.87,783,30040.27,3.0,60,Vehicle,0.385,2023-03-04,0,Active
L01080,C00639,60,Employed,55486.29,651,51052.16,5.94,48,Home Improvement,0.491,2023-03-04,0,Active
L03069,C00759,46,Self-Employed,45882.3,605,34869.29,4.93,24,Personal,0.488,2023-03-05,1,Default
L00999,C00797,58,Employed,38500.61,770,20101.57,3.0,36,Education,0.275,2023-03-05,0,Active
L00507,C02661,46,Employed,118061.62,724,19066.19,3.1,60,Debt Consolidation,0.201,2023-03-06,0,Active
L02352,C02800,62,Employed,39490.58,655,30022.9,4.75,48,Personal,0.576,2023-03-06,0,Active
L00126,C02641,61,Employed,77458.53,650,29722.24,5.34,36,Home Improvement,0.422,2023-03-07,0,Active
L04506,C00523,42,Employed,36945.33,599,35841.84,6.03,60,Home Improvement,0.7,2023-03-07,1,Default
L02653,C03313,54,Employed,62324.65,682,27380.79,4.42,12,Vehicle,0.373,2023-03-07,1,Default
L00404,C03068,61,Employed,42271.36,615,17879.35,6.87,60,Education,0.425,2023-03-08,0,Active
L01828,C00245,25,Employed,42139.71,670,31174.39,5.21,48,Home Improvement,0.499,2023-03-08,0,Active
L02777,C03331,26,Employed,77750.5,675,11262.25,4.2,12,Vehicle,0.286,2023-03-08,1,Default
L02492,C01519,59,Employed,71092.57,612,62347.25,3.62,36,Education,0.469,2023-03-08,0,Active
L03640,C02592,29,Employed,36359.09,812,55348.4,3.0,36,Personal,0.7,2023-03-09,0,Active
L04424,C00660,39,Employed,87249.58,688,15893.35,4.34,72,Debt Consolidation,0.129,2023-03-09,0,Active
L01430,C02292,49,Employed,52125.44,568,16903.18,5.79,72,Debt Consolidation,0.236,2023-03-10,0,Active
L00144,C00503,49,Employed,44248.51,602,29309.28,6.79,36,Education,0.445,2023-03-10,0,Active
L03909,C01793,37,Self-Employed,65179.36,539,13245.02,9.02,12,Vehicle,0.235,2023-03-11,0,Active
L03790,C00083,65,Employed,45180.83,787,20083.17,3.54,48,Education,0.212,2023-03-11,0,Active
L04623,C00665,44,Employed,38825.64,657,20551.04,5.9,72,Personal,0.462,2023-03-11,0,Active
L02523,C01010,36,Employed,39649.38,623,59793.29,6.35,48,Debt Consolidation,0.7,2023-03-12,1,Default
L04313,C00683,38,Employed,52301.67,745,28485.48,3.51,36,Personal,0.398,2023-03-12,0,Active
L04893,C02247,31,Employed,36166.44,698,22943.03,4.22,60,Vehicle,0.485,2023-03-12,0,Active
L01860,C02235,45,Employed,69379.86,706,17906.41,3.53,48,Vehicle,0.264,2023-03-13,0,Active
L04154,C00542,37,Employed,34737.0,743,10290.16,3.0,36,Education,0.282,2023-03-14,0,Active
L01905,C01597,47,Employed,43726.88,591,30154.87,7.21,24,Home Improvement,0.478,2023-03-14,0,Active
L03435,C00876,36,Employed,54314.92,759,32687.26,3.0,60,Home Improvement,0.397,2023-03-14,0,Active
L00396,C00226,69,Employed,73049.91,686,52374.26,6.05,60,Vehicle,0.507,2023-03-14,0,Active
L03939,C01326,35,Employed,33175.83,742,15057.6,3.6,24,Home Improvement,0.333,2023-03-14,0,Active
L02057,C02449,51,Employed,58338.37,705,28401.26,5.2,36,Personal,0.445,2023-03-14,0,Active
L00471,C02876,21,Employed,62750.14,729,27453.22,5.27,60,Personal,0.263,2023-03-15,0,Active
L01366,C02920,63,Employed,80216.5,765,10576.11,3.0,60,Debt Consolidation,0.203,2023-03-16,0,Active
L04795,C03424,58,Employed,35192.78,781,14636.77,3.0,72,Personal,0.292,2023-03-16,0,Active
L03207,C02582,68,Employed,45251.44,586,13724.44,6.64,36,Home Improvement,0.312,2023-03-16,0,Active
L01386,C00356,52,Employed,45768.76,696,21122.38,3.04,60,Vehicle,0.236,2023-03-16,1,Default
L04797,C00495,40,Employed,18615.05,735,30285.43,3.56,48,Education,0.7,2023-03-17,0,Active
L00034,C00748,37,Employed,57295.82,749,23802.86,3.0,60,Vehicle,0.348,2023-03-17,0,Active
L03216,C01431,42,Self-Employed,98273.91,620,44157.62,4.36,12,Vehicle,0.436,2023-03-17,0,Active
L03185,C02545,42,Employed,63244.28,555,15981.05,6.89,36,Vehicle,0.258,2023-03-18,0,Active
L01379,C03282,60,Unemployed,34731.67,681,34573.0,6.11,36,Education,0.683,2023-03-18,0,Active
L00110,C02236,53,Unemployed,37001.05,716,18003.16,3.0,72,Home Improvement,0.444,2023-03-19,0,Active
L00568,C01680,50,Self-Employed,47182.16,791,21015.11,3.0,36,Vehicle,0.352,2023-03-19,0,Active
L04282,C01971,27,Employed,118399.19,652,11862.91,4.47,48,Education,0.166,2023-03-20,0,Active
L01497,C01395,43,Employed,51968.63,651,18881.73,4.56,36,Vehicle,0.404,2023-03-20,0,Active
L00505,C03051,63,Employed,82845.92,685,20346.88,4.27,24,Home Improvement,0.136,2023-03-20,0,Active
L03571,C03098,41,Employed,102422.74,738,12375.01,3.0,24,Vehicle,0.261,2023-03-20,0,Active
L04343,C00141,65,Unemployed,51536.48,619,32271.41,6.63,24,Vehicle,0.407,2023-03-20,1,Default
L02286,C01928,44,Employed,37281.41,701,15234.87,3.69,12,Debt Consolidation,0.25,2023-03-20,0,Active
L04552,C01879,65,Employed,51259.96,639,22782.01,6.18,24,Personal,0.375,2023-03-20,0,Active
L04407,C01557,38,Unemployed,47918.18,705,11615.71,4.13,60,Education,0.409,2023-03-21,0,Active
L01031,C03267,24,Self-Employed,120958.09,673,21345.17,4.7,36,Home Improvement,0.314,2023-03-21,0,Active
L00029,C01185,26,Employed,27938.83,695,26029.06,5.39,48,Vehicle,0.519,2023-03-21,0,Active
L03862,C03273,67,Employed,58613.99,578,7146.02,7.27,36,Personal,0.263,2023-03-21,0,Active
L04090,C00360,40,Unemployed,22792.73,700,7922.43,3.79,48,Vehicle,0.278,2023-03-21,0,Active
L00053,C00647,46,Employed,86154.21,650,29724.89,4.09,24,Personal,0.346,2023-03-21,0,Active
L03155,C01312,41,Employed,34092.68,656,12922.69,4.64,36,Personal,0.414,2023-03-22,0,Active
L01220,C02027,43,Employed,43461.79,703,28410.47,3.89,48,Vehicle,0.542,2023-03-22,0,Active
L01724,C02572,33,Employed,54701.24,706,10496.71,3.0,48,Education,0.251,2023-03-22,0,Active
L04459,C02257,46,Self-Employed,28483.06,632,69944.48,6.23,12,Personal,0.7,2023-03-23,1,Default
L04447,C01099,36,Employed,70795.7,763,17842.75,3.0,36,Education,0.234,2023-03-23,0,Active
L03054,C00017,59,Employed,47751.83,633,21004.37,4.61,60,Personal,0.375,2023-03-23,0,Active
L01471,C01725,26,Employed,27718.11,636,31332.56,5.37,60,Personal,0.588,2023-03-23,0,Active
L04848,C02766,68,Employed,29053.48,705,27099.18,5.24,60,Home Improvement,0.633,2023-03-23,0,Active
L00145,C02455,40,Employed,28139.8,612,15200.22,5.22,36,Vehicle,0.45,2023-03-24,0,Active
L03011,C00901,57,Self-Employed,60246.64,718,36574.79,3.0,24,Personal,0.439,2023-03-24,0,Active
L00870,C02509,49,Employed,58915.54,667,13646.27,3.43,36,Education,0.143,2023-03-24,0,Active
L04245,C01511,42,Employed,48208.97,803,49212.28,3.0,12,Debt Consolidation,0.554,2023-03-24,0,Active
L00650,C00617,66,Employed,92425.39,765,12272.27,3.0,48,Personal,0.256,2023-03-24,0,Active
L02969,C00609,44,Self-Employed,37844.2,720,29573.57,3.7,60,Debt Consolidation,0.602,2023-03-24,0,Active
L04684,C02555,36,Employed,58940.6,597,12455.45,6.04,36,Debt Consolidation,0.206,2023-03-25,0,Active
L01551,C00452,47,Employed,76775.76,764,21810.86,3.0,12,Personal,0.298,2023-03-25,0,Active
L00810,C00134,50,Employed,24456.5,652,118423.02,4.68,48,Home Improvement,0.7,2023-03-25,0,Active
L00964,C02449,33,Employed,30455.49,644,22141.33,4.4,36,Personal,0.507,2023-03-25,0,Active
L01691,C03384,27,Self-Employed,37879.25,578,19446.02,6.53,48,Vehicle,0.49,2023-03-25,0,Active
L00683,C02915,26,Employed,31779.26,778,14872.53,3.0,48,Home Improvement,0.267,2023-03-25,1,Default
L03038,C01588,28,Self-Employed,71765.24,678,94679.2,5.33,36,Education,0.7,2023-03-25,0,Active
L04664,C01128,45,Employed,48262.2,677,6458.9,3.36,36,Vehicle,0.235,2023-03-25,0,Active
L02225,C01710,43,Employed,57614.1,591,13347.75,8.93,60,Debt Consolidation,0.292,2023-03-25,0,Active
L00423,C02545,67,Employed,60704.18,728,38502.99,4.35,60,Education,0.332,2023-03-25,0,Active
L04444,C03362,39,Employed,46344.94,707,39760.3,3.0,48,Debt Consolidation,0.566,2023-03-26,0,Active
L01550,C02539,46,Employed,42005.69,639,34832.39,6.9,72,Education,0.597,2023-03-26,1,Default
L01787,C00131,34,Unemployed,39418.86,624,30953.93,5.43,48,Debt Consolidation,0.524,2023-03-26,0,Active
L03250,C01248,68,Unemployed,139641.31,655,41417.35,4.86,60,Home Improvement,0.285,2023-03-27,0,Active
L01136,C03441,69,Employed,96391.58,695,12502.86,4.41,48,Debt Consolidation,0.138,2023-03-27,0,Active
L04404,C01694,59,Employed,29175.65,698,21986.76,5.31,12,Personal,0.537,2023-03-27,1,Default
L01029,C03267,59,Employed,82035.07,667,27425.91,5.54,60,Debt Consolidation,0.34,2023-03-27,0,Active
L03731,C01684,27,Employed,70663.56,569,39580.61,7.47,24,Debt Consolidation,0.241,2023-03-27,0,Active
L00976,C03494,59,Employed,62733.25,594,35155.66,7.24,12,Home Improvement,0.505,2023-03-27,0,Active
L00864,C02550,59,Employed,32871.66,600,13457.23,6.88,72,Vehicle,0.425,2023-03-28,0,Active
L02746,C02669,63,Employed,128858.6,656,33560.68,3.93,36,Vehicle,0.223,2023-03-28,0,Active
L04003,C02898,38,Employed,79461.37,638,16859.78,5.44,24,Education,0.066,2023-03-28,1,Default
L00883,C01945,35,Self-Employed,84995.27,764,25665.03,3.0,60,Home Improvement,0.353,2023-03-28,0,Active
L03091,C03457,41,Self-Employed,45176.34,605,26552.71,5.83,60,Debt Consolidation,0.396,2023-03-29,0,Active
L01341,C01901,55,Employed,47600.75,673,109763.41,3.64,72,Vehicle,0.7,2023-03-29,0,Active
L03252,C00874,47,Employed,19622.66,770,9049.65,3.0,24,Personal,0.304,2023-03-29,0,Active
L01466,C00689,61,Employed,45995.07,782,53314.38,3.0,36,Personal,0.698,2023-03-29,0,Active
L00684,C00873,45,Employed,108600.48,627,29814.58,6.83,36,Vehicle,0.337,2023-03-29,0,Active
L01311,C01647,35,Employed,55675.15,699,150000.0,5.07,60,Debt Consolidation,0.7,2023-03-29,1,Default
L02620,C00470,23,Employed,49582.39,685,39543.81,5.25,36,Home Improvement,0.582,2023-03-29,0,Active
L01111,C02076,60,Self-Employed,70806.77,565,11310.04,5.42,72,Education,0.28,2023-03-30,0,Active
L03248,C03176,52,Self-Employed,28768.07,579,82702.07,7.94,12,Personal,0.7,2023-03-30,1,Default
L02923,C03245,54,Employed,53094.45,681,26243.68,5.01,48,Personal,0.294,2023-03-30,0,Active
L00878,C01618,40,Employed,39020.12,749,33639.76,3.84,60,Debt Consolidation,0.606,2023-03-30,0,Active
L04590,C03210,29,Employed,27649.28,671,31939.1,4.74,24,Personal,0.7,2023-03-31,1,Default
L01347,C03229,45,Self-Employed,45255.08,786,19270.89,3.0,60,Debt Consolidation,0.318,2023-03-31,0,Active
L01619,C03307,56,Employed,27315.32,673,18847.5,4.98,72,Debt Consolidation,0.543,2023-03-31,0,Active
L00376,C01219,47,Employed,59370.6,593,14469.38,8.13,60,Personal,0.364,2023-03-31,0,Active
L02047,C02964,63,Employed,55909.78,767,24292.63,3.0,36,Personal,0.344,2023-03-31,0,Active
L03331,C01902,32,Employed,45604.6,755,12663.85,3.01,60,Personal,0.376,2023-03-31,0,Active
L00032,C00022,43,Self-Employed,83924.49,553,19353.49,7.07,36,Vehicle,0.209,2023-04-01,0,Active
L03594,C02316,51,Employed,43994.03,727,20755.92,3.0,60,Vehicle,0.478,2023-04-01,0,Active
L02091,C02445,42,Employed,61144.91,670,44559.21,5.83,48,Home Improvement,0.543,2023-04-01,0,Active
L01271,C02899,57,Unemployed,28404.61,736,13219.45,3.51,36,Debt Consolidation,0.337,2023-04-02,1,Default
L03568,C03049,69,Employed,61828.08,612,63711.0,6.66,24,Debt Consolidation,0.61,2023-04-02,0,Active
L02622,C01826,55,Unemployed,26018.5,609,56040.38,4.35,48,Debt Consolidation,0.7,2023-04-02,0,Active
L01219,C02893,32,Self-Employed,28579.88,682,27056.31,3.57,36,Vehicle,0.631,2023-04-03,0,Active
L00793,C00895,60,Employed,50628.75,643,49480.67,6.68,60,Vehicle,0.605,2023-04-03,0,Active
L02382,C03235,26,Employed,38889.87,609,16414.08,6.67,36,Debt Consolidation,0.234,2023-04-03,0,Active
L00884,C02498,57,Employed,26143.69,592,17568.77,6.18,72,Education,0.27,2023-04-03,0,Active
L01248,C00236,63,Employed,70034.82,713,61206.18,4.21,12,Home Improvement,0.532,2023-04-03,0,Active
L04756,C01276,57,Employed,33138.7,628,22483.97,4.97,36,Personal,0.471,2023-04-04,0,Active
L03133,C03454,40,Self-Employed,27943.04,690,27308.1,4.19,36,Personal,0.558,2023-04-04,0,Active
L00253,C00855,58,Self-Employed,72780.0,627,15048.88,8.52,36,Education,0.357,2023-04-04,0,Active
L02739,C02350,44,Employed,88121.41,691,108151.02,6.33,60,Personal,0.7,2023-04-04,0,Active
L00659,C00729,35,Employed,47677.04,665,50371.17,4.24,48,Personal,0.671,2023-04-04,0,Active
L01293,C02713,59,Unemployed,50568.27,742,25214.25,3.33,36,Debt Consolidation,0.236,2023-04-05,0,Active
L03127,C02377,60,Self-Employed,24229.39,794,25653.48,3.0,36,Vehicle,0.7,2023-04-05,0,Active
L04969,C01535,63,Unemployed,36480.79,603,66115.6,7.46,72,Vehicle,0.7,2023-04-05,1,Default
L04751,C01692,37,Employed,55332.37,629,17184.01,5.52,12,Debt Consolidation,0.346,2023-04-05,1,Default
L01786,C01122,42,Employed,24680.82,663,24431.5,5.85,12,Debt Consolidation,0.597,2023-04-06,0,Active
L01109,C01655,21,Employed,22235.15,658,50771.51,5.31,36,Vehicle,0.7,2023-04-06,0,Active
L01580,C01410,30,Unemployed,35734.86,565,7895.57,8.19,48,Debt Consolidation,0.352,2023-04-06,1,Default
L02399,C01629,56,Unemployed,35069.3,615,27022.43,7.08,36,Debt Consolidation,0.548,2023-04-06,0,Active
L03604,C00559,40,Employed,18742.19,666,28507.12,4.27,12,Debt Consolidation,0.7,2023-04-07,0,Active
L01851,C00705,49,Employed,90304.59,705,31391.06,3.22,48,Debt Consolidation,0.27,2023-04-07,0,Active
L03470,C00672,47,Employed,52170.4,695,14962.18,3.42,60,Personal,0.312,2023-04-07,0,Active
L00346,C01649,24,Employed,82497.72,725,20573.52,3.64,72,Debt Consolidation,0.268,2023-04-07,0,Active
L02961,C01353,60,Self-Employed,20089.46,637,4133.75,6.15,60,Debt Consolidation,0.241,2023-04-07,0,Active
L01618,C01302,67,Employed,52939.99,722,30643.46,4.16,60,Debt Consolidation,0.42,2023-04-07,0,Active
L01252,C00376,43,Employed,63033.36,714,22225.71,3.34,36,Personal,0.392,2023-04-08,0,Active
L00691,C01366,58,Self-Employed,49520.78,761,20359.61,3.0,60,Debt Consolidation,0.456,2023-04-08,0,Active
L01599,C01304,26,Employed,58071.02,637,29433.05,4.6,36,Education,0.493,2023-04-08,0,Active
L03151,C00781,37,Self-Employed,100144.64,768,30452.84,3.0,60,Debt Consolidation,0.299,2023-04-08,0,Active
L02554,C03137,47,Employed,42256.65,745,22699.0,3.0,60,Personal,0.43,2023-04-08,0,Active
L00588,C00551,55,Employed,66418.82,778,50228.01,3.0,24,Education,0.558,2023-04-08,0,Active
L03022,C00672,52,Employed,27254.58,674,38833.31,4.56,72,Personal,0.7,2023-04-08,1,Default
L03705,C01338,40,Self-Employed,37159.93,689,150000.0,3.0,60,Personal,0.7,2023-04-09,0,Active
L00241,C03458,39,Employed,60888.44,703,58224.05,3.25,48,Education,0.594,2023-04-09,0,Active
L01331,C00517,55,Employed,53037.28,714,7803.28,4.47,60,Personal,0.363,2023-04-09,0,Active
L02989,C02045,40,Employed,43135.71,693,17381.72,3.33,60,Debt Consolidation,0.281,2023-04-09,0,Active
L01119,C02860,52,Employed,36556.23,637,65132.85,5.31,60,Education,0.7,2023-04-09,0,Active
L04156,C02170,65,Employed,90334.92,735,35695.07,3.63,48,Home Improvement,0.354,2023-04-10,0,Active
L04179,C00068,37,Self-Employed,43597.8,736,23980.15,3.76,12,Debt Consolidation,0.453,2023-04-10,0,Active
L00537,C01975,28,Employed,49361.05,664,32692.18,5.49,48,Personal,0.405,2023-04-10,1,Default
L04390,C01314,23,Employed,59644.48,628,26455.48,5.07,48,Personal,0.275,2023-04-10,0,Active
L03102,C01675,43,Employed,35773.42,757,23342.64,3.0,48,Debt Consolidation,0.508,2023-04-10,0,Active
L01639,C03225,49,Employed,44824.82,591,30737.16,7.62,60,Education,0.4,2023-04-11,0,Active
L04479,C01476,21,Self-Employed,69017.66,625,54671.28,7.26,36,Vehicle,0.55,2023-04-12,0,Active
L04732,C02350,63,Employed,86287.61,780,42131.83,3.0,24,Vehicle,0.4,2023-04-12,0,Active
L03317,C02746,39,Self-Employed,55713.61,687,24326.04,5.26,36,Debt Consolidation,0.365,2023-04-12,0,Active
L01821,C03111,35,Self-Employed,35879.92,695,29239.71,3.04,36,Debt Consolidation,0.451,2023-04-12,0,Active
L00651,C03268,33,Employed,64969.93,657,26717.23,6.64,48,Debt Consolidation,0.322,2023-04-12,0,Active
L01843,C01166,43,Employed,35404.57,643,10428.56,6.13,48,Debt Consolidation,0.257,2023-04-12,0,Active
L03546,C02609,64,Unemployed,77930.24,669,19909.23,4.7,60,Vehicle,0.319,2023-04-13,0,Active
L03441,C00163,54,Employed,31869.8,658,16370.67,3.0,72,Home Improvement,0.425,2023-04-13,1,Default
L03524,C00853,43,Employed,41724.28,676,10156.51,4.29,36,Personal,0.265,2023-04-13,0,Active
L01171,C00229,68,Unemployed,56603.54,587,18507.7,7.28,36,Education,0.347,2023-04-13,0,Active
L02784,C01233,69,Unemployed,37798.71,631,25397.05,4.14,48,Personal,0.489,2023-04-13,0,Active
L02173,C00395,32,Employed,60367.12,845,39621.05,3.0,60,Home Improvement,0.357,2023-04-13,0,Active
L02071,C01251,42,Employed,90146.76,686,36037.1,5.26,36,Personal,0.351,2023-04-13,1,Default
L02524,C00704,44,Employed,50602.17,603,17536.26,4.16,36,Vehicle,0.397,2023-04-14,0,Active
L01950,C01626,48,Employed,69158.61,655,18636.03,4.94,48,Debt Consolidation,0.208,2023-04-14,0,Active
L02462,C03378,49,Employed,61072.15,727,40669.44,3.0,60,Vehicle,0.399,2023-04-14,0,Active
L04950,C02614,44,Employed,84168.65,624,27308.75,5.97,12,Debt Consolidation,0.228,2023-04-15,1,Default
L00947,C03144,60,Employed,50078.92,557,24663.38,8.49,60,Personal,0.433,2023-04-15,1,Default
L02970,C03332,29,Self-Employed,60384.28,660,15784.68,6.31,48,Vehicle,0.405,2023-04-15,0,Active
L04019,C02089,30,Employed,89830.49,508,6054.19,8.42,60,Home Improvement,0.134,2023-04-15,0,Active
L02740,C01604,69,Employed,51213.26,660,57649.14,5.57,60,Personal,0.586,2023-04-16,0,Active
L03588,C01202,49,Employed,55425.85,662,15090.46,5.6,48,Debt Consolidation,0.211,2023-04-16,1,Default
L02025,C02914,68,Employed,100564.19,748,13223.2,3.43,72,Personal,0.184,2023-04-16,0,Active
L04449,C01740,27,Employed,78603.77,553,14174.6,7.67,12,Vehicle,0.139,2023-04-16,1,Default
L03534,C00435,57,Employed,31052.3,671,13174.44,4.79,36,Debt Consolidation,0.364,2023-04-16,1,Default
L00605,C02817,46,Employed,41664.0,698,72152.23,4.67,72,Vehicle,0.7,2023-04-16,0,Active
L04614,C01723,25,Employed,74751.15,668,14718.68,5.76,72,Home Improvement,0.296,2023-04-16,0,Active
L01004,C01354,23,Unemployed,48990.15,565,45809.33,8.26,60,Vehicle,0.638,2023-04-17,0,Active
L00902,C00853,69,Employed,36200.57,608,10630.28,5.26,24,Home Improvement,0.281,2023-04-17,0,Active
L01364,C03326,35,Employed,34307.5,712,31628.79,3.41,24,Education,0.498,2023-04-17,0,Active
L00234,C03305,69,Self-Employed,57104.31,722,28741.78,4.24,60,Personal,0.502,2023-04-17,0,Active
L00626,C01637,31,Employed,56237.89,579,56964.55,6.42,60,Debt Consolidation,0.588,2023-04-17,0,Active
L02488,C02717,22,Employed,39949.33,681,45400.84,5.45,24,Education,0.655,2023-04-17,0,Active
L01622,C02714,39,Employed,139484.5,579,8070.42,7.23,36,Personal,0.252,2023-04-18,0,Active
L04881,C00709,34,Self-Employed,18000.0,799,36025.39,3.0,60,Home Improvement,0.7,2023-04-18,0,Active
L03848,C02316,37,Employed,39352.49,646,83447.69,5.61,60,Vehicle,0.7,2023-04-18,0,Active
L01477,C03213,68,Employed,121963.35,616,36400.5,6.56,48,Vehicle,0.334,2023-04-18,0,Active
L04234,C02047,63,Self-Employed,38448.2,805,29751.16,4.38,36,Vehicle,0.62,2023-04-19,0,Active
L00741,C02961,45,Employed,46490.67,731,23289.07,3.16,48,Vehicle,0.358,2023-04-19,0,Active
L03365,C00198,21,Employed,32237.26,805,18267.8,3.0,36,Home Improvement,0.444,2023-04-19,0,Active
L03081,C01440,32,Self-Employed,89921.57,708,43199.79,3.0,48,Debt Consolidation,0.341,2023-04-19,0,Active
L03304,C02990,43,Employed,18000.0,644,14119.2,5.58,72,Vehicle,0.337,2023-04-19,0,Active
L01444,C01203,26,Employed,106469.63,660,12726.09,4.36,48,Personal,0.169,2023-04-19,0,Active
L01814,C00759,37,Employed,53892.36,612,38818.26,5.0,36,Vehicle,0.471,2023-04-20,0,Active
L02051,C03396,38,Employed,51568.23,696,35916.81,4.44,48,Debt Consolidation,0.583,2023-04-20,0,Active
L01746,C02514,46,Employed,45753.13,519,14962.7,9.51,12,Education,0.206,2023-04-20,0,Active
L02611,C01148,56,Employed,61836.03,701,33337.06,3.0,48,Home Improvement,0.564,2023-04-20,0,Active
L04301,C02491,38,Employed,46302.81,682,8326.85,3.95,36,Education,0.147,2023-04-20,0,Active
L01258,C03392,55,Employed,53876.73,619,22415.0,5.75,36,Vehicle,0.227,2023-04-20,0,Active
L03290,C01044,46,Employed,122025.64,705,17187.03,3.82,36,Personal,0.222,2023-04-21,0,Active
L01019,C02896,32,Employed,36358.76,586,39828.07,5.58,72,Personal,0.621,2023-04-21,1,Default
L03548,C02080,64,Self-Employed,59552.06,749,11633.66,4.27,24,Debt Consolidation,0.222,2023-04-21,0,Active
L03144,C01802,43,Employed,85819.43,749,46493.52,3.0,24,Personal,0.418,2023-04-21,0,Active
L04592,C00387,43,Self-Employed,65420.47,518,86622.07,8.02,60,Debt Consolidation,0.608,2023-04-21,0,Active
L03015,C02010,45,Employed,93450.29,642,21220.88,5.69,36,Personal,0.147,2023-04-21,0,Active
L01913,C00003,65,Employed,19867.06,578,19956.44,6.28,12,Vehicle,0.489,2023-04-22,0,Active
L02405,C02181,45,Employed,43261.99,688,14202.0,4.97,60,Debt Consolidation,0.247,2023-04-22,0,Active
L04429,C01012,39,Employed,64549.99,646,21486.12,5.44,24,Vehicle,0.28,2023-04-22,0,Active
L00737,C03081,25,Employed,58133.44,612,9758.55,5.16,12,Home Improvement,0.238,2023-04-22,0,Active
L00952,C00438,35,Employed,75311.76,671,24796.27,6.93,60,Vehicle,0.244,2023-04-22,1,Default
L00028,C02325,59,Self-Employed,100074.07,728,6943.84,4.55,36,Personal,0.206,2023-04-22,1,Default
L00354,C01497,58,Employed,67055.84,764,6272.18,3.0,24,Debt Consolidation,0.156,2023-04-22,0,Active
L03055,C03192,48,Employed,32308.67,660,84367.95,4.1,60,Home Improvement,0.7,2023-04-23,0,Active
L04255,C02195,41,Self-Employed,71313.15,820,14072.05,3.0,24,Debt Consolidation,0.211,2023-04-23,0,Active
L00269,C03256,48,Employed,47060.97,700,37913.02,4.35,60,Vehicle,0.495,2023-04-23,0,Active
L04710,C02053,44,Self-Employed,18000.0,643,20425.98,6.94,60,Debt Consolidation,0.558,2023-04-23,1,Default
L01324,C03483,37,Employed,54792.84,719,11404.75,3.84,24,Personal,0.219,2023-04-23,0,Active
L00712,C03171,35,Employed,55476.43,576,27665.16,7.7,12,Personal,0.317,2023-04-23,0,Active
L02100,C03202,30,Self-Employed,30848.91,707,30805.06,5.23,48,Vehicle,0.606,2023-04-24,0,Active
L01685,C00055,48,Employed,61647.2,708,69410.4,3.01,12,Education,0.594,2023-04-24,0,Active
L01360,C03355,34,Employed,20924.6,672,63839.28,4.22,36,Education,0.7,2023-04-24,1,Default
L02062,C03192,68,Employed,26488.46,648,41517.25,6.3,36,Personal,0.7,2023-04-25,0,Active
L03287,C02180,69,Unemployed,45212.69,735,45811.31,3.0,12,Debt Consolidation,0.624,2023-04-25,1,Default
L00349,C00104,21,Employed,63679.82,704,46313.62,5.35,12,Personal,0.375,2023-04-25,0,Active
L00186,C02573,49,Employed,49214.72,559,56323.54,8.29,36,Home Improvement,0.689,2023-04-26,1,Default
L02048,C01888,47,Self-Employed,50969.98,682,9279.9,4.82,60,Personal,0.155,2023-04-26,1,Default
L01359,C01835,34,Employed,56826.15,746,24667.26,4.87,24,Debt Consolidation,0.392,2023-04-26,0,Active
L01309,C01472,62,Employed,67080.02,646,4721.51,5.79,36,Debt Consolidation,0.243,2023-04-27,0,Active
L02152,C02964,42,Employed,46800.43,690,55169.3,3.97,36,Vehicle,0.668,2023-04-27,0,Active
L01094,C00883,55,Unemployed,33341.97,724,22564.55,3.0,36,Education,0.401,2023-04-27,0,Active
L03206,C01369,40,Employed,68273.98,681,36901.28,3.66,48,Vehicle,0.272,2023-04-27,0,Active
L02516,C02000,31,Employed,42393.36,688,43198.55,3.81,48,Debt Consolidation,0.7,2023-04-27,0,Active
L04622,C01525,22,Employed,23992.52,582,44032.86,8.2,24,Debt Consolidation,0.7,2023-04-27,0,Active
L00418,C02147,57,Employed,29384.66,642,48459.05,6.12,36,Education,0.7,2023-04-28,0,Active
L03567,C03453,48,Unemployed,45853.33,665,24652.06,5.06,60,Education,0.435,2023-04-28,0,Active
L03508,C01688,36,Employed,30136.92,628,11794.63,6.0,36,Education,0.193,2023-04-28,0,Active
L02117,C01531,23,Employed,41697.86,542,15835.87,7.85,36,Personal,0.439,2023-04-28,0,Active
L01979,C02384,31,Employed,36733.51,639,16779.78,6.32,36,Home Improvement,0.234,2023-04-28,0,Active
L02418,C01957,53,Employed,42507.4,672,38889.08,3.44,36,Education,0.599,2023-04-28,0,Active
L01989,C03417,45,Employed,56415.42,680,8893.54,5.51,12,Debt Consolidation,0.238,2023-04-28,0,Active
L04687,C02315,65,Employed,65656.94,688,16442.91,4.68,48,Debt Consolidation,0.313,2023-04-28,0,Active
L02179,C01344,23,Self-Employed,50740.88,707,20038.21,5.17,60,Home Improvement,0.238,2023-04-29,0,Active
L02167,C01014,30,Self-Employed,35691.21,799,6479.65,3.0,60,Debt Consolidation,0.226,2023-04-29,0,Active
L04810,C02469,34,Employed,60471.87,689,12193.25,5.18,24,Personal,0.188,2023-04-29,1,Default
L04437,C01229,62,Employed,58750.34,730,16111.04,3.75,36,Education,0.211,2023-04-30,0,Active
L04913,C00112,29,Self-Employed,57864.89,693,37427.23,3.0,60,Home Improvement,0.516,2023-04-30,0,Active
L01668,C02867,66,Employed,59672.72,695,21164.95,5.11,48,Personal,0.383,2023-04-30,0,Active
L04398,C02781,62,Employed,54742.23,633,40092.06,5.81,36,Vehicle,0.653,2023-04-30,0,Active
L00918,C00476,51,Employed,34293.4,708,12905.58,5.85,36,Vehicle,0.225,2023-04-30,0,Active
L03251,C01856,62,Unemployed,41387.03,670,39867.79,5.66,72,Home Improvement,0.535,2023-04-30,0,Active
L03311,C03191,38,Employed,37475.79,732,20659.72,3.28,60,Vehicle,0.5,2023-05-01,0,Active
L03725,C02296,49,Employed,42521.26,621,17650.67,8.31,60,Personal,0.349,2023-05-02,0,Active
L04292,C01864,37,Self-Employed,35106.14,707,32499.41,4.01,24,Vehicle,0.567,2023-05-02,1,Default
L00152,C01571,46,Employed,46894.71,729,20517.38,3.05,24,Home Improvement,0.331,2023-05-02,0,Active
L04776,C01284,60,Self-Employed,35863.92,652,8334.76,4.48,60,Home Improvement,0.325,2023-05-02,1,Default
L04256,C00666,37,Self-Employed,74271.62,647,47252.5,5.91,36,Home Improvement,0.49,2023-05-02,1,Default
L01946,C00038,66,Employed,79674.65,757,121001.9,3.0,60,Vehicle,0.7,2023-05-02,0,Active
L03296,C01829,45,Employed,88378.84,743,18636.6,3.0,36,Personal,0.346,2023-05-03,0,Active
L01231,C02061,45,Employed,62311.68,733,11856.85,3.0,36,Education,0.163,2023-05-03,0,Active
L00206,C02039,30,Employed,84392.32,756,16059.16,3.0,72,Vehicle,0.194,2023-05-03,1,Default
L03090,C02091,46,Employed,52846.73,709,7696.09,4.56,48,Personal,0.35,2023-05-03,0,Active
L00448,C00626,29,Self-Employed,86606.54,704,32224.63,3.0,24,Vehicle,0.271,2023-05-03,0,Active
L01144,C03392,26,Self-Employed,25451.01,697,17439.21,3.0,36,Education,0.544,2023-05-04,0,Active
L01944,C03196,39,Unemployed,26275.69,610,18942.41,6.04,36,Debt Consolidation,0.495,2023-05-04,0,Active
L03849,C01059,56,Employed,69888.0,680,11290.59,5.14,60,Vehicle,0.246,2023-05-05,0,Active
L03786,C02662,59,Employed,18000.0,738,18200.09,3.37,48,Personal,0.7,2023-05-05,0,Active
L02221,C02242,68,Employed,27171.82,674,25535.52,5.4,24,Debt Consolidation,0.646,2023-05-05,0,Active
L04728,C02646,45,Employed,78224.97,632,34342.51,6.38,36,Home Improvement,0.392,2023-05-05,0,Active
L02722,C01101,44,Employed,52835.56,660,57409.91,4.52,60,Vehicle,0.515,2023-05-05,0,Active
L00419,C01769,43,Employed,22132.84,727,18866.61,3.94,24,Personal,0.466,2023-05-06,0,Active
L03788,C00662,26,Employed,51648.24,728,51094.24,3.41,60,Debt Consolidation,0.574,2023-05-06,0,Active
L00457,C03176,48,Employed,30418.83,631,16921.25,5.68,36,Education,0.376,2023-05-06,0,Active
L01062,C02262,22,Self-Employed,101680.94,688,15787.34,4.63,60,Debt Consolidation,0.29,2023-05-06,1,Default
L01767,C01522,48,Employed,67088.62,691,13323.34,3.6,12,Education,0.198,2023-05-06,0,Active
L00092,C00162,45,Employed,24836.05,665,19653.48,5.57,60,Education,0.48,2023-05-07,1,Default
L03004,C02453,64,Employed,40722.86,743,19346.67,3.0,60,Personal,0.457,2023-05-07,0,Active
L04485,C02225,66,Employed,66497.94,736,11541.4,3.0,48,Personal,0.303,2023-05-08,0,Active
L03975,C00001,35,Employed,41054.08,754,30932.94,3.0,36,Debt Consolidation,0.435,2023-05-08,0,Active
L04984,C03257,34,Employed,53050.93,753,19699.25,3.0,48,Debt Consolidation,0.309,2023-05-08,0,Active
L01263,C01253,60,Employed,43618.23,662,44454.55,4.43,24,Personal,0.578,2023-05-09,0,Active
L03512,C03002,56,Employed,27239.91,850,45784.75,3.0,48,Debt Consolidation,0.7,2023-05-09,0,Active
L00221,C00710,30,Employed,37294.12,641,7084.79,4.94,48,Personal,0.302,2023-05-09,0,Active
L02374,C03156,48,Self-Employed,62064.93,630,14248.63,6.59,60,Personal,0.348,2023-05-10,0,Active
L03352,C00831,66,Employed,40672.55,651,19373.5,5.31,48,Personal,0.38,2023-05-10,1,Default
L02341,C00186,53,Employed,47127.26,697,32861.26,3.0,60,Vehicle,0.41,2023-05-10,0,Active
L02214,C02849,69,Employed,56320.95,642,22016.75,6.31,48,Vehicle,0.189,2023-05-11,1,Default
L00504,C01078,49,Self-Employed,31851.24,664,14811.34,4.73,48,Debt Consolidation,0.313,2023-05-11,0,Active
L00848,C00668,43,Employed,29891.83,536,42063.81,8.12,60,Home Improvement,0.7,2023-05-11,1,Default
L02549,C01368,62,Self-Employed,100349.24,704,19151.12,5.64,36,Vehicle,0.094,2023-05-11,0,Active
L02314,C00957,68,Unemployed,76930.78,769,44893.7,3.22,24,Debt Consolidation,0.475,2023-05-11,0,Active
L04737,C00990,50,Employed,66363.95,715,23234.45,5.17,36,Debt Consolidation,0.345,2023-05-12,0,Active
L00421,C02328,52,Employed,51998.81,736,34727.64,3.45,24,Personal,0.363,2023-05-12,0,Active
L02572,C03022,48,Employed,18000.0,720,11550.26,3.08,72,Debt Consolidation,0.365,2023-05-12,0,Active
L01857,C03416,65,Employed,42620.63,699,16153.94,5.65,72,Personal,0.333,2023-05-12,0,Active
L01565,C03157,41,Employed,29444.99,817,20574.59,3.0,72,Home Improvement,0.619,2023-05-12,0,Active
L03819,C02368,52,Employed,27713.34,775,14314.99,4.22,12,Debt Consolidation,0.413,2023-05-12,0,Active
L00942,C00488,33,Employed,39749.54,727,24746.37,3.73,60,Vehicle,0.431,2023-05-13,0,Active
L01300,C02152,32,Employed,28671.88,697,26560.59,3.92,60,Education,0.48,2023-05-13,0,Active
L04371,C01147,51,Self-Employed,32300.41,648,19278.74,5.2,12,Vehicle,0.38,2023-05-13,0,Active
L02535,C03019,56,Employed,49554.52,669,28753.3,4.86,12,Education,0.438,2023-05-13,0,Active
L03579,C03169,60,Employed,45924.73,691,40112.6,5.34,60,Debt Consolidation,0.681,2023-05-13,0,Active
L04015,C01137,23,Employed,60509.55,609,21923.63,6.44,60,Personal,0.379,2023-05-13,0,Active
L01457,C00662,23,Employed,31869.65,742,150000.0,3.0,36,Personal,0.7,2023-05-14,1,Default
L03597,C00476,27,Self-Employed,20429.64,834,28958.27,3.0,12,Home Improvement,0.7,2023-05-14,0,Active
L01540,C03123,63,Employed,90263.46,599,20690.77,6.33,36,Debt Consolidation,0.301,2023-05-14,0,Active
L03530,C02890,57,Self-Employed,59144.8,705,22230.96,4.59,36,Debt Consolidation,0.26,2023-05-14,0,Active
L04086,C02895,30,Employed,98704.64,624,41791.03,5.02,36,Home Improvement,0.288,2023-05-14,0,Active
L02627,C00373,37,Self-Employed,74708.41,627,81391.46,5.81,12,Vehicle,0.7,2023-05-15,1,Default
L01493,C03091,39,Self-Employed,110776.41,641,29694.98,5.95,12,Debt Consolidation,0.293,2023-05-15,0,Active
L04565,C03221,51,Employed,55487.87,673,10968.23,3.23,72,Home Improvement,0.182,2023-05-15,0,Active
L04625,C02103,53,Employed,81253.84,663,14299.66,4.59,60,Personal,0.17,2023-05-15,0,Active
L01879,C01595,21,Unemployed,87940.3,738,17234.83,3.0,72,Debt Consolidation,0.313,2023-05-15,1,Default
L01021,C01995,51,Self-Employed,55298.79,680,31764.15,6.0,24,Vehicle,0.274,2023-05-15,0,Active
L00489,C02775,33,Self-Employed,75947.27,630,22190.75,4.21,24,Home Improvement,0.163,2023-05-16,1,Default
L03821,C03448,29,Employed,48020.96,612,10069.42,5.25,36,Home Improvement,0.251,2023-05-16,0,Active
L04119,C00126,49,Self-Employed,125863.7,660,53306.17,5.19,24,Debt Consolidation,0.256,2023-05-16,0,Active
L03607,C01128,48,Employed,24395.59,704,44468.27,3.0,48,Personal,0.7,2023-05-17,0,Active
L03181,C02170,33,Employed,135807.61,597,69996.46,8.03,48,Personal,0.52,2023-05-17,0,Active
L03314,C03293,46,Employed,85384.17,660,42594.61,4.85,60,Vehicle,0.324,2023-05-18,0,Active
L01769,C00727,59,Self-Employed,44808.12,701,52036.3,3.27,60,Vehicle,0.7,2023-05-18,0,Active
L01995,C00700,34,Self-Employed,32289.76,793,51006.88,3.0,36,Debt Consolidation,0.7,2023-05-18,1,Default
L04628,C02060,66,Employed,130687.62,684,28542.46,3.0,60,Home Improvement,0.373,2023-05-18,0,Active
L01852,C02997,26,Employed,19191.98,635,30691.87,5.46,24,Vehicle,0.7,2023-05-19,0,Active
L03458,C01643,62,Employed,51556.72,706,10381.21,4.25,36,Debt Consolidation,0.318,2023-05-19,0,Active
L00518,C00992,61,Employed,32465.39,711,37578.97,3.22,36,Home Improvement,0.7,2023-05-19,0,Active
L04725,C02501,35,Employed,38253.25,755,49867.47,3.88,60,Personal,0.7,2023-05-19,0,Active
L03622,C00040,61,Self-Employed,38279.23,782,23993.74,3.0,48,Personal,0.383,2023-05-20,0,Active
L01416,C01855,65,Employed,34071.37,823,20455.14,3.0,36,Personal,0.413,2023-05-21,0,Active
L01886,C03179,26,Employed,121314.85,582,70651.74,6.47,48,Home Improvement,0.391,2023-05-21,0,Active
L01001,C00138,50,Self-Employed,60683.89,685,39243.11,4.4,48,Personal,0.422,2023-05-21,0,Active
L01854,C02633,51,Employed,26506.87,579,9976.26,8.03,60,Personal,0.304,2023-05-21,0,Active
L01583,C03191,57,Employed,65945.36,677,22229.23,4.2,48,Education,0.313,2023-05-21,0,Active
L02327,C00608,21,Employed,51735.45,697,16278.19,4.65,60,Personal,0.311,2023-05-21,1,Default
L04960,C00212,67,Employed,39276.2,700,34699.85,3.0,48,Personal,0.483,2023-05-22,0,Active
L03337,C00542,44,Employed,49111.79,719,51048.84,3.0,36,Debt Consolidation,0.627,2023-05-22,0,Active
L01713,C01640,22,Employed,46471.21,714,17716.4,3.0,72,Home Improvement,0.355,2023-05-22,0,Active
L00667,C02968,40,Employed,39663.59,548,20372.05,7.78,48,Vehicle,0.379,2023-05-22,0,Active
L04770,C02359,69,Employed,42693.7,772,34045.66,3.0,24,Vehicle,0.42,2023-05-22,1,Default
L01282,C02344,31,Employed,52145.56,769,18604.75,3.0,36,Personal,0.448,2023-05-22,0,Active
L01593,C01077,41,Employed,36219.95,729,19573.64,3.54,48,Debt Consolidation,0.433,2023-05-22,0,Active
L02984,C03303,65,Unemployed,45229.67,715,33375.1,3.56,36,Home Improvement,0.511,2023-05-23,0,Active
L04190,C02947,25,Employed,51340.76,748,60498.2,4.01,36,Personal,0.572,2023-05-23,1,Default
L01403,C02827,48,Employed,51386.6,683,32265.89,3.34,60,Personal,0.37,2023-05-23,1,Default
L03709,C03248,65,Employed,117536.12,702,9787.02,3.0,36,Home Improvement,0.263,2023-05-23,0,Active
L01867,C00807,31,Employed,40326.86,607,23515.59,5.97,60,Home Improvement,0.42,2023-05-24,0,Active
L03490,C00371,60,Employed,55459.09,656,15090.69,5.77,12,Personal,0.207,2023-05-24,0,Active
L01806,C01132,60,Self-Employed,57968.79,717,5298.33,5.6,60,Personal,0.186,2023-05-24,1,Default
L02136,C01681,22,Self-Employed,56319.41,652,32667.74,6.31,60,Personal,0.457,2023-05-24,0,Active
L04146,C02496,57,Unemployed,83780.8,713,23039.83,5.11,48,Vehicle,0.238,2023-05-24,0,Active
L04168,C02417,33,Self-Employed,38450.06,621,44044.95,6.05,24,Vehicle,0.687,2023-05-25,1,Default
L02623,C01358,34,Employed,47997.75,763,16966.74,3.57,60,Education,0.229,2023-05-25,0,Active
L01962,C01325,46,Employed,66497.49,589,30514.6,6.2,36,Home Improvement,0.312,2023-05-26,0,Active
L02015,C01986,62,Employed,55163.57,781,37317.4,3.0,48,Debt Consolidation,0.536,2023-05-26,0,Active
L03540,C01980,34,Employed,43939.54,627,10735.51,6.14,36,Personal,0.327,2023-05-26,0,Active
L00754,C01541,44,Employed,148457.55,598,29306.42,4.17,36,Home Improvement,0.287,2023-05-26,0,Active
L00912,C03171,38,Employed,53477.37,721,30352.69,3.56,60,Debt Consolidation,0.469,2023-05-26,0,Active
L03742,C01839,34,Employed,48538.07,696,61581.81,3.32,48,Home Improvement,0.7,2023-05-26,0,Active
L02542,C00019,67,Employed,25808.17,681,33181.51,6.25,60,Debt Consolidation,0.664,2023-05-27,0,Active
L04451,C00991,52,Employed,58695.89,757,32879.16,3.64,60,Home Improvement,0.305,2023-05-27,0,Active
L01173,C00920,53,Employed,56253.05,577,15311.46,7.1,36,Education,0.258,2023-05-28,0,Active
L03936,C00701,50,Employed,38025.0,644,84759.55,7.1,36,Education,0.7,2023-05-28,0,Active
L00087,C01501,39,Self-Employed,22110.2,776,11994.2,3.14,48,Education,0.341,2023-05-28,0,Active
L00151,C02774,28,Employed,35986.13,595,33965.47,6.39,60,Home Improvement,0.526,2023-05-28,0,Active
L01461,C03121,37,Unemployed,31170.63,624,62668.74,5.8,60,Home Improvement,0.7,2023-05-28,1,Default
L02253,C01342,46,Employed,115071.53,760,35780.47,3.0,60,Education,0.285,2023-05-28,0,Active
L03324,C00594,31,Employed,41271.67,654,10131.67,4.92,36,Debt Consolidation,0.226,2023-05-29,0,Active
L02534,C00489,58,Employed,26892.25,716,28356.91,3.0,72,Vehicle,0.7,2023-05-29,0,Active
L03343,C02067,52,Employed,51365.07,730,22027.07,3.64,12,Personal,0.447,2023-05-29,0,Active
L00266,C02295,47,Employed,102981.37,544,15290.22,7.16,36,Personal,0.191,2023-05-29,0,Active
L00158,C03290,25,Employed,37344.0,710,31158.26,3.0,36,Education,0.541,2023-05-29,0,Active
L01876,C03225,40,Employed,136368.5,770,30078.82,4.73,72,Personal,0.357,2023-05-29,0,Active
L02690,C01317,50,Employed,53383.8,641,17613.79,4.0,36,Debt Consolidation,0.222,2023-05-29,0,Active
L01535,C03126,55,Employed,18904.7,639,33785.32,4.51,48,Debt Consolidation,0.7,2023-05-29,0,Active
L02846,C02011,66,Self-Employed,91998.14,595,28649.84,4.75,24,Vehicle,0.339,2023-05-30,0,Active
L00239,C00564,29,Employed,60768.88,717,14518.79,3.41,36,Home Improvement,0.331,2023-05-30,0,Active
L04812,C01637,66,Self-Employed,69226.47,576,24340.8,8.15,60,Debt Consolidation,0.366,2023-05-30,0,Active
L02426,C01848,65,Employed,71466.78,638,37875.19,5.69,12,Personal,0.338,2023-05-31,1,Default
L01606,C00736,25,Employed,31959.56,739,34578.59,3.0,24,Education,0.517,2023-05-31,0,Active
L02582,C01948,28,Employed,42720.95,651,25271.08,3.32,60,Personal,0.378,2023-06-01,0,Active
L04886,C00661,31,Self-Employed,45641.49,760,22416.08,3.79,12,Education,0.378,2023-06-01,0,Active
L00583,C02960,68,Employed,50214.75,600,10770.54,7.67,60,Debt Consolidation,0.232,2023-06-01,0,Active
L04675,C00233,40,Employed,97169.95,666,9024.38,4.53,60,Personal,0.141,2023-06-01,0,Active
L01620,C02542,29,Employed,46250.55,607,25321.41,5.51,60,Debt Consolidation,0.311,2023-06-01,0,Active
L04946,C00181,37,Self-Employed,110255.06,683,60615.51,5.29,36,Vehicle,0.415,2023-06-02,0,Active
L04854,C02004,32,Employed,46527.57,734,28521.86,4.66,12,Debt Consolidation,0.412,2023-06-02,0,Active
L04338,C00025,54,Self-Employed,31172.79,633,18906.54,6.58,48,Vehicle,0.394,2023-06-03,0,Active
L03375,C02172,65,Employed,35151.18,595,15620.61,6.92,24,Personal,0.363,2023-06-03,0,Active
L03630,C02976,64,Self-Employed,73486.66,701,20961.62,3.91,36,Home Improvement,0.296,2023-06-03,1,Default
L01404,C01431,52,Self-Employed,58613.89,751,20363.02,3.0,24,Debt Consolidation,0.406,2023-06-03,0,Active
L00304,C01960,66,Employed,95581.4,727,17866.05,3.39,60,Vehicle,0.199,2023-06-03,0,Active
L03396,C01450,53,Unemployed,42743.01,701,47139.26,3.0,24,Education,0.7,2023-06-03,0,Active
L01813,C00251,36,Self-Employed,92025.97,722,37509.61,3.0,36,Home Improvement,0.288,2023-06-03,0,Active
L04043,C00387,58,Employed,38406.7,727,23195.81,5.37,36,Debt Consolidation,0.393,2023-06-03,1,Default
L00887,C00798,57,Employed,56765.35,554,25914.02,7.65,36,Personal,0.469,2023-06-03,0,Active
L04821,C02504,60,Employed,51366.32,572,33482.82,7.22,48,Personal,0.461,2023-06-03,1,Default
L04806,C02141,67,Unemployed,92524.2,734,23021.13,3.36,12,Personal,0.354,2023-06-04,0,Active
L00097,C00816,43,Employed,44219.39,710,61981.59,3.25,12,Vehicle,0.7,2023-06-04,0,Active
L03812,C01461,30,Employed,39065.23,702,16873.07,4.48,36,Personal,0.419,2023-06-05,0,Active
L03020,C02021,69,Employed,60808.03,563,20159.3,6.65,48,Vehicle,0.285,2023-06-05,0,Active
L01188,C00947,34,Employed,164531.78,607,58867.34,5.03,60,Personal,0.188,2023-06-05,0,Active
L04261,C00864,34,Employed,50019.29,751,33255.38,3.0,36,Personal,0.589,2023-06-05,0,Active
L01998,C00557,48,Employed,32408.05,783,27879.63,3.0,48,Personal,0.45,2023-06-05,0,Active
L02479,C02794,62,Employed,74362.86,665,23080.53,3.88,24,Debt Consolidation,0.304,2023-06-05,0,Active
L01089,C00365,53,Unemployed,48420.34,694,33019.07,4.2,36,Vehicle,0.451,2023-06-06,0,Active
L00586,C02480,52,Employed,33769.95,750,19801.8,3.76,36,Vehicle,0.404,2023-06-06,0,Active
L02839,C01687,43,Unemployed,51495.33,623,16963.66,5.71,60,Personal,0.176,2023-06-06,1,Default
L04679,C03271,60,Employed,30119.0,676,9975.3,5.81,36,Vehicle,0.243,2023-06-06,0,Active
L01451,C01880,29,Employed,78015.72,571,25459.41,7.78,48,Debt Consolidation,0.284,2023-06-07,0,Active
L04618,C01445,25,Employed,111054.8,643,25521.67,5.8,36,Debt Consolidation,0.291,2023-06-07,0,Active
L04988,C03119,28,Unemployed,40396.81,596,107903.3,6.63,60,Debt Consolidation,0.7,2023-06-07,1,Default
L03377,C02185,69,Employed,36478.59,814,16731.97,3.0,36,Vehicle,0.35,2023-06-07,0,Active
L00893,C01016,60,Employed,62064.18,723,13905.59,5.1,36,Personal,0.316,2023-06-08,0,Active
L02072,C00948,31,Employed,29514.64,775,18348.17,3.0,36,Vehicle,0.394,2023-06-08,0,Active
L04715,C01590,24,Employed,28488.0,684,35334.57,4.85,36,Debt Consolidation,0.681,2023-06-08,0,Active
L03676,C02259,24,Self-Employed,59558.54,664,19219.85,3.0,36,Debt Consolidation,0.261,2023-06-08,1,Default
L00493,C00575,23,Unemployed,59344.72,641,10327.4,5.7,60,Vehicle,0.177,2023-06-09,0,Active
L01700,C02027,60,Employed,53080.49,553,18210.94,7.02,36,Personal,0.346,2023-06-09,0,Active
L02366,C01526,65,Self-Employed,62289.14,700,27146.59,3.0,72,Personal,0.331,2023-06-09,0,Active
L04567,C02536,61,Self-Employed,63525.76,801,32311.93,3.0,36,Vehicle,0.622,2023-06-09,0,Active
L04498,C02999,34,Unemployed,21571.97,496,86526.92,8.93,36,Home Improvement,0.7,2023-06-09,0,Active
L00222,C01480,35,Employed,51567.53,594,25921.28,7.09,60,Personal,0.326,2023-06-10,0,Active
L02920,C00537,30,Employed,38850.61,827,31805.03,3.0,24,Debt Consolidation,0.546,2023-06-10,0,Active
L01327,C01278,68,Unemployed,96222.22,803,47844.81,3.0,48,Vehicle,0.252,2023-06-10,0,Active
L02513,C03073,23,Employed,34697.83,829,7995.27,3.0,48,Education,0.213,2023-06-10,0,Active
L02982,C00124,44,Employed,50679.89,730,30326.54,4.41,48,Vehicle,0.427,2023-06-10,0,Active
L04083,C02243,35,Self-Employed,42857.19,704,80810.06,7.25,36,Personal,0.7,2023-06-10,0,Active
L02329,C01274,43,Employed,61584.89,588,25131.43,7.13,60,Vehicle,0.229,2023-06-10,1,Default
L04351,C00547,49,Employed,56976.95,680,19765.07,5.57,60,Vehicle,0.211,2023-06-10,0,Active
L03515,C02471,69,Self-Employed,67312.69,678,51643.66,3.95,12,Personal,0.448,2023-06-10,0,Active
L01725,C02323,61,Employed,35048.19,710,40401.06,3.66,36,Personal,0.569,2023-06-10,0,Active
L02184,C01568,24,Employed,77383.17,850,54508.9,3.0,48,Debt Consolidation,0.514,2023-06-10,0,Active
L04159,C02218,67,Employed,76471.67,666,18255.91,4.21,12,Debt Consolidation,0.385,2023-06-11,0,Active
L03770,C00142,64,Employed,77064.13,708,38688.56,4.39,36,Vehicle,0.401,2023-06-11,0,Active
L03744,C02191,50,Employed,55085.16,818,22979.66,3.0,36,Personal,0.287,2023-06-11,0,Active
L00825,C01251,31,Employed,49274.48,606,8819.19,5.13,60,Debt Consolidation,0.169,2023-06-11,0,Active
L04714,C02296,27,Self-Employed,27880.27,702,13563.98,5.62,36,Debt Consolidation,0.416,2023-06-11,0,Active
L01412,C01206,63,Unemployed,21730.76,687,16610.56,3.56,60,Debt Consolidation,0.533,2023-06-11,0,Active
L04161,C03107,66,Employed,132599.75,659,25062.9,4.85,48,Education,0.169,2023-06-11,0,Active
L03024,C00465,22,Employed,47770.84,614,33637.88,6.04,48,Personal,0.491,2023-06-11,0,Active
L01848,C01982,55,Unemployed,46855.78,605,15606.99,7.59,24,Personal,0.367,2023-06-11,0,Active
L00492,C00051,69,Employed,77230.94,691,17247.62,4.25,48,Vehicle,0.231,2023-06-11,0,Active
L02235,C00317,34,Employed,28783.86,790,15930.11,3.0,24,Personal,0.419,2023-06-12,0,Active
L01985,C01705,48,Employed,56996.87,656,16520.55,4.36,48,Home Improvement,0.297,2023-06-12,0,Active
L02956,C00457,63,Employed,18000.0,753,15631.67,3.0,72,Debt Consolidation,0.553,2023-06-12,0,Active
L02293,C00662,38,Employed,70329.28,595,41609.73,6.71,36,Education,0.469,2023-06-13,1,Default
L01623,C00442,58,Self-Employed,48672.94,676,17229.3,5.18,60,Personal,0.239,2023-06-13,0,Active
L04760,C03162,24,Unemployed,37456.95,771,38749.83,3.0,60,Personal,0.6,2023-06-13,1,Default
L01923,C01381,43,Employed,56922.89,557,4701.21,7.54,12,Education,0.244,2023-06-13,0,Active
L03474,C00944,62,Unemployed,98437.09,702,14429.66,3.0,48,Home Improvement,0.05,2023-06-14,0,Active
L04789,C01271,47,Unemployed,39987.3,746,44382.97,3.61,12,Education,0.599,2023-06-14,0,Active
L02443,C02167,35,Self-Employed,71337.35,699,13836.77,3.02,24,Education,0.263,2023-06-14,0,Active
L03225,C00515,29,Employed,78436.9,596,8122.78,5.49,36,Vehicle,0.177,2023-06-15,0,Active
L01575,C02863,57,Employed,40922.89,643,49161.12,5.85,36,Personal,0.7,2023-06-15,1,Default
L03787,C01751,54,Employed,78261.36,633,31902.45,6.0,60,Debt Consolidation,0.363,2023-06-15,0,Active
L04559,C01828,31,Employed,59392.41,741,28131.35,3.76,36,Vehicle,0.367,2023-06-15,0,Active
L01510,C03336,50,Employed,37291.44,675,45131.7,6.89,36,Home Improvement,0.69,2023-06-16,1,Default
L04895,C02039,45,Employed,121692.53,761,72381.52,3.0,24,Personal,0.355,2023-06-16,0,Active
L04527,C03375,26,Employed,68644.22,683,27028.08,3.36,48,Home Improvement,0.412,2023-06-16,0,Active
L01500,C00194,48,Employed,70909.88,850,18974.81,3.0,60,Personal,0.185,2023-06-16,0,Active
L04659,C01148,25,Employed,32337.81,724,35875.75,5.18,48,Debt Consolidation,0.7,2023-06-17,0,Active
L01865,C03452,43,Employed,49271.77,705,34745.48,4.56,60,Debt Consolidation,0.492,2023-06-17,0,Active
L03104,C00399,68,Employed,122841.89,744,33235.88,3.0,72,Debt Consolidation,0.311,2023-06-18,0,Active
L01291,C02191,50,Employed,37182.07,714,19226.2,3.33,48,Home Improvement,0.212,2023-06-18,0,Active
L00482,C01907,69,Self-Employed,67876.54,663,23239.79,5.21,60,Debt Consolidation,0.326,2023-06-18,0,Active
L01420,C01935,64,Employed,53120.08,672,12324.96,5.22,72,Debt Consolidation,0.259,2023-06-19,0,Active
L02296,C00312,48,Self-Employed,20768.31,610,64269.73,4.94,36,Vehicle,0.7,2023-06-19,1,Default
L01081,C00056,39,Employed,92909.11,623,19243.71,4.36,48,Debt Consolidation,0.266,2023-06-19,0,Active
L02003,C00426,50,Self-Employed,68722.02,660,24916.54,4.14,72,Personal,0.359,2023-06-19,0,Active
L02355,C03370,40,Employed,95464.02,648,32257.56,3.73,36,Home Improvement,0.436,2023-06-19,0,Active
L03702,C02355,39,Employed,50607.32,681,27596.89,3.95,24,Debt Consolidation,0.402,2023-06-19,0,Active
L01308,C02602,62,Employed,122204.78,686,35532.24,3.53,48,Home Improvement,0.172,2023-06-19,0,Active
L00609,C03088,42,Self-Employed,42602.57,649,12470.94,3.56,60,Debt Consolidation,0.331,2023-06-19,0,Active
L03209,C00770,56,Self-Employed,39113.84,679,71412.66,4.95,12,Education,0.7,2023-06-20,0,Active
L03310,C02321,28,Self-Employed,110168.31,773,49526.82,3.0,24,Vehicle,0.354,2023-06-20,0,Active
L01932,C02786,32,Employed,74177.9,752,29834.7,3.0,36,Debt Consolidation,0.328,2023-06-20,0,Active
L02422,C02213,60,Employed,49534.23,680,18708.54,5.16,36,Debt Consolidation,0.308,2023-06-20,1,Default
L02926,C00128,41,Unemployed,23579.81,623,75186.06,6.58,72,Home Improvement,0.7,2023-06-20,1,Default
L04421,C01480,40,Self-Employed,46128.17,614,30340.66,6.18,72,Debt Consolidation,0.471,2023-06-20,0,Active
L00669,C02787,53,Unemployed,73930.86,697,35255.37,3.87,24,Home Improvement,0.259,2023-06-20,0,Active
L04353,C02751,46,Employed,69470.17,783,30385.89,3.0,12,Debt Consolidation,0.469,2023-06-21,0,Active
L00681,C02327,66,Employed,59115.79,707,24495.63,3.97,60,Personal,0.324,2023-06-21,0,Active
L04937,C02519,49,Employed,105458.67,702,55619.86,5.44,60,Debt Consolidation,0.341,2023-06-21,0,Active
L04210,C02531,68,Employed,63471.51,693,23175.37,5.03,48,Personal,0.2,2023-06-21,0,Active
L01747,C01113,29,Employed,25718.64,735,73400.65,3.0,48,Home Improvement,0.7,2023-06-22,0,Active
L00447,C02734,54,Self-Employed,74671.88,785,21188.93,3.0,48,Debt Consolidation,0.157,2023-06-22,0,Active
L01817,C01298,34,Employed,28605.93,735,35540.61,3.0,72,Personal,0.637,2023-06-22,0,Active
L02133,C01084,49,Employed,26123.54,620,9558.23,3.97,24,Home Improvement,0.325,2023-06-22,0,Active
L00822,C02812,22,Employed,70486.28,780,8502.97,3.0,60,Home Improvement,0.22,2023-06-22,0,Active
L04818,C01788,52,Self-Employed,46120.72,658,11118.61,4.74,60,Debt Consolidation,0.189,2023-06-22,0,Active
L04273,C00715,22,Employed,54442.94,767,30942.07,3.0,48,Vehicle,0.547,2023-06-23,0,Active
L02559,C02876,26,Employed,37561.85,718,17801.67,3.0,60,Education,0.404,2023-06-23,0,Active
L01125,C03466,26,Employed,54066.74,506,22512.82,7.15,48,Vehicle,0.306,2023-06-23,0,Active
L03688,C00588,31,Unemployed,52579.49,637,47603.49,6.37,48,Personal,0.56,2023-06-23,0,Active
L01824,C00958,61,Unemployed,23551.52,716,11146.17,3.0,48,Debt Consolidation,0.444,2023-06-23,0,Active
L03276,C01657,54,Employed,42609.9,609,41747.83,6.16,48,Home Improvement,0.573,2023-06-23,0,Active
L01507,C00947,34,Self-Employed,80730.75,732,19629.28,3.0,12,Vehicle,0.245,2023-06-23,0,Active
L02788,C00116,27,Employed,63590.17,711,86162.76,4.06,36,Personal,0.686,2023-06-24,0,Active
L04959,C03389,60,Employed,61061.12,553,48298.14,6.54,48,Debt Consolidation,0.606,2023-06-24,1,Default
L04865,C01428,22,Employed,43887.38,745,22617.85,3.89,60,Debt Consolidation,0.278,2023-06-24,0,Active
L02678,C00010,55,Employed,41240.37,692,27092.78,3.18,48,Vehicle,0.402,2023-06-24,0,Active
L02624,C01917,68,Employed,78094.63,654,15252.19,3.84,24,Home Improvement,0.231,2023-06-24,0,Active
L04511,C01737,45,Employed,25556.23,727,55367.82,3.0,36,Vehicle,0.7,2023-06-24,1,Default
L02672,C01301,45,Employed,81238.62,604,42431.94,7.51,36,Debt Consolidation,0.347,2023-06-24,0,Active
L01036,C00061,40,Employed,60764.2,680,25394.24,4.09,72,Debt Consolidation,0.386,2023-06-24,0,Active
L04882,C03328,30,Self-Employed,126930.14,650,38599.18,4.77,48,Debt Consolidation,0.235,2023-06-25,0,Active
L01719,C00108,52,Employed,62686.29,683,14879.57,4.68,36,Home Improvement,0.194,2023-06-25,0,Active
L02267,C00515,67,Unemployed,35897.06,655,37008.48,5.21,36,Home Improvement,0.7,2023-06-25,0,Active
L04132,C03460,21,Employed,72743.91,754,34813.93,4.82,48,Personal,0.332,2023-06-25,1,Default
L04425,C00160,25,Self-Employed,33329.87,696,20679.28,4.12,48,Debt Consolidation,0.495,2023-06-25,0,Active
L02219,C00918,46,Employed,65105.91,666,36758.59,6.12,12,Home Improvement,0.319,2023-06-26,0,Active
L00483,C02519,49,Employed,51495.76,739,17750.72,4.11,12,Vehicle,0.306,2023-06-26,0,Active
L03385,C02098,24,Self-Employed,37516.96,718,46573.49,3.55,60,Home Improvement,0.601,2023-06-26,1,Default
L00792,C00829,35,Employed,45286.04,679,28646.99,3.38,36,Personal,0.334,2023-06-26,1,Default
L03785,C00154,51,Employed,52987.73,657,20515.39,4.64,60,Personal,0.375,2023-06-26,0,Active
L01588,C00934,67,Employed,39714.69,710,9040.89,3.0,60,Home Improvement,0.219,2023-06-26,0,Active
L02064,C02354,46,Employed,45496.35,732,17348.02,3.0,60,Debt Consolidation,0.263,2023-06-26,0,Active
L02938,C00254,48,Employed,65845.24,688,54338.88,5.07,36,Home Improvement,0.533,2023-06-26,0,Active
L04939,C03320,52,Employed,53935.85,729,9120.21,3.47,60,Debt Consolidation,0.351,2023-06-26,1,Default
L03088,C03272,54,Self-Employed,36540.94,623,22215.32,5.58,72,Education,0.406,2023-06-27,0,Active
L01232,C01192,40,Employed,39102.1,771,11326.86,3.0,36,Debt Consolidation,0.213,2023-06-27,0,Active
L01185,C01630,32,Employed,71653.69,638,50728.5,4.64,36,Debt Consolidation,0.622,2023-06-27,0,Active
L00180,C02279,58,Employed,48886.12,672,57028.69,3.73,60,Vehicle,0.679,2023-06-27,0,Active
L03687,C01155,44,Employed,67981.84,684,102251.65,5.24,48,Personal,0.7,2023-06-27,0,Active
L03409,C02404,62,Employed,60239.07,799,65262.43,3.0,72,Personal,0.635,2023-06-27,1,Default
L02971,C01796,24,Employed,29872.7,743,58115.01,3.4,60,Vehicle,0.7,2023-06-28,1,Default
L00335,C01683,48,Employed,53988.84,714,11441.45,4.19,48,Personal,0.27,2023-06-28,0,Active
L04918,C02884,53,Employed,67580.09,744,30946.86,3.0,48,Vehicle,0.285,2023-06-29,0,Active
L02644,C00350,54,Employed,42856.52,583,23608.52,6.22,60,Personal,0.349,2023-06-29,1,Default
L01350,C02892,67,Unemployed,91052.6,724,28543.69,3.0,36,Education,0.267,2023-06-29,0,Active
L02031,C01008,54,Employed,60189.43,716,36207.66,3.71,36,Debt Consolidation,0.506,2023-06-29,0,Active
L00249,C00002,52,Employed,44161.94,557,31029.21,6.8,36,Education,0.571,2023-06-30,0,Active
L02202,C00592,61,Self-Employed,46375.04,697,33486.1,3.73,36,Vehicle,0.616,2023-06-30,0,Active
L02689,C00859,54,Employed,72256.69,641,21019.06,5.05,36,Personal,0.173,2023-06-30,0,Active
L03616,C02435,21,Employed,38300.07,634,10532.7,7.22,60,Vehicle,0.281,2023-06-30,1,Default
L01105,C02787,28,Employed,45901.06,610,25542.74,5.38,36,Home Improvement,0.378,2023-06-30,1,Default
L00273,C00294,62,Self-Employed,64681.04,662,11258.12,7.43,60,Debt Consolidation,0.224,2023-07-01,1,Default
L02002,C02583,66,Employed,72714.75,668,21983.21,5.13,12,Personal,0.399,2023-07-01,0,Active
L00210,C02238,68,Unemployed,56573.3,663,62338.56,5.25,60,Debt Consolidation,0.67,2023-07-01,1,Default
L04516,C01317,29,Self-Employed,113152.25,711,40889.19,3.9,36,Debt Consolidation,0.173,2023-07-01,0,Active
L00191,C01820,61,Employed,42448.92,604,41704.12,6.98,48,Vehicle,0.56,2023-07-02,0,Active
L00695,C02225,31,Unemployed,48853.93,781,27520.31,3.38,60,Education,0.428,2023-07-02,0,Active
L03082,C02988,46,Unemployed,41093.93,725,33556.36,3.38,72,Debt Consolidation,0.513,2023-07-02,0,Active
L03243,C01900,59,Employed,51357.76,624,9390.23,5.57,24,Home Improvement,0.292,2023-07-02,0,Active
L00836,C03331,50,Unemployed,46771.16,680,32614.11,4.37,24,Personal,0.516,2023-07-02,1,Default
L00796,C03073,42,Employed,68507.28,696,12154.28,5.04,12,Vehicle,0.184,2023-07-02,0,Active
L04815,C02219,51,Employed,31908.67,643,25406.68,4.33,36,Home Improvement,0.491,2023-07-02,0,Active
L04817,C02218,62,Self-Employed,24139.98,785,11551.33,3.1,60,Vehicle,0.461,2023-07-02,0,Active
L03086,C01032,34,Self-Employed,52618.08,747,10128.73,3.0,48,Vehicle,0.284,2023-07-03,0,Active
L02160,C01876,59,Employed,48533.31,731,20295.55,3.0,36,Education,0.368,2023-07-03,0,Active
L04996,C02801,53,Employed,129360.1,642,5339.14,6.89,36,Personal,0.237,2023-07-03,0,Active
L04931,C00994,32,Employed,52641.02,568,17750.58,8.04,48,Personal,0.191,2023-07-03,0,Active
L01672,C00794,44,Employed,135254.02,734,6730.89,3.0,60,Education,0.05,2023-07-03,0,Active
L03796,C00980,57,Unemployed,53710.68,640,25438.73,5.07,24,Vehicle,0.466,2023-07-04,0,Active
L02224,C00090,56,Employed,107648.66,771,21189.85,3.0,48,Vehicle,0.236,2023-07-04,0,Active
L03278,C03449,55,Employed,51413.35,594,11950.13,7.09,48,Debt Consolidation,0.34,2023-07-04,0,Active
L04499,C00906,42,Employed,73212.05,668,25079.52,3.0,60,Personal,0.311,2023-07-04,0,Active
L00428,C00700,60,Employed,50796.99,702,20958.97,3.32,60,Debt Consolidation,0.315,2023-07-04,0,Active
L00718,C03223,41,Unemployed,27801.36,722,10498.55,6.96,60,Education,0.319,2023-07-04,0,Active
L03000,C00510,38,Employed,48107.31,723,56057.79,3.0,24,Debt Consolidation,0.7,2023-07-04,0,Active
L01743,C03024,60,Employed,40643.54,663,39931.55,4.05,36,Home Improvement,0.594,2023-07-05,0,Active
L03247,C01924,48,Employed,51165.46,561,14649.15,7.95,72,Education,0.201,2023-07-05,0,Active
L01368,C03206,64,Employed,23451.11,623,12664.64,4.35,48,Debt Consolidation,0.253,2023-07-06,0,Active
L04680,C02410,53,Employed,66922.5,716,38809.04,3.99,48,Home Improvement,0.423,2023-07-06,0,Active
L04249,C01044,64,Employed,35481.5,667,15341.61,6.09,60,Debt Consolidation,0.372,2023-07-06,0,Active
L04768,C03091,46,Employed,94882.47,733,20260.67,3.0,60,Debt Consolidation,0.359,2023-07-06,0,Active
L03196,C02286,28,Self-Employed,79757.87,513,36793.71,9.38,12,Debt Consolidation,0.416,2023-07-07,0,Active
L01943,C00984,63,Self-Employed,56764.03,776,13687.67,3.0,12,Education,0.285,2023-07-07,0,Active
L00767,C00217,58,Self-Employed,21986.1,727,147978.21,3.58,48,Personal,0.7,2023-07-07,0,Active
L04026,C01867,30,Employed,75146.33,796,99658.6,3.0,36,Personal,0.7,2023-07-07,0,Active
L00341,C02102,24,Employed,44145.24,551,17465.77,8.35,48,Debt Consolidation,0.373,2023-07-07,1,Default
L03504,C00598,33,Self-Employed,42840.98,613,8984.85,5.91,60,Vehicle,0.239,2023-07-08,0,Active
L03489,C01939,44,Employed,61289.01,758,18498.27,3.0,72,Personal,0.235,2023-07-08,0,Active
L01023,C01936,25,Employed,81922.41,613,23091.29,4.7,24,Vehicle,0.251,2023-07-08,1,Default
L02721,C02638,21,Self-Employed,32620.96,678,45933.65,3.44,60,Debt Consolidation,0.7,2023-07-08,1,Default
L02208,C00936,21,Employed,31059.58,740,29299.2,3.13,48,Personal,0.507,2023-07-09,0,Active
L04961,C01539,35,Unemployed,33665.6,591,15712.7,7.36,36,Personal,0.332,2023-07-09,1,Default
L00226,C03297,42,Self-Employed,69874.11,727,20859.44,3.0,24,Personal,0.325,2023-07-09,0,Active
L00548,C01082,38,Self-Employed,46226.45,637,35214.55,6.49,60,Home Improvement,0.492,2023-07-10,0,Active
L01464,C01108,24,Unemployed,41646.52,626,22023.78,7.51,48,Education,0.419,2023-07-10,0,Active
L04431,C02456,47,Self-Employed,110381.09,642,25359.46,5.42,60,Education,0.179,2023-07-10,0,Active
L03809,C00398,33,Employed,68484.63,664,5008.5,4.79,24,Personal,0.079,2023-07-10,0,Active
L00474,C00036,33,Self-Employed,119117.94,639,7908.59,5.88,60,Education,0.251,2023-07-10,0,Active
L01728,C02865,57,Employed,74485.16,570,37496.25,9.66,72,Debt Consolidation,0.245,2023-07-10,0,Active
L00252,C01590,68,Unemployed,54084.23,624,18680.35,6.39,12,Education,0.309,2023-07-11,0,Active
L02080,C02127,27,Employed,65143.38,589,27901.0,8.08,60,Personal,0.391,2023-07-11,0,Active
L03671,C02749,32,Self-Employed,117875.35,717,6860.6,5.21,24,Personal,0.213,2023-07-11,0,Active
L00458,C03465,44,Employed,48455.06,744,36170.15,4.49,24,Personal,0.502,2023-07-11,0,Active
L00555,C00488,62,Self-Employed,59037.38,756,42560.43,3.08,12,Debt Consolidation,0.503,2023-07-11,0,Active
L03129,C02511,52,Unemployed,36949.1,539,38964.12,6.89,48,Personal,0.544,2023-07-12,0,Active
L00459,C00246,28,Self-Employed,29354.02,804,25231.15,3.0,12,Personal,0.388,2023-07-12,0,Active
L02782,C02818,28,Employed,51940.38,765,80622.7,3.0,12,Debt Consolidation,0.7,2023-07-12,0,Active
L04337,C03364,64,Employed,50689.6,696,13672.09,5.11,36,Vehicle,0.241,2023-07-12,0,Active
L04672,C03215,33,Self-Employed,95065.02,712,18154.9,3.04,48,Home Improvement,0.302,2023-07-12,0,Active
L00358,C02962,49,Employed,75007.97,613,47305.28,7.53,72,Home Improvement,0.412,2023-07-13,1,Default
L01720,C00172,30,Employed,59694.33,593,73298.04,7.72,48,Vehicle,0.7,2023-07-13,1,Default
L04376,C01681,38,Employed,84832.78,758,36165.65,3.0,60,Debt Consolidation,0.376,2023-07-13,0,Active
L03610,C02876,38,Employed,32954.85,711,24397.53,3.58,60,Debt Consolidation,0.5,2023-07-14,0,Active
L00090,C02778,63,Employed,44602.34,560,88176.98,9.61,48,Debt Consolidation,0.7,2023-07-14,0,Active
L01197,C02221,40,Self-Employed,53691.34,635,15405.11,6.35,24,Home Improvement,0.266,2023-07-14,0,Active
L03883,C00820,23,Employed,19716.21,672,40245.32,6.22,36,Vehicle,0.7,2023-07-14,0,Active
L03955,C02430,36,Employed,75172.5,673,20596.82,5.56,36,Home Improvement,0.296,2023-07-14,0,Active
L01992,C00356,53,Employed,66970.63,638,32673.14,3.0,60,Vehicle,0.274,2023-07-14,0,Active
L04992,C00213,24,Employed,64171.61,624,28258.85,5.01,72,Home Improvement,0.331,2023-07-15,0,Active
L04685,C03373,32,Employed,50742.28,724,43526.5,3.75,36,Education,0.555,2023-07-15,0,Active
L04350,C00257,32,Self-Employed,51786.47,572,9679.36,6.3,12,Debt Consolidation,0.197,2023-07-16,0,Active
L02684,C02632,36,Employed,41754.35,719,60527.68,3.5,24,Education,0.7,2023-07-16,0,Active
L00473,C02951,54,Employed,35144.59,633,29428.83,5.95,12,Personal,0.588,2023-07-16,0,Active
L00851,C01146,55,Employed,48555.66,475,28738.29,10.2,48,Debt Consolidation,0.33,2023-07-16,1,Default
L01511,C02973,61,Employed,47167.62,619,25522.75,5.49,60,Personal,0.463,2023-07-17,1,Default
L01856,C02865,22,Self-Employed,49848.67,590,50295.07,5.68,60,Personal,0.7,2023-07-17,0,Active
L00696,C01636,53,Employed,34741.69,622,13613.09,5.41,60,Debt Consolidation,0.303,2023-07-17,0,Active
L01088,C03458,50,Employed,72112.46,578,48267.03,7.41,48,Education,0.364,2023-07-17,0,Active
L03835,C01800,68,Employed,47651.55,599,103172.84,5.73,60,Home Improvement,0.7,2023-07-17,1,Default
L00990,C00166,34,Employed,98169.69,775,14396.51,3.0,48,Debt Consolidation,0.266,2023-07-18,0,Active
L03754,C00551,42,Employed,34813.61,611,34009.7,6.09,36,Debt Consolidation,0.672,2023-07-18,1,Default
L02239,C02057,47,Employed,30039.03,685,24419.95,4.15,12,Debt Consolidation,0.562,2023-07-18,0,Active
L03121,C02416,33,Unemployed,133645.08,612,24534.3,7.01,36,Personal,0.32,2023-07-18,0,Active
L00220,C03431,45,Employed,96215.98,665,12317.66,4.85,72,Personal,0.131,2023-07-18,0,Active
L02932,C01852,32,Employed,179947.99,804,17590.44,3.0,60,Personal,0.197,2023-07-19,0,Active
L00316,C01635,26,Unemployed,37268.9,749,16801.84,3.97,12,Debt Consolidation,0.406,2023-07-19,0,Active
L01688,C00758,67,Employed,36191.84,669,16413.0,4.06,36,Personal,0.328,2023-07-19,0,Active
L02052,C00731,48,Employed,80641.15,615,22255.26,7.34,72,Debt Consolidation,0.25,2023-07-19,0,Active
L03316,C00336,33,Employed,42586.43,649,41646.88,5.99,24,Vehicle,0.658,2023-07-20,1,Default
L04958,C03157,54,Unemployed,68358.97,663,30760.72,4.57,48,Personal,0.27,2023-07-20,0,Active
L03957,C01801,48,Employed,35188.29,671,34137.04,5.64,24,Debt Consolidation,0.64,2023-07-21,0,Active
L03180,C02936,62,Employed,58523.38,646,68310.7,4.95,36,Personal,0.603,2023-07-21,0,Active
L02837,C02557,63,Employed,33395.67,695,14461.26,3.27,72,Personal,0.34,2023-07-21,0,Active
L00617,C00852,60,Unemployed,23570.33,685,104011.99,5.23,36,Education,0.7,2023-07-21,0,Active
L01933,C01356,35,Employed,18000.0,732,20989.39,3.42,36,Home Improvement,0.649,2023-07-22,1,Default
L04910,C02601,48,Self-Employed,18000.0,727,15590.04,3.0,36,Debt Consolidation,0.544,2023-07-22,0,Active
L02668,C02939,22,Self-Employed,61906.0,563,49178.44,6.67,48,Education,0.501,2023-07-22,1,Default
L00365,C01705,23,Unemployed,38931.9,643,28981.28,5.56,24,Vehicle,0.493,2023-07-23,0,Active
L02124,C01856,53,Self-Employed,18000.0,691,14471.56,3.0,60,Debt Consolidation,0.426,2023-07-23,0,Active
L03484,C01106,24,Self-Employed,35672.96,731,32812.61,3.56,36,Home Improvement,0.585,2023-07-23,0,Active
L02863,C01340,61,Employed,54220.78,715,16207.42,4.07,36,Home Improvement,0.307,2023-07-23,1,Default
L02637,C02718,56,Employed,62821.76,573,27660.58,8.03,36,Vehicle,0.31,2023-07-23,0,Active
L04584,C00558,45,Employed,55570.91,671,33655.78,5.83,72,Debt Consolidation,0.4,2023-07-24,0,Active
L04059,C00049,41,Employed,36145.06,635,11546.68,6.02,72,Home Improvement,0.269,2023-07-24,0,Active
L02879,C03139,64,Self-Employed,33397.13,770,19669.51,3.0,60,Home Improvement,0.354,2023-07-24,0,Active
L03574,C02114,69,Employed,60481.45,649,14896.03,3.21,72,Personal,0.222,2023-07-24,0,Active
L04846,C01630,51,Self-Employed,48935.33,733,17120.42,3.13,60,Vehicle,0.454,2023-07-25,0,Active
L02892,C00266,58,Employed,82911.81,692,11380.6,4.71,60,Vehicle,0.218,2023-07-25,0,Active
L01460,C01493,63,Self-Employed,41684.22,701,61453.52,5.27,60,Education,0.7,2023-07-25,0,Active
L00394,C03355,36,Self-Employed,46385.07,577,30107.86,6.74,36,Education,0.414,2023-07-25,0,Active
L02974,C02833,68,Unemployed,49086.23,701,40723.8,3.21,60,Debt Consolidation,0.479,2023-07-25,0,Active
L03137,C02217,68,Employed,73822.29,597,13882.51,6.6,36,Debt Consolidation,0.201,2023-07-25,0,Active
L03958,C01368,59,Employed,87520.16,596,9751.16,6.65,60,Personal,0.362,2023-07-26,0,Active
L01156,C01606,56,Employed,60744.93,523,31757.34,9.45,36,Debt Consolidation,0.445,2023-07-26,0,Active
L03050,C02445,36,Employed,62022.29,654,44253.8,5.46,36,Vehicle,0.515,2023-07-26,0,Active
L01755,C00711,21,Employed,52906.09,668,47811.96,3.0,48,Home Improvement,0.482,2023-07-26,0,Active
L01647,C00646,27,Employed,48165.25,705,24599.26,3.14,36,Vehicle,0.303,2023-07-27,0,Active
L02919,C00964,59,Employed,95098.4,797,13251.41,3.0,12,Home Improvement,0.05,2023-07-27,0,Active
L03845,C02929,33,Employed,113255.76,595,10174.17,8.61,24,Personal,0.198,2023-07-27,0,Active
L04222,C01785,21,Employed,55133.22,720,20803.09,3.42,24,Personal,0.387,2023-07-27,0,Active
L00544,C03465,35,Employed,30358.34,583,15957.5,8.28,48,Debt Consolidation,0.411,2023-07-28,0,Active
L02449,C01185,46,Employed,86835.88,630,56286.67,7.31,48,Debt Consolidation,0.546,2023-07-28,0,Active
L03855,C00661,22,Self-Employed,54460.97,720,6473.71,5.59,72,Personal,0.107,2023-07-28,0,Active
L04307,C02768,26,Employed,18000.0,744,92267.42,3.98,72,Debt Consolidation,0.7,2023-07-29,0,Active
L02975,C02149,50,Employed,42480.54,716,69058.55,4.27,24,Home Improvement,0.7,2023-07-29,0,Active
L01645,C02075,62,Employed,79904.36,723,27330.85,4.17,60,Vehicle,0.324,2023-07-30,1,Default
L02401,C02892,65,Employed,51971.21,695,12465.1,3.71,36,Personal,0.289,2023-07-30,0,Active
L04411,C01305,66,Employed,18000.0,725,17513.08,5.62,36,Debt Consolidation,0.645,2023-07-30,0,Active
L00760,C01389,25,Self-Employed,45190.25,621,39953.11,7.89,36,Home Improvement,0.504,2023-07-31,0,Active
L00562,C00581,24,Unemployed,66092.86,591,9783.1,6.05,12,Personal,0.374,2023-07-31,0,Active
L00540,C00117,32,Self-Employed,30897.47,832,39564.83,3.0,72,Personal,0.7,2023-07-31,0,Active
L03686,C00982,50,Employed,47859.68,706,15313.33,3.44,36,Personal,0.264,2023-07-31,0,Active
L03513,C02091,23,Employed,46111.58,622,33885.23,5.67,72,Personal,0.502,2023-07-31,1,Default
L03373,C01583,41,Self-Employed,99666.63,588,12923.57,8.37,24,Personal,0.127,2023-08-01,0,Active
L03935,C02701,57,Employed,36049.78,598,20017.09,7.3,60,Home Improvement,0.384,2023-08-01,0,Active
L01005,C02833,65,Employed,46138.74,776,18375.47,3.0,36,Personal,0.319,2023-08-01,0,Active
L00214,C01307,22,Self-Employed,39185.95,727,13825.57,3.0,60,Personal,0.215,2023-08-01,0,Active
L02455,C00276,25,Employed,63967.17,805,49497.44,3.0,24,Vehicle,0.7,2023-08-01,0,Active
L03974,C02175,54,Employed,29928.84,630,15003.68,4.15,48,Debt Consolidation,0.223,2023-08-02,0,Active
L00692,C00397,38,Self-Employed,49612.7,522,22787.68,9.1,60,Vehicle,0.421,2023-08-02,0,Active
L00305,C01664,23,Employed,43251.89,685,11945.59,3.0,48,Education,0.278,2023-08-02,0,Active
L02199,C02937,27,Employed,50367.39,682,19734.03,4.27,48,Personal,0.399,2023-08-02,0,Active
L02506,C00588,22,Employed,46732.69,514,31690.89,9.31,24,Debt Consolidation,0.373,2023-08-02,1,Default
L04302,C02885,29,Self-Employed,72854.46,763,36253.48,3.44,36,Vehicle,0.32,2023-08-02,0,Active
L00800,C00190,66,Employed,73559.89,753,6314.43,3.0,12,Education,0.188,2023-08-03,0,Active
L02114,C01683,59,Self-Employed,54954.95,645,35071.59,6.46,12,Home Improvement,0.404,2023-08-03,1,Default
L04228,C01308,36,Employed,139025.93,620,30341.4,4.55,60,Home Improvement,0.29,2023-08-03,0,Active
L03045,C01949,44,Employed,21212.39,744,9462.06,3.0,24,Personal,0.319,2023-08-03,0,Active
L03007,C02709,35,Employed,108996.34,660,12425.25,4.52,60,Personal,0.206,2023-08-03,0,Active
L01866,C00710,52,Employed,30291.41,821,27543.84,3.0,60,Vehicle,0.449,2023-08-03,0,Active
L00179,C03479,30,Employed,44025.04,643,16022.23,3.36,48,Debt Consolidation,0.311,2023-08-03,0,Active
L01896,C00054,32,Unemployed,117689.57,638,12000.01,3.97,48,Debt Consolidation,0.159,2023-08-03,0,Active
L02128,C01810,24,Unemployed,29999.23,766,7336.57,3.0,60,Personal,0.235,2023-08-04,0,Active
L04128,C01464,22,Unemployed,26670.06,747,13430.38,3.0,72,Debt Consolidation,0.359,2023-08-04,0,Active
L03891,C00179,23,Employed,40392.75,799,5961.97,3.0,60,Vehicle,0.185,2023-08-04,0,Active
L02990,C02531,57,Employed,40106.06,641,10076.18,5.28,48,Vehicle,0.277,2023-08-04,0,Active
L00038,C02559,29,Employed,44533.12,735,29060.18,3.0,24,Home Improvement,0.401,2023-08-04,0,Active
L03962,C00856,47,Employed,43500.0,649,41911.91,6.82,12,Vehicle,0.663,2023-08-04,0,Active
L03058,C02177,40,Self-Employed,21826.15,790,13401.45,3.0,36,Home Improvement,0.557,2023-08-04,0,Active
L00813,C02720,48,Employed,96175.41,599,36072.65,6.92,24,Education,0.27,2023-08-05,0,Active
L02949,C00642,46,Self-Employed,54498.78,630,29578.19,7.24,72,Debt Consolidation,0.313,2023-08-05,0,Active
L04697,C01073,29,Self-Employed,72748.58,761,21714.35,3.3,72,Vehicle,0.41,2023-08-05,0,Active
L03898,C01430,22,Employed,24977.47,678,42105.76,3.71,48,Home Improvement,0.7,2023-08-05,0,Active
L04632,C02421,31,Unemployed,27137.55,616,19767.28,8.38,48,Vehicle,0.464,2023-08-05,0,Active
L02205,C02140,69,Employed,55390.91,609,15911.1,6.42,36,Home Improvement,0.386,2023-08-05,0,Active
L05000,C03274,28,Employed,27773.53,596,17773.61,6.05,48,Personal,0.452,2023-08-06,0,Active
L01320,C02598,37,Self-Employed,83551.17,676,32297.75,3.0,36,Debt Consolidation,0.378,2023-08-06,0,Active
L01608,C03187,50,Employed,89732.93,742,16465.26,3.0,12,Personal,0.263,2023-08-06,0,Active
L00927,C02725,66,Employed,29836.58,661,27380.97,5.62,36,Vehicle,0.536,2023-08-06,0,Active
L01697,C03316,39,Employed,88647.36,581,33482.67,6.67,36,Home Improvement,0.241,2023-08-06,0,Active
L00850,C01032,29,Employed,26684.32,760,29049.41,3.04,36,Home Improvement,0.541,2023-08-07,0,Active
L01421,C02709,59,Employed,44544.67,661,31222.96,4.34,48,Debt Consolidation,0.43,2023-08-07,0,Active
L01707,C02344,62,Employed,38463.81,724,61335.24,4.8,36,Vehicle,0.7,2023-08-07,0,Active
L03589,C01451,63,Self-Employed,60389.83,721,150000.0,3.0,36,Vehicle,0.7,2023-08-07,1,Default
L01262,C00873,23,Self-Employed,44922.28,653,68630.55,4.84,36,Debt Consolidation,0.7,2023-08-07,0,Active
L01326,C02337,37,Employed,32160.04,720,13871.16,3.0,36,Personal,0.317,2023-08-07,0,Active
L04729,C02494,41,Employed,76812.47,632,17440.57,5.46,36,Vehicle,0.288,2023-08-07,1,Default
L02647,C03180,52,Employed,25710.31,736,51293.53,3.1,36,Debt Consolidation,0.7,2023-08-08,0,Active
L00109,C00764,28,Employed,27412.99,736,16325.57,3.62,36,Debt Consolidation,0.334,2023-08-08,0,Active
L00216,C02676,24,Self-Employed,49370.21,563,40445.37,8.11,12,Personal,0.365,2023-08-08,0,Active
L00367,C01604,67,Employed,50347.62,605,12980.39,6.36,24,Personal,0.246,2023-08-08,0,Active
L04983,C00206,38,Unemployed,63970.01,780,44199.42,3.0,24,Personal,0.334,2023-08-08,0,Active
L02497,C01143,46,Employed,57369.27,654,41973.64,5.01,12,Personal,0.467,2023-08-08,1,Default
L00444,C00570,30,Employed,79495.16,729,17022.01,3.0,36,Vehicle,0.239,2023-08-09,0,Active
L01794,C00364,56,Self-Employed,22698.63,758,91664.63,3.0,36,Debt Consolidation,0.7,2023-08-09,0,Active
L02595,C00043,23,Employed,58551.97,624,36025.35,5.45,48,Home Improvement,0.494,2023-08-09,0,Active
L01241,C02959,66,Employed,39346.87,588,20441.78,6.43,36,Education,0.469,2023-08-09,0,Active
L02584,C03293,68,Self-Employed,68407.18,681,29401.9,3.0,48,Home Improvement,0.365,2023-08-09,1,Default
L03966,C03113,46,Employed,78449.65,631,16744.29,6.07,60,Debt Consolidation,0.264,2023-08-10,0,Active
L01046,C02886,28,Employed,51069.55,615,40106.66,4.81,48,Debt Consolidation,0.547,2023-08-10,1,Default
L02508,C01864,33,Self-Employed,47781.71,674,27212.09,3.76,60,Debt Consolidation,0.469,2023-08-10,0,Active
L02291,C01990,43,Employed,41608.15,805,28557.74,3.0,24,Personal,0.445,2023-08-11,0,Active
L04163,C02694,44,Self-Employed,19113.96,708,33617.79,3.97,24,Personal,0.7,2023-08-11,0,Active
L01338,C03231,33,Employed,50430.11,769,45674.38,3.0,48,Vehicle,0.512,2023-08-11,0,Active
L01594,C02988,57,Employed,109351.7,580,26221.2,7.86,48,Debt Consolidation,0.257,2023-08-11,0,Active
L00384,C03447,66,Employed,41517.61,694,19712.02,3.58,36,Debt Consolidation,0.288,2023-08-11,1,Default
L03274,C01998,53,Employed,35308.64,699,78714.21,3.0,24,Debt Consolidation,0.7,2023-08-11,0,Active
L00874,C02957,54,Employed,66221.81,750,30932.43,3.0,36,Personal,0.367,2023-08-11,0,Active
L03919,C01491,42,Employed,30076.62,647,83025.47,5.71,72,Personal,0.7,2023-08-12,0,Active
L04784,C01835,37,Employed,38611.18,667,10553.78,3.91,60,Vehicle,0.267,2023-08-12,0,Active
L01636,C02082,57,Self-Employed,29109.0,677,15767.25,4.86,48,Home Improvement,0.38,2023-08-12,0,Active
L03138,C00217,27,Employed,80877.23,631,17521.64,5.75,60,Home Improvement,0.234,2023-08-12,0,Active
L03013,C03085,46,Self-Employed,62889.1,756,18764.72,3.36,12,Debt Consolidation,0.377,2023-08-13,0,Active
L01289,C01047,28,Unemployed,38530.31,555,57819.55,7.05,60,Home Improvement,0.7,2023-08-13,1,Default
L00467,C01842,30,Employed,170276.93,661,6917.16,6.61,48,Education,0.164,2023-08-13,0,Active
L01676,C02059,24,Self-Employed,56961.02,807,17229.32,3.0,48,Personal,0.359,2023-08-13,0,Active
L02328,C02468,26,Employed,22554.48,661,15684.26,5.4,36,Vehicle,0.521,2023-08-13,1,Default
L04325,C03375,38,Employed,54861.79,753,8911.73,3.0,48,Home Improvement,0.146,2023-08-13,0,Active
L00954,C00771,33,Employed,39207.02,739,19810.26,3.0,36,Personal,0.343,2023-08-13,0,Active
L01541,C03055,67,Self-Employed,55155.96,744,11279.6,3.0,24,Education,0.196,2023-08-13,0,Active
L04985,C03454,38,Employed,49793.49,633,15114.33,6.78,24,Vehicle,0.271,2023-08-13,0,Active
L04942,C02925,48,Employed,53786.27,783,11739.97,3.0,48,Vehicle,0.348,2023-08-13,0,Active
L00093,C00202,40,Self-Employed,41792.06,765,17437.73,3.0,36,Personal,0.31,2023-08-13,1,Default
L00105,C00879,36,Employed,95068.85,721,69471.87,3.82,48,Debt Consolidation,0.467,2023-08-13,0,Active
L04240,C01846,56,Employed,62798.57,548,17888.1,7.81,36,Home Improvement,0.331,2023-08-13,0,Active
L01811,C00546,26,Employed,43976.9,850,9456.79,3.0,12,Personal,0.279,2023-08-13,0,Active
L02697,C03274,40,Employed,51660.73,672,38022.98,5.49,60,Personal,0.547,2023-08-14,0,Active
L04290,C02559,30,Employed,25588.82,506,25204.03,8.04,60,Debt Consolidation,0.596,2023-08-14,1,Default
L04355,C03337,29,Self-Employed,78860.2,667,53060.29,5.54,36,Vehicle,0.529,2023-08-14,1,Default
L04145,C00363,42,Self-Employed,40770.75,597,9674.04,6.11,24,Home Improvement,0.301,2023-08-14,1,Default
L04031,C00563,67,Self-Employed,74306.02,648,23271.62,4.97,36,Vehicle,0.274,2023-08-14,0,Active
L01354,C02675,26,Employed,108679.32,689,16846.71,3.23,36,Debt Consolidation,0.166,2023-08-14,0,Active
L01335,C01142,28,Employed,38642.04,712,113068.11,3.59,60,Home Improvement,0.7,2023-08-14,0,Active
L03427,C00188,25,Employed,37967.28,632,20584.33,6.09,48,Debt Consolidation,0.486,2023-08-15,1,Default
L04167,C02249,46,Self-Employed,52151.64,639,29607.94,4.44,36,Vehicle,0.476,2023-08-15,0,Active
L01483,C03390,32,Employed,65374.53,719,44566.68,6.91,36,Personal,0.42,2023-08-15,0,Active
L04509,C00793,27,Employed,57004.1,613,27663.96,5.99,48,Personal,0.273,2023-08-15,0,Active
L02597,C02391,60,Employed,55616.45,659,35959.81,3.79,36,Personal,0.414,2023-08-15,0,Active
L01182,C00646,29,Employed,45961.59,618,23641.2,6.06,60,Education,0.42,2023-08-16,0,Active
L04267,C01611,34,Employed,51620.02,711,13201.72,3.87,60,Vehicle,0.327,2023-08-16,0,Active
L00185,C01060,47,Self-Employed,53977.83,676,62210.93,3.13,60,Education,0.642,2023-08-16,0,Active
L00172,C03313,30,Employed,180000.0,685,96955.04,4.87,24,Debt Consolidation,0.285,2023-08-16,0,Active
L02334,C02383,52,Unemployed,99673.91,796,28250.39,3.0,36,Vehicle,0.343,2023-08-17,0,Active
L00416,C03445,49,Employed,75277.27,615,57574.32,5.25,36,Home Improvement,0.524,2023-08-17,1,Default
L00816,C00815,33,Employed,77569.16,768,121766.04,3.0,48,Home Improvement,0.7,2023-08-17,0,Active
L02416,C03193,62,Employed,49003.52,672,3777.42,3.38,60,Debt Consolidation,0.319,2023-08-17,0,Active
L02428,C01391,41,Employed,51000.46,799,25183.32,3.0,60,Vehicle,0.313,2023-08-18,0,Active
L02018,C03118,37,Employed,29016.4,749,19311.66,3.17,60,Education,0.447,2023-08-18,0,Active
L02752,C01923,43,Employed,71091.34,796,5055.89,4.53,36,Vehicle,0.179,2023-08-18,0,Active
L02109,C00989,49,Self-Employed,54282.4,761,25747.63,3.0,36,Home Improvement,0.437,2023-08-18,0,Active
L00733,C00235,63,Employed,36612.23,799,31173.12,3.0,36,Debt Consolidation,0.566,2023-08-19,0,Active
L00734,C02706,55,Self-Employed,29241.95,739,9116.96,3.0,60,Personal,0.311,2023-08-19,0,Active
L02357,C00526,26,Employed,76143.87,667,15411.24,5.0,72,Education,0.294,2023-08-19,0,Active
L00757,C01446,54,Employed,23351.02,716,21105.76,4.85,48,Education,0.616,2023-08-20,0,Active
L00804,C03441,53,Employed,40100.5,675,63793.19,4.46,36,Debt Consolidation,0.7,2023-08-20,0,Active
L00949,C02202,35,Employed,69451.97,688,39872.71,3.0,24,Personal,0.381,2023-08-20,0,Active
L02216,C01950,32,Employed,39060.07,749,24465.57,3.0,36,Debt Consolidation,0.431,2023-08-20,0,Active
L03397,C00547,48,Employed,61358.83,718,37503.87,4.86,48,Personal,0.535,2023-08-20,0,Active
L03697,C00981,48,Employed,40403.33,721,25296.7,4.2,60,Vehicle,0.405,2023-08-20,0,Active
L00020,C00770,56,Employed,80279.47,850,36404.95,3.0,48,Vehicle,0.41,2023-08-21,1,Default
L04096,C01636,61,Unemployed,49376.24,694,24056.28,4.71,72,Vehicle,0.405,2023-08-21,0,Active
L02817,C00630,54,Self-Employed,31955.65,661,30997.63,5.35,60,Education,0.558,2023-08-21,0,Active
L01313,C01313,42,Employed,31656.01,700,64951.29,4.08,48,Debt Consolidation,0.7,2023-08-22,0,Active
L03383,C01597,36,Employed,52012.79,679,45211.73,3.71,48,Personal,0.445,2023-08-22,0,Active
L01908,C02738,33,Employed,79611.28,651,68740.19,5.54,36,Personal,0.674,2023-08-22,0,Active
L02141,C01710,41,Employed,45044.78,649,41586.07,4.08,60,Debt Consolidation,0.577,2023-08-22,0,Active
L00520,C03422,34,Unemployed,49770.14,672,3880.97,4.15,60,Home Improvement,0.123,2023-08-22,0,Active
L02129,C01295,38,Self-Employed,27784.29,605,50168.1,5.69,48,Debt Consolidation,0.7,2023-08-22,0,Active
L00375,C01159,32,Employed,96819.56,682,15257.9,3.34,60,Debt Consolidation,0.163,2023-08-22,0,Active
L02997,C01765,49,Employed,100546.91,719,34966.64,3.28,36,Home Improvement,0.332,2023-08-23,0,Active
L03162,C02321,34,Self-Employed,58463.7,616,12026.73,5.29,48,Personal,0.172,2023-08-23,1,Default
L04001,C01711,31,Employed,43227.48,687,13990.64,4.33,60,Debt Consolidation,0.444,2023-08-23,0,Active
L04140,C00443,22,Self-Employed,56920.97,670,21738.67,4.66,48,Vehicle,0.414,2023-08-23,0,Active
L00841,C01354,63,Employed,50915.72,735,20598.62,3.0,36,Home Improvement,0.423,2023-08-24,0,Active
L01900,C01545,29,Self-Employed,55813.68,806,132043.69,3.0,36,Personal,0.7,2023-08-24,0,Active
L01568,C00915,46,Unemployed,29049.92,763,18680.72,3.74,36,Education,0.394,2023-08-24,0,Active
L03606,C02286,45,Employed,50019.7,675,12038.09,3.92,72,Home Improvement,0.181,2023-08-24,0,Active
L01869,C03391,67,Employed,43544.64,694,14863.34,4.63,60,Education,0.244,2023-08-24,0,Active
L02256,C02431,36,Employed,29892.29,623,15352.25,5.97,12,Debt Consolidation,0.372,2023-08-24,0,Active
L02741,C01242,33,Self-Employed,33518.7,703,27316.16,5.29,60,Debt Consolidation,0.343,2023-08-24,0,Active
L02461,C00217,22,Self-Employed,122632.11,633,15372.68,6.95,60,Vehicle,0.193,2023-08-25,0,Active
L02464,C03111,24,Employed,34705.66,771,14039.53,3.0,60,Personal,0.374,2023-08-25,0,Active
L03852,C01586,55,Employed,69125.61,692,15184.78,4.34,12,Vehicle,0.166,2023-08-25,0,Active
L04562,C01052,55,Self-Employed,45332.65,711,37287.38,3.0,24,Vehicle,0.448,2023-08-25,0,Active
L02629,C01693,43,Self-Employed,37590.0,669,15512.66,4.32,12,Personal,0.306,2023-08-25,0,Active
L04295,C02385,62,Employed,57001.16,773,23811.52,3.0,12,Debt Consolidation,0.429,2023-08-25,0,Active
L04903,C00874,41,Employed,42111.06,744,39358.71,3.0,48,Home Improvement,0.514,2023-08-26,0,Active
L04041,C01629,65,Employed,36963.37,703,54306.25,3.61,60,Vehicle,0.7,2023-08-26,0,Active
L01316,C01255,65,Employed,37633.24,714,38323.17,3.0,36,Personal,0.593,2023-08-26,0,Active
L02754,C02696,54,Employed,26222.71,647,13274.58,3.78,48,Vehicle,0.366,2023-08-26,0,Active
L00777,C01206,31,Employed,39062.73,737,26198.52,3.0,48,Education,0.455,2023-08-27,0,Active
L04689,C02504,59,Employed,25848.7,569,14287.16,7.38,60,Debt Consolidation,0.436,2023-08-27,0,Active
L04548,C02006,33,Self-Employed,66307.59,729,45979.37,4.21,36,Debt Consolidation,0.424,2023-08-27,0,Active
L04347,C03200,53,Employed,56067.86,620,13457.55,5.97,36,Personal,0.353,2023-08-27,0,Active
L01532,C02491,36,Employed,45691.76,660,11576.66,6.81,60,Vehicle,0.236,2023-08-28,0,Active
L01681,C02792,51,Employed,23966.83,690,19350.2,4.01,48,Debt Consolidation,0.575,2023-08-28,0,Active
L04630,C00720,48,Employed,36237.03,612,11095.28,6.29,48,Debt Consolidation,0.261,2023-08-28,0,Active
L03213,C02484,34,Self-Employed,53182.69,808,16786.21,3.0,48,Debt Consolidation,0.233,2023-08-28,0,Active
L00003,C01295,29,Employed,36176.44,531,10328.85,9.08,48,Education,0.344,2023-08-29,1,Default
L02593,C01764,24,Employed,94464.27,661,33087.71,5.06,36,Education,0.206,2023-08-30,1,Default
L04174,C01524,48,Self-Employed,65064.94,733,40045.58,3.0,36,Home Improvement,0.388,2023-08-30,0,Active
L04326,C03235,40,Self-Employed,40159.68,705,38086.97,4.9,72,Home Improvement,0.529,2023-08-30,0,Active
L03719,C02941,52,Employed,18868.51,575,19515.83,7.38,60,Vehicle,0.543,2023-08-30,1,Default
L02494,C01199,43,Self-Employed,30644.65,629,12532.95,7.7,12,Personal,0.347,2023-08-30,0,Active
L04058,C00574,63,Unemployed,35433.26,613,16930.81,6.35,48,Debt Consolidation,0.376,2023-08-30,1,Default
L02998,C02045,51,Employed,23587.95,702,32061.26,3.69,60,Home Improvement,0.695,2023-08-31,0,Active
L01165,C01161,66,Employed,31422.45,729,12963.77,3.0,60,Home Improvement,0.34,2023-08-31,0,Active
L00558,C03344,39,Employed,63084.41,681,62327.61,5.1,60,Debt Consolidation,0.626,2023-08-31,0,Active
L02442,C03073,51,Employed,141691.55,799,24082.5,3.0,36,Personal,0.302,2023-08-31,0,Active
L01340,C02276,51,Employed,26590.42,672,39529.12,4.34,48,Vehicle,0.699,2023-08-31,0,Active
L01138,C02643,22,Employed,25798.37,702,120132.31,3.0,72,Vehicle,0.7,2023-09-01,0,Active
L00311,C02521,28,Self-Employed,38145.71,745,23959.08,4.11,36,Vehicle,0.288,2023-09-01,0,Active
L02081,C02995,21,Employed,81778.47,688,27326.07,3.0,36,Personal,0.341,2023-09-01,0,Active
L03847,C01694,26,Employed,53683.53,580,43217.18,8.24,60,Personal,0.477,2023-09-01,0,Active
L02197,C02449,27,Employed,42659.4,636,26246.63,5.69,48,Personal,0.438,2023-09-01,1,Default
L03012,C02113,39,Employed,55975.18,657,38315.85,5.21,60,Education,0.602,2023-09-01,0,Active
L01522,C01202,41,Employed,71987.57,645,5890.68,4.71,60,Personal,0.126,2023-09-02,0,Active
L03521,C00198,51,Employed,103555.27,547,30212.32,7.38,48,Personal,0.181,2023-09-02,0,Active
L04621,C01760,69,Self-Employed,39627.3,644,44447.76,5.19,36,Vehicle,0.696,2023-09-02,0,Active
L00228,C00684,54,Employed,20041.9,781,30682.26,3.0,48,Home Improvement,0.7,2023-09-02,0,Active
L02632,C02339,35,Employed,102911.27,808,53160.11,3.0,72,Personal,0.423,2023-09-03,0,Active
L02769,C02824,49,Employed,21575.32,753,12710.72,3.0,60,Home Improvement,0.467,2023-09-03,1,Default
L01764,C00137,35,Employed,35807.74,631,40568.38,4.94,12,Personal,0.622,2023-09-03,0,Active
L03867,C00482,44,Employed,37883.68,713,32281.39,3.07,72,Personal,0.579,2023-09-04,0,Active
L04875,C02402,22,Self-Employed,57848.85,621,14450.13,5.09,48,Home Improvement,0.247,2023-09-04,0,Active
L02756,C01915,23,Employed,66860.28,603,52814.27,5.56,60,Debt Consolidation,0.527,2023-09-04,1,Default
L02137,C03381,64,Employed,53843.09,544,4328.26,8.31,60,Personal,0.122,2023-09-04,0,Active
L04645,C01480,41,Employed,38365.37,679,46641.32,3.09,36,Vehicle,0.641,2023-09-05,0,Active
L03565,C02652,28,Employed,54259.5,710,21492.08,4.57,60,Personal,0.314,2023-09-05,0,Active
L04665,C00393,55,Employed,71793.3,771,15214.06,3.0,36,Vehicle,0.24,2023-09-05,0,Active
L01833,C01263,34,Employed,155313.3,668,50971.62,4.3,36,Education,0.321,2023-09-05,0,Active
L03782,C00424,24,Employed,39750.31,551,7127.44,6.43,48,Personal,0.31,2023-09-05,1,Default
L01626,C02658,35,Employed,48825.52,648,6340.35,6.51,48,Debt Consolidation,0.095,2023-09-05,0,Active
L00585,C02522,59,Employed,44874.01,711,17895.58,5.16,60,Personal,0.357,2023-09-05,0,Active
L01268,C00725,31,Employed,36477.68,791,43777.88,3.0,48,Education,0.65,2023-09-05,0,Active
L02264,C00022,45,Employed,18000.0,678,52257.26,5.9,36,Home Improvement,0.7,2023-09-06,1,Default
L03431,C00548,32,Employed,49424.37,605,28890.83,6.26,36,Personal,0.38,2023-09-06,1,Default
L01053,C01969,46,Employed,53829.96,737,23072.05,3.9,36,Education,0.248,2023-09-07,0,Active
L02375,C00130,61,Employed,37144.35,632,21485.93,4.88,24,Personal,0.387,2023-09-07,0,Active
L02881,C00948,46,Employed,22917.86,584,18401.03,7.63,12,Debt Consolidation,0.559,2023-09-07,1,Default
L01986,C02829,63,Unemployed,27608.94,607,11951.64,5.15,60,Education,0.337,2023-09-08,0,Active
L01127,C00233,58,Employed,46776.17,718,10330.73,3.77,24,Personal,0.188,2023-09-08,0,Active
L02681,C01657,69,Employed,30712.2,634,7038.91,4.78,36,Personal,0.177,2023-09-08,0,Active
L01519,C02135,31,Employed,40925.25,661,21334.72,5.38,60,Education,0.365,2023-09-08,0,Active
L04781,C03426,63,Employed,50561.59,650,24114.38,4.27,60,Debt Consolidation,0.307,2023-09-08,0,Active
L03145,C02197,57,Self-Employed,54939.3,594,10201.95,6.28,36,Debt Consolidation,0.185,2023-09-09,0,Active
L02260,C00208,50,Employed,73778.42,705,10682.84,3.64,36,Debt Consolidation,0.349,2023-09-09,0,Active
L04465,C02438,53,Unemployed,40650.94,650,13131.44,5.61,36,Personal,0.23,2023-09-09,0,Active
L00891,C01029,64,Employed,23869.05,633,29664.47,4.67,48,Debt Consolidation,0.655,2023-09-10,1,Default
L00805,C03481,63,Self-Employed,54394.11,699,9785.8,3.0,24,Debt Consolidation,0.258,2023-09-10,0,Active
L01930,C01219,68,Employed,35814.4,579,35376.69,9.36,36,Personal,0.615,2023-09-11,1,Default
L02409,C03020,39,Employed,33182.34,615,55347.07,7.12,24,Debt Consolidation,0.7,2023-09-12,0,Active
L02687,C01073,41,Self-Employed,50545.36,766,57230.29,3.0,48,Home Improvement,0.633,2023-09-12,0,Active
L00844,C00968,65,Unemployed,97602.32,641,9827.84,3.75,60,Personal,0.171,2023-09-12,1,Default
L04838,C01523,62,Unemployed,69792.53,600,13215.26,7.85,36,Personal,0.321,2023-09-12,0,Active
L04157,C02173,50,Employed,40084.9,670,26050.89,4.73,24,Vehicle,0.518,2023-09-13,0,Active
L03522,C02658,64,Employed,29168.94,705,11847.24,3.0,36,Education,0.293,2023-09-13,1,Default
L00213,C01401,56,Employed,95026.74,669,7958.49,3.39,24,Debt Consolidation,0.23,2023-09-13,0,Active
L02816,C03176,64,Employed,44318.38,667,35982.93,5.81,36,Debt Consolidation,0.509,2023-09-13,0,Active
L00200,C01644,54,Employed,38559.1,691,16402.75,3.0,36,Vehicle,0.419,2023-09-13,0,Active
L01372,C00346,39,Employed,25485.92,731,27228.73,3.45,36,Home Improvement,0.501,2023-09-14,0,Active
L02433,C00957,63,Employed,23590.46,689,33541.58,6.91,48,Home Improvement,0.7,2023-09-14,0,Active
L01020,C02143,69,Employed,34547.72,804,14558.87,3.0,48,Vehicle,0.29,2023-09-15,0,Active
L02413,C02934,36,Employed,36178.24,770,60441.45,3.0,72,Debt Consolidation,0.7,2023-09-15,0,Active
L01008,C00069,42,Self-Employed,39604.34,671,15798.81,5.69,36,Debt Consolidation,0.309,2023-09-15,0,Active
L01432,C01626,54,Employed,65874.05,666,31557.7,6.93,36,Vehicle,0.399,2023-09-15,0,Active
L00994,C00542,28,Employed,51864.9,655,30709.64,5.05,36,Debt Consolidation,0.526,2023-09-15,0,Active
L04054,C01999,67,Employed,69327.77,651,29055.43,5.02,36,Vehicle,0.29,2023-09-15,0,Active
L00815,C01853,50,Employed,105094.48,605,15745.98,5.34,60,Personal,0.273,2023-09-15,0,Active
L04879,C02781,57,Employed,85187.45,707,53583.53,3.28,36,Vehicle,0.448,2023-09-15,0,Active
L01527,C00313,22,Employed,50413.0,611,8620.56,5.12,60,Personal,0.232,2023-09-15,0,Active
L03154,C02399,28,Self-Employed,36216.52,697,10990.56,3.55,36,Home Improvement,0.245,2023-09-16,0,Active
L02536,C01348,27,Employed,27988.8,697,13719.43,3.0,12,Home Improvement,0.356,2023-09-16,0,Active
L00950,C00250,62,Self-Employed,42306.78,752,40331.37,3.53,36,Personal,0.548,2023-09-16,0,Active
L04489,C02739,38,Employed,61698.81,734,18653.22,4.81,48,Personal,0.358,2023-09-16,0,Active
L03220,C02326,59,Self-Employed,33358.34,683,28897.69,3.37,60,Personal,0.566,2023-09-17,1,Default
L02318,C00516,28,Employed,47620.15,698,28557.87,4.61,12,Vehicle,0.336,2023-09-17,0,Active
L03938,C02097,30,Self-Employed,52098.62,630,65889.63,3.91,36,Education,0.69,2023-09-17,1,Default
L01189,C02622,65,Employed,42802.05,657,51023.75,4.98,12,Vehicle,0.7,2023-09-17,0,Active
L00410,C00017,43,Self-Employed,31918.25,577,53021.65,6.4,12,Debt Consolidation,0.7,2023-09-17,1,Default
L01192,C00847,23,Employed,63908.24,592,37899.94,8.14,12,Personal,0.368,2023-09-17,1,Default
L00481,C00972,68,Employed,65871.87,662,16078.17,4.45,36,Debt Consolidation,0.213,2023-09-17,0,Active
L00433,C00981,64,Self-Employed,41323.38,786,41013.64,3.0,48,Vehicle,0.548,2023-09-18,0,Active
L03432,C02773,24,Employed,31967.87,843,38363.77,3.0,36,Debt Consolidation,0.7,2023-09-18,0,Active
L04839,C02177,42,Employed,66541.79,646,23101.78,4.78,48,Debt Consolidation,0.275,2023-09-18,0,Active
L04744,C00620,53,Employed,111668.76,667,24326.83,3.55,36,Home Improvement,0.233,2023-09-18,0,Active
L00139,C01864,35,Unemployed,29696.7,752,16156.26,4.39,36,Home Improvement,0.243,2023-09-19,0,Active
L04432,C02895,60,Unemployed,52684.1,700,27681.66,3.0,12,Vehicle,0.394,2023-09-19,0,Active
L00054,C02069,35,Employed,59805.0,780,24070.34,3.0,48,Debt Consolidation,0.364,2023-09-19,0,Active
L02610,C03189,53,Employed,99877.38,645,26150.79,6.49,48,Vehicle,0.268,2023-09-19,0,Active
L02119,C00570,63,Employed,40130.16,554,31168.39,9.02,72,Personal,0.482,2023-09-20,0,Active
L02238,C01926,48,Unemployed,58329.57,714,35995.21,4.53,72,Home Improvement,0.521,2023-09-20,0,Active
L00035,C02905,54,Employed,43910.32,696,40932.49,3.0,48,Debt Consolidation,0.583,2023-09-20,0,Active
L03313,C02564,25,Unemployed,52761.33,689,16058.97,5.48,36,Personal,0.278,2023-09-20,0,Active
L00983,C01359,37,Unemployed,37880.68,661,26147.24,3.27,36,Personal,0.562,2023-09-20,1,Default
L03177,C03360,32,Self-Employed,42552.92,683,11939.1,4.33,24,Personal,0.243,2023-09-21,0,Active
L02906,C00238,43,Employed,134855.77,540,12176.8,7.63,36,Vehicle,0.21,2023-09-21,0,Active
L00498,C02618,69,Self-Employed,38569.72,670,15281.95,4.39,60,Home Improvement,0.297,2023-09-21,0,Active
L00929,C00083,55,Self-Employed,121544.13,572,24765.47,7.26,12,Education,0.133,2023-09-21,0,Active
L00169,C01485,32,Employed,90975.82,627,30585.04,5.72,48,Personal,0.393,2023-09-21,0,Active
L02360,C00375,65,Employed,79159.42,785,6600.77,3.0,72,Home Improvement,0.207,2023-09-21,0,Active
L00165,C00207,61,Employed,26788.62,618,11790.06,4.77,36,Personal,0.42,2023-09-21,0,Active
L00980,C01330,60,Employed,27755.75,772,13993.27,3.0,36,Education,0.466,2023-09-21,0,Active
L00706,C03456,30,Employed,35939.01,700,32369.48,4.6,48,Vehicle,0.564,2023-09-21,0,Active
L04095,C01142,43,Employed,81429.88,690,38173.73,4.46,48,Debt Consolidation,0.252,2023-09-22,0,Active
L00761,C01857,41,Self-Employed,39886.38,763,15684.79,3.0,36,Home Improvement,0.374,2023-09-22,0,Active
L00899,C01263,30,Unemployed,50637.07,718,35856.8,3.47,48,Personal,0.493,2023-09-22,1,Default
L01425,C00202,50,Employed,58395.76,753,39565.77,3.0,12,Home Improvement,0.404,2023-09-22,0,Active
L02364,C00553,60,Employed,54708.73,617,7075.0,4.93,60,Vehicle,0.168,2023-09-22,0,Active
L00556,C03309,49,Employed,23170.61,728,61924.27,3.0,36,Home Improvement,0.7,2023-09-23,0,Active
L01602,C03230,42,Unemployed,35914.8,633,49775.23,8.89,12,Personal,0.7,2023-09-23,1,Default
L00057,C01298,52,Employed,35874.73,553,14044.29,7.15,24,Vehicle,0.321,2023-09-23,1,Default
L02677,C01807,42,Employed,81900.0,645,66158.5,4.04,60,Vehicle,0.631,2023-09-23,0,Active
L01307,C01203,21,Self-Employed,64198.11,625,14184.75,6.08,36,Education,0.209,2023-09-23,1,Default
L01768,C00827,40,Employed,45911.46,784,49540.09,3.0,48,Debt Consolidation,0.696,2023-09-23,0,Active
L04851,C00685,50,Employed,67442.52,676,31614.27,4.75,24,Vehicle,0.318,2023-09-24,0,Active
L04246,C00476,22,Unemployed,19736.25,687,73881.97,4.41,60,Home Improvement,0.7,2023-09-24,1,Default
L02832,C01013,36,Unemployed,31640.03,618,46356.72,6.28,48,Education,0.7,2023-09-24,0,Active
L04780,C02173,41,Unemployed,121176.93,681,16921.48,4.41,36,Home Improvement,0.231,2023-09-24,0,Active
L01077,C01716,41,Employed,61819.0,688,46628.07,3.3,48,Vehicle,0.589,2023-09-24,0,Active
L04413,C02079,42,Employed,57131.39,754,13252.22,3.0,72,Home Improvement,0.311,2023-09-24,0,Active
L01298,C01998,51,Employed,84000.49,705,12181.23,3.66,36,Personal,0.171,2023-09-24,1,Default
L01287,C02470,46,Employed,65583.75,679,3797.18,4.36,48,Vehicle,0.107,2023-09-24,0,Active
L03010,C01447,48,Employed,38804.61,668,48118.92,4.55,36,Personal,0.683,2023-09-25,0,Active
L01693,C01786,62,Employed,29003.17,722,21380.85,3.0,60,Home Improvement,0.451,2023-09-25,0,Active
L03128,C03010,27,Employed,88347.63,751,37528.54,3.0,60,Home Improvement,0.49,2023-09-25,0,Active
L03678,C01419,34,Self-Employed,32289.02,605,15850.62,7.24,36,Vehicle,0.359,2023-09-25,0,Active
L01304,C01670,57,Employed,74275.65,691,25660.02,4.87,60,Home Improvement,0.282,2023-09-25,0,Active
L01392,C00127,68,Employed,58898.18,679,29572.05,4.43,36,Home Improvement,0.359,2023-09-25,0,Active
L00880,C00256,44,Self-Employed,59992.08,664,72794.05,4.31,12,Education,0.579,2023-09-26,0,Active
L02738,C00700,62,Employed,81902.12,776,35245.52,3.0,60,Debt Consolidation,0.303,2023-09-26,0,Active
L03996,C00174,58,Employed,29057.62,646,105285.39,4.39,36,Education,0.7,2023-09-26,1,Default
L00129,C00419,25,Employed,47163.75,579,21847.46,6.4,60,Vehicle,0.311,2023-09-26,0,Active
L02254,C00111,28,Employed,43747.67,794,44891.58,3.0,60,Debt Consolidation,0.534,2023-09-26,0,Active
L02509,C00345,59,Self-Employed,40766.68,602,18854.05,7.22,36,Vehicle,0.404,2023-09-26,0,Active
L04805,C01878,54,Employed,40954.19,615,9525.11,5.22,72,Personal,0.407,2023-09-26,1,Default
L04677,C01595,25,Employed,70630.04,762,20199.2,3.0,24,Vehicle,0.254,2023-09-26,0,Active
L03176,C03244,21,Employed,36431.62,700,40297.0,5.88,36,Vehicle,0.55,2023-09-27,1,Default
L01491,C03216,43,Self-Employed,60467.46,594,28920.93,6.46,60,Personal,0.346,2023-09-27,0,Active
L04287,C00365,37,Employed,93903.95,661,15400.16,4.29,48,Debt Consolidation,0.173,2023-09-27,0,Active
L03700,C02594,42,Employed,24225.09,816,8526.73,3.0,36,Education,0.378,2023-09-27,0,Active
L01090,C02714,29,Self-Employed,108409.75,743,8616.34,3.0,12,Vehicle,0.166,2023-09-27,0,Active
L03059,C03202,36,Employed,63229.86,671,20891.79,3.81,12,Debt Consolidation,0.286,2023-09-27,1,Default
L04515,C01676,30,Self-Employed,109977.58,735,17692.59,3.37,48,Personal,0.148,2023-09-27,0,Active
L00861,C00041,50,Employed,96494.36,671,25658.37,4.39,72,Debt Consolidation,0.385,2023-09-28,0,Active
L01193,C02763,44,Employed,43872.88,831,8070.87,3.0,36,Vehicle,0.21,2023-09-28,0,Active
L02655,C02346,64,Employed,31182.98,701,13039.65,5.36,72,Debt Consolidation,0.273,2023-09-29,0,Active
L01553,C00165,35,Self-Employed,31928.04,610,18269.02,5.95,12,Personal,0.493,2023-09-29,0,Active
L01669,C00693,59,Self-Employed,84840.32,626,45576.24,5.41,48,Debt Consolidation,0.489,2023-09-30,0,Active
L00445,C01347,67,Employed,108667.24,710,22698.36,3.0,60,Vehicle,0.302,2023-09-30,0,Active
L02734,C03239,26,Employed,46529.52,713,26419.64,5.4,36,Education,0.38,2023-09-30,0,Active
L00553,C01142,40,Employed,39812.18,738,71048.03,3.82,48,Personal,0.7,2023-09-30,0,Active
L03642,C01548,22,Employed,79061.83,759,57597.25,4.05,12,Personal,0.428,2023-09-30,0,Active
L00732,C00733,35,Self-Employed,130836.47,669,28042.6,3.84,36,Vehicle,0.184,2023-10-01,0,Active
L03611,C00468,67,Employed,45487.05,617,14336.84,5.76,60,Personal,0.232,2023-10-01,0,Active
L04453,C03066,28,Employed,71140.15,715,18782.16,3.0,12,Personal,0.225,2023-10-01,0,Active
L01468,C00342,25,Employed,37546.2,666,17923.42,4.64,48,Debt Consolidation,0.394,2023-10-01,0,Active
L00538,C01370,42,Employed,41742.59,752,35055.91,3.0,72,Vehicle,0.466,2023-10-01,0,Active
L00621,C02428,50,Employed,85688.24,607,16470.78,5.02,60,Vehicle,0.168,2023-10-01,1,Default
L01572,C00082,49,Employed,36386.69,667,7596.57,3.73,72,Personal,0.265,2023-10-01,0,Active
L01116,C01255,51,Unemployed,72892.85,728,26381.3,4.64,36,Debt Consolidation,0.345,2023-10-02,0,Active
L02430,C01926,52,Employed,57809.89,657,15591.66,5.3,24,Debt Consolidation,0.239,2023-10-02,0,Active
L00794,C01385,32,Employed,51780.75,702,26320.33,3.92,24,Home Improvement,0.331,2023-10-03,0,Active
L00937,C00685,62,Self-Employed,49498.32,658,30285.07,4.94,60,Vehicle,0.462,2023-10-03,0,Active
L01760,C00250,51,Unemployed,70485.07,695,10186.08,3.74,36,Education,0.13,2023-10-04,0,Active
L04782,C01297,56,Employed,49635.27,624,20984.75,6.13,24,Debt Consolidation,0.285,2023-10-04,0,Active
L00648,C00418,48,Employed,51943.23,680,7963.28,5.9,72,Education,0.249,2023-10-04,0,Active
L01209,C02188,55,Employed,131633.2,769,25060.73,3.0,60,Debt Consolidation,0.308,2023-10-04,0,Active
L02480,C00892,33,Unemployed,45215.64,817,12801.46,3.0,36,Personal,0.368,2023-10-04,0,Active
L04177,C03056,60,Employed,49146.99,645,21425.29,5.67,60,Vehicle,0.241,2023-10-04,1,Default
L03628,C03072,65,Employed,49084.9,815,23174.53,3.0,24,Education,0.393,2023-10-05,0,Active
L00112,C00493,32,Employed,102931.18,691,34911.81,4.84,36,Personal,0.27,2023-10-05,0,Active
L04391,C02343,33,Self-Employed,64313.39,658,35715.5,5.05,24,Vehicle,0.368,2023-10-05,0,Active
L04475,C00137,59,Employed,88516.84,574,10980.18,5.98,24,Education,0.397,2023-10-05,0,Active
L01065,C02398,50,Employed,109735.98,744,30894.37,3.0,60,Debt Consolidation,0.208,2023-10-05,0,Active
L00006,C03093,52,Employed,39445.49,771,25762.96,3.0,48,Education,0.542,2023-10-05,0,Active
L01397,C01929,36,Employed,91272.57,662,64646.83,3.0,36,Debt Consolidation,0.593,2023-10-05,0,Active
L01414,C02873,29,Employed,122307.21,579,35428.29,6.15,36,Home Improvement,0.337,2023-10-05,1,Default
L01632,C02090,25,Employed,37211.45,449,43893.5,9.25,36,Personal,0.7,2023-10-06,0,Active
L04061,C00223,47,Self-Employed,23229.22,789,18569.61,3.0,60,Debt Consolidation,0.414,2023-10-06,0,Active
L03302,C02250,50,Employed,65223.67,655,24820.32,5.49,24,Vehicle,0.447,2023-10-06,0,Active
L00988,C01332,33,Unemployed,60952.18,707,47061.49,3.96,48,Home Improvement,0.409,2023-10-07,0,Active
L03200,C01760,22,Employed,61041.6,777,53978.05,3.0,72,Personal,0.35,2023-10-07,0,Active
L00318,C01788,45,Employed,80749.8,712,27852.82,3.34,36,Vehicle,0.33,2023-10-07,0,Active
L02162,C00521,27,Employed,69899.7,669,75447.39,3.57,36,Debt Consolidation,0.7,2023-10-07,0,Active
L01935,C00521,34,Self-Employed,53434.69,680,21458.84,4.61,60,Personal,0.429,2023-10-07,0,Active
L04730,C02258,37,Employed,56656.09,677,14879.82,4.22,36,Personal,0.307,2023-10-08,0,Active
L04889,C02330,23,Employed,51398.69,612,33679.45,6.64,36,Personal,0.519,2023-10-08,0,Active
L00267,C00836,46,Employed,81881.75,640,86249.65,6.67,48,Debt Consolidation,0.593,2023-10-09,1,Default
L03583,C00774,56,Unemployed,41305.89,688,10084.93,4.75,48,Vehicle,0.392,2023-10-09,0,Active
L02719,C00650,21,Employed,25777.63,637,20840.13,4.19,36,Home Improvement,0.391,2023-10-10,0,Active
L04464,C01961,48,Employed,47099.3,726,28126.34,3.0,36,Debt Consolidation,0.455,2023-10-10,0,Active
L01928,C02683,40,Unemployed,30740.09,658,32699.54,5.9,36,Vehicle,0.605,2023-10-10,1,Default
L00014,C03445,41,Employed,55942.45,741,28908.08,3.87,60,Vehicle,0.278,2023-10-10,0,Active
L02446,C02533,29,Employed,47567.28,769,42299.09,3.66,48,Personal,0.584,2023-10-10,0,Active
L01043,C00682,33,Employed,52789.78,707,17658.4,3.0,24,Home Improvement,0.262,2023-10-10,0,Active
L03892,C00132,28,Employed,107931.52,482,50681.55,8.62,36,Personal,0.348,2023-10-11,0,Active
L04116,C01451,48,Employed,25196.25,678,46319.1,6.31,36,Debt Consolidation,0.7,2023-10-11,0,Active
L03468,C01423,37,Employed,39318.96,696,12151.57,3.3,36,Debt Consolidation,0.179,2023-10-11,0,Active
L03556,C00884,61,Employed,43629.12,651,40354.13,4.84,24,Personal,0.574,2023-10-11,0,Active
L02026,C00700,58,Employed,24191.96,644,36810.35,4.27,60,Education,0.646,2023-10-12,1,Default
L01423,C01333,36,Employed,30850.41,732,20020.84,3.99,48,Vehicle,0.358,2023-10-12,0,Active
L03089,C00087,64,Employed,82981.16,704,21296.27,3.71,24,Vehicle,0.243,2023-10-13,0,Active
L00875,C01582,27,Unemployed,60628.82,680,23206.64,4.77,48,Personal,0.393,2023-10-13,1,Default
L00992,C01359,24,Employed,72380.86,693,100699.48,4.18,48,Personal,0.7,2023-10-13,0,Active
L03491,C01881,51,Employed,42718.25,669,55468.55,4.69,72,Vehicle,0.697,2023-10-13,1,Default
L01155,C01734,63,Employed,36474.26,733,67584.22,3.14,24,Education,0.7,2023-10-14,0,Active
L02579,C02864,41,Employed,56246.92,670,55598.8,3.0,48,Debt Consolidation,0.7,2023-10-14,0,Active
L04057,C01237,36,Employed,63493.84,645,21800.43,6.14,36,Personal,0.316,2023-10-14,0,Active
L01864,C00939,64,Employed,69505.57,596,54018.7,7.19,60,Personal,0.654,2023-10-14,1,Default
L01286,C02848,59,Employed,58316.66,741,37274.66,5.23,48,Debt Consolidation,0.331,2023-10-15,0,Active
L00522,C02915,39,Employed,46151.62,664,63430.23,3.0,36,Vehicle,0.7,2023-10-15,1,Default
L01539,C02627,64,Self-Employed,50417.76,706,72390.21,3.0,48,Education,0.7,2023-10-15,1,Default
L00543,C01151,56,Employed,42370.61,617,30888.52,5.25,60,Vehicle,0.451,2023-10-16,0,Active
L00284,C00187,66,Employed,36289.63,734,11471.65,4.35,48,Home Improvement,0.142,2023-10-16,0,Active
L03701,C00041,47,Employed,57020.51,649,14901.73,4.43,48,Personal,0.148,2023-10-16,1,Default
L00554,C00560,49,Employed,78261.03,566,17539.21,8.03,72,Vehicle,0.224,2023-10-16,1,Default
L03861,C02045,42,Employed,33417.07,681,34912.97,5.42,12,Personal,0.7,2023-10-17,0,Active
L02603,C01005,58,Employed,75032.4,694,57092.85,5.39,60,Home Improvement,0.562,2023-10-17,0,Active
L01078,C02767,68,Employed,44581.46,667,10349.52,5.42,48,Personal,0.303,2023-10-17,0,Active
L04508,C00431,68,Employed,85805.81,752,43136.52,3.0,48,Home Improvement,0.303,2023-10-17,0,Active
L03456,C01252,35,Employed,40820.13,742,15556.36,3.0,60,Vehicle,0.242,2023-10-17,0,Active
L00345,C00587,44,Employed,39966.37,626,21066.26,4.35,48,Personal,0.381,2023-10-18,0,Active
L02884,C01429,56,Employed,22795.76,826,16118.99,3.0,48,Debt Consolidation,0.448,2023-10-18,0,Active
L00072,C01479,39,Unemployed,35668.81,847,60900.95,3.0,36,Debt Consolidation,0.7,2023-10-18,0,Active
L03999,C02479,47,Self-Employed,52429.57,734,66465.04,3.02,72,Personal,0.634,2023-10-18,0,Active
L00948,C01575,37,Self-Employed,45283.42,700,33341.85,3.0,60,Vehicle,0.569,2023-10-19,0,Active
L01853,C01999,45,Employed,47184.93,648,35334.98,3.39,36,Vehicle,0.531,2023-10-19,1,Default
L01122,C03284,41,Employed,40699.36,591,10293.7,5.16,36,Personal,0.226,2023-10-19,1,Default
L04419,C03146,67,Unemployed,39240.01,646,42899.84,5.14,48,Home Improvement,0.645,2023-10-19,0,Active
L02065,C03342,68,Unemployed,79588.63,630,14962.16,6.18,24,Debt Consolidation,0.189,2023-10-20,0,Active
L01800,C03469,52,Employed,27012.8,701,15909.75,6.67,60,Vehicle,0.521,2023-10-20,0,Active
L04160,C00124,23,Employed,83596.81,692,5113.09,4.97,24,Education,0.196,2023-10-20,0,Active
L03531,C00098,41,Employed,38809.56,593,19630.32,6.68,48,Debt Consolidation,0.423,2023-10-20,1,Default
L03379,C03472,59,Employed,62032.71,738,13937.99,3.38,36,Personal,0.219,2023-10-21,0,Active
L04358,C03456,23,Unemployed,85274.67,809,71096.22,3.0,36,Education,0.547,2023-10-22,0,Active
L04133,C01649,43,Employed,75927.45,828,14222.67,3.0,60,Personal,0.248,2023-10-22,0,Active
L04053,C03383,23,Employed,31682.55,641,124394.26,6.35,24,Debt Consolidation,0.7,2023-10-22,0,Active
L00766,C03399,40,Unemployed,57273.23,590,150000.0,5.83,60,Personal,0.7,2023-10-22,1,Default
L00590,C01313,39,Self-Employed,37931.5,747,26878.88,3.36,24,Vehicle,0.313,2023-10-23,0,Active
L03393,C01901,46,Self-Employed,33309.65,672,56904.36,5.82,72,Home Improvement,0.7,2023-10-23,0,Active
L01733,C00012,63,Employed,74702.79,622,37862.17,6.03,24,Debt Consolidation,0.464,2023-10-23,0,Active
L00195,C01598,40,Employed,87778.75,785,11890.01,3.0,48,Personal,0.24,2023-10-24,1,Default
L04123,C01830,62,Self-Employed,49693.53,562,14130.75,7.02,48,Home Improvement,0.363,2023-10-24,0,Active
L01577,C01940,43,Employed,43784.15,712,24319.09,3.79,12,Education,0.38,2023-10-24,0,Active
L03114,C02038,34,Employed,88881.85,775,8288.39,3.0,36,Vehicle,0.205,2023-10-24,0,Active
L00529,C01130,31,Unemployed,18000.0,767,49773.35,3.0,12,Debt Consolidation,0.7,2023-10-25,0,Active
L00817,C01173,33,Employed,44324.19,728,27238.93,4.11,36,Personal,0.432,2023-10-25,0,Active
L03134,C02884,47,Employed,91930.49,658,34179.77,7.25,12,Personal,0.354,2023-10-25,0,Active
L00539,C00741,26,Employed,70934.37,684,18556.74,4.05,36,Debt Consolidation,0.238,2023-10-25,0,Active
L00785,C00653,30,Employed,69592.71,665,25050.31,5.15,72,Vehicle,0.226,2023-10-26,0,Active
L04373,C01552,67,Employed,86934.56,645,55027.21,4.46,60,Education,0.393,2023-10-26,1,Default
L03066,C00789,34,Self-Employed,51291.88,558,33256.96,7.12,36,Personal,0.409,2023-10-26,0,Active
L03765,C01467,27,Employed,49881.62,729,27624.89,3.97,60,Education,0.454,2023-10-26,0,Active
L03366,C01284,24,Employed,52954.27,569,41456.26,7.56,60,Personal,0.496,2023-10-27,0,Active
L00368,C02849,40,Employed,24315.99,697,64587.71,4.43,24,Personal,0.7,2023-10-27,1,Default
L04790,C00520,40,Employed,82446.3,660,35582.44,3.57,12,Debt Consolidation,0.355,2023-10-27,0,Active
L01612,C02600,54,Employed,25808.26,684,17133.35,4.22,36,Debt Consolidation,0.317,2023-10-27,0,Active
L01254,C02636,47,Self-Employed,50960.66,655,44938.98,6.23,36,Education,0.505,2023-10-27,0,Active
L04580,C01674,46,Employed,52444.75,615,42824.89,6.25,48,Home Improvement,0.591,2023-10-27,0,Active
L03602,C02615,66,Employed,31764.3,536,33764.18,6.09,36,Personal,0.609,2023-10-28,0,Active
L01124,C01604,43,Unemployed,82805.18,633,40732.26,4.7,36,Personal,0.436,2023-10-28,0,Active
L00198,C00796,22,Employed,67544.21,766,14218.76,3.0,72,Education,0.166,2023-10-28,0,Active
L01099,C02798,52,Unemployed,82489.98,594,23285.37,6.07,24,Home Improvement,0.327,2023-10-28,0,Active
L00247,C00699,66,Employed,54681.34,624,60227.93,5.4,24,Personal,0.7,2023-10-29,0,Active
L03641,C02697,37,Employed,46266.59,821,24213.94,3.0,24,Vehicle,0.33,2023-10-29,0,Active
L03632,C00688,54,Employed,47521.99,681,57081.06,5.75,48,Vehicle,0.626,2023-10-29,0,Active
L02042,C01246,55,Employed,29371.13,546,15648.54,7.39,48,Education,0.484,2023-10-29,1,Default
L02406,C03348,36,Employed,43964.73,744,62882.41,3.0,36,Home Improvement,0.7,2023-10-30,0,Active
L01715,C00025,40,Self-Employed,18000.0,747,16151.03,3.11,36,Vehicle,0.49,2023-10-30,0,Active
L02834,C02508,21,Self-Employed,77023.12,788,35742.84,3.0,12,Education,0.414,2023-10-30,0,Active
L01229,C02220,23,Self-Employed,26927.72,677,21693.08,3.66,60,Debt Consolidation,0.556,2023-10-30,0,Active
L01861,C02042,28,Employed,99752.03,626,27053.96,6.48,72,Personal,0.283,2023-10-30,0,Active
L02701,C03041,60,Self-Employed,83671.16,707,32478.93,3.07,72,Vehicle,0.343,2023-10-30,0,Active
L02810,C02563,45,Employed,71002.01,697,6962.65,4.21,48,Debt Consolidation,0.184,2023-10-30,0,Active
L04607,C03228,59,Employed,51905.75,744,48693.35,3.16,60,Personal,0.684,2023-10-30,0,Active
L03023,C00164,23,Employed,83690.23,693,15054.39,3.11,72,Vehicle,0.205,2023-10-31,0,Active
L00107,C00792,38,Employed,99198.26,642,28405.44,7.22,36,Debt Consolidation,0.27,2023-10-31,0,Active
L03593,C02552,30,Employed,52127.71,822,5668.38,3.0,60,Personal,0.292,2023-11-01,0,Active
L02811,C01680,35,Employed,31791.33,662,16848.93,5.55,48,Personal,0.335,2023-11-01,0,Active
L04002,C01876,67,Employed,92793.76,697,84426.76,3.04,60,Vehicle,0.59,2023-11-02,0,Active
L04494,C01949,30,Employed,39274.44,718,8278.65,3.31,48,Personal,0.275,2023-11-02,0,Active
L00136,C03100,33,Employed,35198.14,576,76420.36,6.44,60,Education,0.7,2023-11-02,0,Active
L03710,C00896,21,Employed,51137.62,546,7844.9,7.07,48,Debt Consolidation,0.076,2023-11-02,0,Active
L04164,C01732,42,Self-Employed,57810.78,719,16348.75,4.03,60,Education,0.311,2023-11-03,0,Active
L04134,C01901,30,Employed,50506.58,716,20008.66,3.37,72,Education,0.402,2023-11-03,0,Active
L02858,C00262,57,Employed,35219.94,771,47003.31,3.0,36,Personal,0.7,2023-11-03,0,Active
L02099,C01824,53,Employed,55667.31,662,34934.25,4.62,12,Home Improvement,0.481,2023-11-03,0,Active
L00833,C01167,49,Employed,34395.83,652,32172.9,6.25,36,Vehicle,0.619,2023-11-04,0,Active
L01204,C01811,23,Employed,40932.01,667,63832.54,5.05,36,Vehicle,0.7,2023-11-04,0,Active
L02288,C00695,21,Employed,70583.96,638,45865.01,6.85,48,Personal,0.512,2023-11-04,0,Active
L04605,C02278,23,Employed,50436.31,626,16282.83,5.32,48,Vehicle,0.286,2023-11-04,0,Active
L04423,C01588,45,Employed,62895.03,683,43460.61,4.57,24,Personal,0.642,2023-11-04,1,Default
L02515,C01311,38,Self-Employed,54334.78,628,23446.92,7.09,48,Home Improvement,0.268,2023-11-04,0,Active
L04796,C02020,23,Unemployed,68933.47,602,63508.49,7.02,24,Debt Consolidation,0.584,2023-11-05,1,Default
L04085,C03244,46,Self-Employed,71392.42,751,25682.02,3.38,48,Debt Consolidation,0.347,2023-11-05,0,Active
L01807,C02942,34,Employed,72013.24,612,8578.78,5.09,60,Personal,0.112,2023-11-05,0,Active
L01344,C02063,42,Self-Employed,20297.95,763,12108.63,4.03,60,Home Improvement,0.378,2023-11-05,0,Active
L00275,C02932,65,Employed,90727.68,667,19691.0,5.63,60,Education,0.126,2023-11-06,0,Active
L00350,C00254,23,Employed,53005.64,756,16458.43,3.0,36,Debt Consolidation,0.457,2023-11-06,0,Active
L03195,C03432,26,Employed,98032.3,721,72333.15,3.0,48,Personal,0.576,2023-11-07,0,Active
L03112,C00773,22,Employed,51811.11,696,16098.77,5.4,36,Vehicle,0.365,2023-11-07,0,Active
L00694,C03091,28,Employed,75572.88,674,24493.09,4.71,36,Vehicle,0.451,2023-11-07,0,Active
L03078,C03245,64,Unemployed,74402.5,639,42439.93,4.18,24,Education,0.447,2023-11-08,0,Active
L00894,C01825,31,Self-Employed,44659.02,568,78432.64,7.93,36,Education,0.7,2023-11-08,0,Active
L02659,C01476,38,Employed,30227.87,719,22598.01,3.0,36,Vehicle,0.425,2023-11-08,0,Active
L02295,C03424,48,Employed,71368.59,760,29591.7,3.0,48,Personal,0.363,2023-11-08,0,Active
L02379,C02041,26,Employed,32850.79,734,49690.56,3.0,60,Vehicle,0.7,2023-11-08,0,Active
L00665,C01893,40,Employed,61249.81,726,32520.43,3.65,48,Personal,0.375,2023-11-08,0,Active
L03425,C01852,58,Employed,71690.99,691,12294.39,3.71,12,Education,0.212,2023-11-08,0,Active
L04804,C02802,65,Self-Employed,34815.6,645,40353.29,6.28,48,Vehicle,0.539,2023-11-09,1,Default
L04507,C01809,43,Self-Employed,48736.95,636,17342.07,6.97,12,Education,0.321,2023-11-09,0,Active
L03280,C02635,66,Employed,29083.51,814,43901.46,3.0,60,Debt Consolidation,0.7,2023-11-09,0,Active
L02389,C00301,55,Employed,37256.76,768,28207.5,3.0,72,Vehicle,0.516,2023-11-09,0,Active
L01349,C02372,46,Self-Employed,53286.8,564,22648.48,9.03,48,Home Improvement,0.16,2023-11-09,0,Active
L02996,C02503,69,Employed,129852.79,561,19377.21,7.31,60,Personal,0.208,2023-11-09,0,Active
L00502,C00682,23,Employed,46321.4,564,41228.74,7.36,36,Home Improvement,0.497,2023-11-10,1,Default
L01226,C00261,45,Employed,24055.69,653,14331.65,5.45,48,Home Improvement,0.366,2023-11-10,0,Active
L01333,C01866,34,Self-Employed,18000.0,659,37062.18,5.69,24,Vehicle,0.7,2023-11-11,0,Active
L01365,C01866,39,Employed,58483.18,633,49458.02,4.83,60,Vehicle,0.421,2023-11-11,0,Active
L00357,C01885,68,Self-Employed,62871.55,528,54479.02,8.4,36,Debt Consolidation,0.692,2023-11-11,1,Default
L00413,C02206,50,Employed,73852.63,669,12275.17,4.68,72,Personal,0.21,2023-11-11,0,Active
L02067,C00687,61,Employed,44852.71,645,82844.23,5.99,60,Education,0.7,2023-11-11,0,Active
L03816,C02513,26,Self-Employed,26720.26,597,6723.62,5.01,36,Debt Consolidation,0.209,2023-11-11,0,Active
L00293,C02451,31,Employed,74613.55,631,12744.02,5.32,60,Debt Consolidation,0.252,2023-11-11,0,Active
L00495,C01149,69,Employed,52002.82,694,56168.46,4.9,48,Home Improvement,0.636,2023-11-11,0,Active
L00680,C01549,25,Self-Employed,40789.36,833,17204.83,3.0,60,Debt Consolidation,0.302,2023-11-12,0,Active
L00262,C02778,35,Employed,67328.04,530,14337.94,8.68,72,Debt Consolidation,0.356,2023-11-12,0,Active
L04681,C00026,28,Employed,93233.46,725,30625.13,3.66,48,Personal,0.313,2023-11-13,0,Active
L03221,C02469,40,Employed,32207.54,694,18362.64,3.0,36,Home Improvement,0.427,2023-11-13,0,Active
L03751,C02020,22,Employed,52263.79,808,47648.65,3.0,36,Debt Consolidation,0.618,2023-11-13,0,Active
L00157,C01029,26,Unemployed,91605.41,730,22648.72,3.01,24,Debt Consolidation,0.22,2023-11-13,0,Active
L04549,C02017,61,Employed,54728.05,727,33469.39,4.65,60,Vehicle,0.437,2023-11-13,0,Active
L03502,C03065,36,Employed,77107.54,646,34937.37,7.87,36,Education,0.12,2023-11-14,1,Default
L00781,C01882,43,Unemployed,19461.99,777,28668.99,3.0,24,Debt Consolidation,0.653,2023-11-14,0,Active
L01399,C00051,36,Employed,78480.25,558,19335.23,8.62,36,Home Improvement,0.296,2023-11-14,0,Active
L02966,C03152,57,Employed,51028.01,652,19614.47,5.63,72,Personal,0.383,2023-11-15,0,Active
L01799,C00921,43,Self-Employed,36657.52,556,20968.04,8.26,72,Personal,0.436,2023-11-15,1,Default
L04764,C01163,41,Employed,24064.28,666,41654.73,4.8,12,Personal,0.7,2023-11-15,0,Active
L02848,C03017,24,Employed,50164.14,543,8254.24,7.43,12,Home Improvement,0.289,2023-11-15,0,Active
L04892,C00700,48,Employed,63563.35,736,24809.9,3.0,60,Vehicle,0.308,2023-11-16,0,Active
L04588,C02916,46,Unemployed,67612.48,807,18150.1,3.0,12,Debt Consolidation,0.375,2023-11-16,0,Active
L04899,C00405,35,Self-Employed,168172.95,610,25722.47,6.93,12,Personal,0.217,2023-11-16,0,Active
L00042,C01807,40,Self-Employed,24955.64,661,22431.35,5.16,24,Education,0.595,2023-11-16,0,Active
L02139,C00591,62,Employed,60252.81,826,37612.5,3.0,60,Debt Consolidation,0.385,2023-11-16,0,Active
L02809,C03028,43,Employed,40098.66,566,31428.32,7.66,48,Vehicle,0.454,2023-11-16,0,Active
L03003,C01598,63,Employed,49265.52,731,27670.8,4.62,36,Personal,0.386,2023-11-17,0,Active
L03614,C02823,39,Employed,33717.6,766,94523.65,3.0,24,Vehicle,0.7,2023-11-17,1,Default
L00455,C01410,39,Self-Employed,43072.83,708,42556.88,4.2,60,Personal,0.565,2023-11-17,0,Active
L01484,C02080,43,Unemployed,30052.79,782,56189.69,3.0,36,Vehicle,0.7,2023-11-17,0,Active
L02271,C00014,65,Employed,44826.3,731,42675.42,3.54,48,Vehicle,0.524,2023-11-17,0,Active
L04646,C03117,49,Employed,103549.01,619,12520.29,6.62,72,Debt Consolidation,0.132,2023-11-17,0,Active
L04152,C00911,21,Employed,82162.67,609,30580.0,4.67,36,Debt Consolidation,0.349,2023-11-17,0,Active
L04403,C03305,31,Employed,46157.1,566,44804.01,7.94,36,Personal,0.441,2023-11-17,0,Active
L00188,C01723,58,Employed,33444.22,635,13547.5,5.35,36,Personal,0.274,2023-11-18,0,Active
L03549,C02439,24,Employed,34802.32,669,42621.83,5.69,36,Personal,0.7,2023-11-18,1,Default
L02955,C01487,68,Self-Employed,77755.57,677,39494.8,3.62,12,Vehicle,0.337,2023-11-18,0,Active
L01762,C00335,22,Self-Employed,45766.75,632,6336.67,6.77,12,Personal,0.327,2023-11-18,1,Default
L01292,C00993,29,Employed,30179.91,723,8575.08,3.0,24,Debt Consolidation,0.291,2023-11-19,0,Active
L00981,C02146,33,Self-Employed,65254.56,686,74647.5,4.25,60,Debt Consolidation,0.631,2023-11-19,0,Active
L03894,C01479,31,Employed,59657.51,728,7170.72,3.22,48,Home Improvement,0.15,2023-11-19,0,Active
L03798,C03399,23,Employed,32077.32,771,9545.53,3.0,24,Home Improvement,0.265,2023-11-19,0,Active
L04650,C00616,45,Employed,180000.0,769,26289.52,3.0,60,Personal,0.146,2023-11-19,0,Active
L02245,C00553,40,Unemployed,92832.57,491,54741.74,8.74,12,Vehicle,0.332,2023-11-19,0,Active
L03625,C02268,45,Unemployed,58121.45,749,32623.78,3.0,60,Home Improvement,0.354,2023-11-20,0,Active
L03017,C02541,46,Employed,50356.64,654,57696.8,4.2,48,Vehicle,0.649,2023-11-20,0,Active
L03105,C01235,22,Self-Employed,24712.5,659,24607.97,5.06,60,Personal,0.663,2023-11-21,0,Active
L00678,C00037,55,Employed,80214.38,597,37334.72,6.05,36,Personal,0.283,2023-11-21,0,Active
L04076,C02022,40,Employed,29963.6,818,34585.58,3.0,36,Vehicle,0.7,2023-11-22,0,Active
L02016,C01248,27,Self-Employed,44297.5,659,34618.61,4.82,48,Debt Consolidation,0.55,2023-11-22,0,Active
L04753,C02320,47,Employed,73792.29,699,90634.69,3.32,24,Home Improvement,0.584,2023-11-22,0,Active
L01100,C02411,35,Employed,70123.21,597,31901.73,6.3,36,Personal,0.373,2023-11-23,0,Active
L03307,C01081,32,Employed,57499.49,628,80436.66,7.58,48,Vehicle,0.7,2023-11-23,0,Active
L02306,C01231,60,Employed,153886.15,600,13201.83,6.42,72,Vehicle,0.3,2023-11-23,0,Active
L02475,C01662,50,Employed,30345.51,666,19475.14,4.23,12,Home Improvement,0.492,2023-11-23,0,Active
L00051,C01529,37,Employed,30925.6,661,29773.59,4.03,48,Debt Consolidation,0.538,2023-11-23,0,Active
L01230,C02946,41,Employed,32842.61,698,17920.75,4.11,72,Debt Consolidation,0.336,2023-11-23,0,Active
L01745,C01224,32,Employed,29382.91,672,14682.68,3.63,60,Vehicle,0.29,2023-11-23,0,Active
L04505,C00929,34,Employed,20663.55,729,44382.68,4.18,36,Vehicle,0.7,2023-11-23,1,Default
L04530,C01998,39,Self-Employed,134090.39,679,44672.54,4.54,36,Home Improvement,0.363,2023-11-24,0,Active
L01967,C02746,57,Unemployed,84352.88,677,28969.77,6.18,60,Debt Consolidation,0.396,2023-11-24,0,Active
L03492,C00853,67,Employed,125919.53,623,30407.43,5.91,60,Debt Consolidation,0.399,2023-11-24,0,Active
L00343,C01697,27,Unemployed,45061.44,623,9469.59,6.68,60,Home Improvement,0.177,2023-11-24,0,Active
L00690,C00729,33,Employed,23018.32,686,8136.93,4.32,24,Debt Consolidation,0.273,2023-11-24,1,Default
L03073,C02248,24,Employed,84214.54,751,52311.76,3.0,24,Personal,0.518,2023-11-24,0,Active
L04657,C03277,53,Employed,55566.76,607,40511.48,5.84,48,Debt Consolidation,0.491,2023-11-24,0,Active
L02872,C00594,53,Employed,45497.16,745,27181.17,3.0,12,Personal,0.419,2023-11-24,0,Active
L03236,C03200,58,Employed,67953.62,761,92781.14,3.0,60,Vehicle,0.7,2023-11-25,0,Active
L04393,C01239,46,Self-Employed,44879.62,697,10524.06,5.57,72,Debt Consolidation,0.262,2023-11-25,0,Active
L04966,C01988,38,Self-Employed,58538.27,685,18495.49,3.1,60,Education,0.296,2023-11-25,1,Default
L04440,C02824,61,Employed,36974.14,576,24943.61,8.19,36,Vehicle,0.464,2023-11-25,0,Active
L02172,C00584,26,Employed,27737.44,786,10185.66,3.0,60,Debt Consolidation,0.127,2023-11-25,0,Active
L01988,C02605,46,Employed,67425.75,698,26033.89,3.69,36,Vehicle,0.254,2023-11-25,0,Active
L03390,C02302,45,Self-Employed,84297.34,741,14484.59,3.9,12,Debt Consolidation,0.212,2023-11-26,0,Active
L04703,C02607,56,Employed,44218.84,668,27940.87,3.83,12,Education,0.44,2023-11-26,0,Active
L02441,C02845,29,Employed,51649.74,683,15806.48,6.22,12,Personal,0.39,2023-11-26,0,Active
L04554,C01773,68,Employed,41334.82,662,27409.17,5.55,48,Education,0.495,2023-11-26,0,Active
L00936,C00051,51,Unemployed,59839.02,654,28423.21,6.52,60,Debt Consolidation,0.42,2023-11-26,1,Default
L04129,C03276,45,Employed,91407.07,635,48606.18,6.56,36,Vehicle,0.307,2023-11-26,1,Default
L01066,C00107,59,Employed,19788.9,707,40088.37,4.44,60,Home Improvement,0.7,2023-11-26,1,Default
L00258,C01662,41,Self-Employed,30987.18,759,70234.14,3.0,48,Vehicle,0.7,2023-11-26,0,Active
L03169,C00846,54,Self-Employed,55691.05,644,16204.48,4.2,60,Vehicle,0.269,2023-11-26,0,Active
L04125,C02373,61,Employed,30919.72,585,17013.26,8.03,36,Debt Consolidation,0.463,2023-11-26,1,Default
L04243,C02294,61,Employed,107353.69,762,14466.39,3.0,48,Vehicle,0.142,2023-11-26,0,Active
L02532,C02637,69,Employed,56157.73,656,25032.18,4.3,12,Vehicle,0.374,2023-11-26,1,Default
L01868,C01464,59,Employed,57282.24,656,20269.49,4.55,36,Home Improvement,0.209,2023-11-26,0,Active
L04476,C01947,53,Unemployed,78608.17,707,7444.48,5.32,36,Home Improvement,0.14,2023-11-27,0,Active
L01614,C01305,63,Employed,82295.48,589,68797.74,7.37,36,Personal,0.588,2023-11-27,1,Default
L02714,C02853,58,Employed,43813.02,569,65479.14,7.26,60,Personal,0.7,2023-11-27,1,Default
L03997,C01367,66,Employed,18000.0,652,19397.15,5.69,60,Debt Consolidation,0.578,2023-11-27,0,Active
L03940,C00881,62,Employed,72007.07,687,19041.19,5.69,48,Personal,0.143,2023-11-27,0,Active
L03497,C02209,63,Employed,39352.71,712,14901.23,3.47,24,Education,0.321,2023-11-27,0,Active
L01061,C01145,36,Employed,28137.49,670,16208.15,5.18,36,Debt Consolidation,0.346,2023-11-27,0,Active
L00771,C03142,52,Employed,56181.41,614,6367.68,5.36,48,Debt Consolidation,0.108,2023-11-27,0,Active
L03398,C03374,29,Unemployed,21479.36,675,18066.52,4.34,36,Home Improvement,0.47,2023-11-28,0,Active
L02886,C02907,47,Employed,39916.89,731,12901.71,4.71,60,Debt Consolidation,0.227,2023-11-28,0,Active
L00655,C03147,42,Employed,41675.74,661,15928.74,4.47,36,Home Improvement,0.314,2023-11-28,0,Active
L03728,C01959,28,Employed,55074.3,590,28101.71,6.5,72,Home Improvement,0.464,2023-11-29,0,Active
L04279,C03022,24,Employed,121844.55,754,30724.4,3.0,36,Debt Consolidation,0.262,2023-11-29,0,Active
L03328,C00060,33,Employed,128335.3,745,14947.87,3.0,60,Debt Consolidation,0.137,2023-11-29,0,Active
L01388,C01348,33,Employed,50788.45,688,41226.23,3.13,36,Personal,0.57,2023-11-29,0,Active
L00086,C01130,55,Employed,63022.56,654,65233.7,5.51,36,Debt Consolidation,0.638,2023-11-30,1,Default
L04927,C00040,34,Self-Employed,35686.23,676,50196.22,4.61,48,Home Improvement,0.7,2023-11-30,1,Default
L01482,C00723,29,Employed,51199.28,666,67631.82,3.47,36,Personal,0.624,2023-11-30,0,Active
L01970,C03112,36,Employed,34294.79,733,22056.98,3.0,72,Debt Consolidation,0.478,2023-11-30,0,Active
L00178,C02533,44,Unemployed,18000.0,547,107733.2,7.04,24,Personal,0.7,2023-11-30,0,Active
L04363,C01099,59,Self-Employed,41058.71,672,28577.9,4.82,60,Personal,0.414,2023-11-30,0,Active
L00623,C00957,32,Unemployed,79973.39,786,7738.41,3.0,60,Vehicle,0.199,2023-12-01,1,Default
L04291,C03401,63,Employed,71249.52,580,25437.64,5.63,48,Home Improvement,0.143,2023-12-01,0,Active
L04382,C02370,30,Employed,23423.66,677,81603.0,4.95,48,Personal,0.7,2023-12-01,0,Active
L01924,C01291,63,Employed,28337.12,801,19585.36,3.0,36,Home Improvement,0.484,2023-12-01,0,Active
L03952,C00318,50,Employed,54339.37,752,67055.46,3.31,48,Education,0.7,2023-12-02,0,Active
L04758,C02744,40,Self-Employed,59368.26,732,9990.97,4.35,12,Debt Consolidation,0.23,2023-12-02,0,Active
L02957,C00983,58,Employed,92105.78,582,13103.93,4.71,60,Home Improvement,0.206,2023-12-02,0,Active
L02436,C00969,62,Employed,43995.76,593,31200.78,7.14,36,Personal,0.494,2023-12-02,1,Default
L02429,C01743,26,Employed,58298.42,709,41241.5,3.0,48,Debt Consolidation,0.444,2023-12-02,1,Default
L01024,C00900,45,Self-Employed,93073.17,730,50303.6,3.0,12,Home Improvement,0.46,2023-12-02,0,Active
L00729,C01157,52,Self-Employed,42283.36,681,7433.9,5.19,36,Personal,0.086,2023-12-02,0,Active
L02120,C00934,38,Unemployed,44362.22,698,58911.42,5.64,48,Personal,0.7,2023-12-02,0,Active
L03734,C00968,58,Employed,61798.32,716,14102.53,5.45,36,Vehicle,0.261,2023-12-03,0,Active
L04978,C02750,62,Employed,33932.89,653,27721.58,4.35,60,Debt Consolidation,0.532,2023-12-03,0,Active
L02960,C00149,44,Employed,56000.98,561,16913.02,7.48,48,Debt Consolidation,0.275,2023-12-03,0,Active
L01722,C00102,60,Employed,31018.02,655,46538.61,5.11,12,Personal,0.7,2023-12-03,0,Active
L03064,C00242,46,Employed,112549.15,845,48220.76,3.0,60,Personal,0.309,2023-12-03,0,Active
L03300,C00871,38,Employed,62151.36,620,28336.26,6.14,36,Vehicle,0.459,2023-12-03,1,Default
L00517,C00877,64,Employed,104715.76,618,23763.92,5.82,72,Education,0.216,2023-12-03,0,Active
L02159,C01260,30,Employed,96942.18,778,24652.19,3.0,72,Vehicle,0.193,2023-12-03,0,Active
L03226,C00703,21,Employed,53454.22,509,31122.65,6.92,36,Debt Consolidation,0.505,2023-12-04,0,Active
L01815,C01805,65,Employed,66404.7,695,49011.49,3.74,24,Education,0.409,2023-12-04,0,Active
L03599,C02212,41,Employed,64427.52,559,62148.53,7.34,24,Debt Consolidation,0.64,2023-12-04,1,Default
L02973,C01576,37,Self-Employed,43267.68,644,28103.52,5.6,36,Vehicle,0.449,2023-12-04,1,Default
L03773,C00840,32,Self-Employed,43086.5,660,62656.67,6.72,12,Vehicle,0.7,2023-12-05,0,Active
L02517,C01678,40,Employed,92853.35,667,20521.93,4.0,60,Debt Consolidation,0.253,2023-12-05,0,Active
L02802,C00633,51,Employed,73130.16,656,8286.84,5.35,48,Debt Consolidation,0.197,2023-12-05,0,Active
L02954,C01080,57,Employed,48154.75,669,12964.08,5.55,36,Debt Consolidation,0.373,2023-12-05,1,Default
L00637,C02547,69,Self-Employed,39951.01,586,29019.08,9.06,36,Home Improvement,0.443,2023-12-05,0,Active
L01369,C00712,55,Employed,43624.62,850,53494.62,3.0,48,Education,0.7,2023-12-05,0,Active
L02854,C03479,39,Self-Employed,99465.61,685,5639.18,3.57,12,Home Improvement,0.3,2023-12-05,0,Active
L04519,C01125,45,Employed,55092.88,538,55456.33,7.77,60,Personal,0.547,2023-12-06,0,Active
L00500,C02353,63,Employed,54358.2,627,53708.42,7.05,60,Vehicle,0.575,2023-12-06,0,Active
L04934,C03076,22,Employed,129751.31,634,14141.25,6.09,36,Home Improvement,0.32,2023-12-06,0,Active
L02924,C01980,50,Employed,43152.32,668,12881.33,6.53,36,Education,0.318,2023-12-06,0,Active
L02617,C00324,25,Employed,89970.86,783,24091.69,3.37,36,Home Improvement,0.287,2023-12-06,0,Active
L02421,C03276,64,Employed,56555.07,725,24048.98,3.0,72,Debt Consolidation,0.383,2023-12-06,1,Default
L03417,C00641,53,Employed,75346.43,778,26893.51,3.0,72,Vehicle,0.408,2023-12-07,0,Active
L02999,C02646,24,Employed,20980.83,692,20253.79,3.85,36,Education,0.659,2023-12-07,0,Active
L03193,C01928,30,Employed,28647.27,710,8629.14,3.39,12,Debt Consolidation,0.424,2023-12-07,0,Active
L04749,C01547,53,Employed,50098.43,809,24469.08,3.0,48,Education,0.391,2023-12-07,0,Active
L02411,C02361,39,Self-Employed,23062.1,646,80253.45,4.84,60,Debt Consolidation,0.7,2023-12-08,0,Active
L02776,C00058,62,Employed,30397.28,718,20438.73,4.59,36,Vehicle,0.463,2023-12-08,0,Active
L00308,C02920,21,Employed,101232.67,732,22772.07,3.23,48,Personal,0.325,2023-12-08,0,Active
L01485,C02718,34,Self-Employed,32682.23,732,23823.45,3.93,36,Vehicle,0.434,2023-12-08,0,Active
L03877,C02222,30,Self-Employed,50170.77,667,33257.08,3.98,60,Debt Consolidation,0.355,2023-12-08,0,Active
L03554,C01092,52,Self-Employed,60024.64,850,13945.31,3.0,12,Education,0.189,2023-12-09,0,Active
L04277,C01715,38,Employed,28796.58,631,6356.13,6.03,24,Personal,0.344,2023-12-09,1,Default
L03036,C01732,46,Employed,25683.58,737,34918.42,3.0,36,Personal,0.7,2023-12-09,0,Active
L00277,C03030,59,Employed,32668.97,712,35623.58,5.51,48,Personal,0.7,2023-12-09,0,Active
L01134,C02082,31,Employed,33109.09,699,15755.56,3.0,60,Vehicle,0.207,2023-12-10,0,Active
L04994,C02709,56,Employed,44445.97,695,86618.93,5.09,36,Personal,0.7,2023-12-10,1,Default
L01129,C01170,65,Employed,34508.18,681,24638.45,4.82,36,Education,0.521,2023-12-10,0,Active
L00930,C01169,64,Self-Employed,42231.84,646,20703.61,4.2,36,Vehicle,0.312,2023-12-10,0,Active
L00625,C03499,64,Employed,24663.79,580,16792.01,5.34,60,Vehicle,0.435,2023-12-10,0,Active
L02246,C03442,48,Employed,29966.59,644,16812.1,5.06,12,Debt Consolidation,0.529,2023-12-11,0,Active
L02176,C00072,33,Unemployed,28324.94,637,6943.86,5.16,48,Debt Consolidation,0.282,2023-12-11,0,Active
L01673,C00029,21,Employed,75155.83,683,11537.91,5.43,36,Vehicle,0.1,2023-12-11,0,Active
L01322,C03069,46,Employed,51542.77,718,18277.42,3.76,36,Debt Consolidation,0.473,2023-12-11,0,Active
L00422,C03421,66,Employed,31769.92,722,28332.34,3.57,12,Personal,0.542,2023-12-12,0,Active
L01717,C00131,48,Employed,47746.58,703,18117.66,3.14,72,Education,0.54,2023-12-12,0,Active
L01387,C03056,56,Unemployed,34838.87,754,21799.0,3.0,60,Personal,0.363,2023-12-12,0,Active
L01714,C02090,50,Self-Employed,58229.11,666,8062.58,3.5,48,Education,0.078,2023-12-12,0,Active
L02950,C02430,53,Self-Employed,69605.45,750,20562.12,3.0,12,Personal,0.401,2023-12-12,0,Active
L00628,C01441,36,Unemployed,83958.29,740,16106.09,4.25,12,Vehicle,0.315,2023-12-12,0,Active
L03395,C02805,68,Employed,74281.07,776,18136.67,3.0,48,Debt Consolidation,0.153,2023-12-12,0,Active
L01446,C00664,62,Self-Employed,56749.19,736,18636.75,3.0,36,Debt Consolidation,0.157,2023-12-12,0,Active
L01132,C00111,69,Self-Employed,72920.27,728,19886.6,3.98,24,Personal,0.37,2023-12-12,0,Active
L00047,C00563,68,Unemployed,36758.31,719,27956.55,3.71,36,Home Improvement,0.549,2023-12-13,1,Default
L02277,C02957,31,Unemployed,56426.59,688,19731.41,4.08,48,Vehicle,0.314,2023-12-13,0,Active
L03205,C00235,41,Employed,29201.62,705,130098.16,3.17,36,Education,0.7,2023-12-13,0,Active
L03277,C03490,40,Employed,65622.03,706,24970.85,3.0,60,Debt Consolidation,0.308,2023-12-13,0,Active
L00469,C02456,67,Employed,68969.03,802,148364.07,3.0,36,Debt Consolidation,0.7,2023-12-14,0,Active
L00765,C00511,62,Employed,42116.53,634,26878.33,5.76,36,Vehicle,0.516,2023-12-15,0,Active
L04236,C03163,57,Self-Employed,82895.61,716,8922.6,5.4,36,Debt Consolidation,0.299,2023-12-15,0,Active
L01301,C03111,21,Employed,87453.5,601,31246.29,7.6,60,Education,0.409,2023-12-15,0,Active
L02424,C01656,54,Self-Employed,57461.24,722,26478.02,3.0,48,Home Improvement,0.319,2023-12-15,0,Active
L00102,C02344,27,Employed,60454.63,704,43635.25,4.83,72,Personal,0.411,2023-12-15,0,Active
L04241,C01709,38,Employed,51725.34,663,47772.19,5.7,24,Debt Consolidation,0.495,2023-12-16,0,Active
L00612,C01783,62,Employed,36611.47,847,21438.88,3.0,60,Debt Consolidation,0.389,2023-12-16,0,Active
L01064,C01080,37,Employed,47103.9,599,11645.27,4.08,48,Debt Consolidation,0.343,2023-12-16,0,Active
L03627,C01015,58,Self-Employed,44446.02,619,19014.18,7.76,24,Vehicle,0.376,2023-12-17,0,Active
L01227,C01943,22,Employed,49304.34,674,58682.95,4.97,60,Personal,0.7,2023-12-18,0,Active
L04487,C02672,62,Unemployed,59000.75,679,22246.12,4.66,48,Home Improvement,0.393,2023-12-18,0,Active
L00802,C01215,40,Employed,151378.87,739,7915.25,3.0,36,Personal,0.122,2023-12-18,0,Active
L03295,C03226,60,Employed,42186.68,708,61273.49,3.45,12,Debt Consolidation,0.7,2023-12-18,0,Active
L02979,C03293,41,Employed,64175.52,740,30255.98,3.0,72,Vehicle,0.346,2023-12-19,0,Active
L03033,C00183,23,Employed,58343.81,677,38537.32,6.07,24,Vehicle,0.309,2023-12-20,0,Active
L02665,C01709,34,Employed,49271.22,555,42572.62,8.82,36,Vehicle,0.598,2023-12-20,0,Active
L02103,C03156,50,Employed,70614.75,717,13619.1,3.94,48,Personal,0.228,2023-12-20,1,Default
L02787,C01822,67,Employed,37023.95,724,85390.15,4.07,36,Home Improvement,0.7,2023-12-20,1,Default
L04820,C02370,34,Employed,40855.33,748,32896.29,3.0,48,Personal,0.524,2023-12-21,0,Active
L03665,C01940,65,Employed,68041.57,844,29721.52,3.0,48,Debt Consolidation,0.384,2023-12-21,1,Default
L01912,C02264,67,Self-Employed,53899.02,683,19106.45,4.64,24,Debt Consolidation,0.16,2023-12-21,0,Active
L04743,C03307,66,Self-Employed,49755.33,705,15488.2,3.79,60,Vehicle,0.17,2023-12-21,0,Active
L04430,C00053,43,Self-Employed,42441.0,691,14732.63,5.89,60,Vehicle,0.234,2023-12-21,0,Active
L00438,C03395,50,Employed,41339.85,616,9328.26,3.61,24,Personal,0.34,2023-12-22,1,Default
L02378,C02939,61,Self-Employed,27430.37,564,48855.3,6.59,24,Debt Consolidation,0.7,2023-12-22,0,Active
L03179,C02161,24,Employed,25650.45,540,23603.06,9.9,24,Debt Consolidation,0.622,2023-12-22,1,Default
L01659,C02970,22,Employed,31321.53,587,40255.01,5.98,24,Personal,0.657,2023-12-22,0,Active
L01075,C01891,41,Employed,43323.98,648,37706.02,3.87,60,Vehicle,0.429,2023-12-22,0,Active
L01730,C01041,65,Employed,56670.79,696,24969.28,4.59,12,Vehicle,0.295,2023-12-22,0,Active
L00922,C01894,52,Employed,58703.91,740,17499.82,3.0,48,Debt Consolidation,0.302,2023-12-22,0,Active
L02963,C00190,53,Employed,81864.11,672,25252.86,4.38,36,Education,0.188,2023-12-22,0,Active
L02110,C00021,53,Employed,30145.67,642,23172.41,4.0,48,Home Improvement,0.35,2023-12-22,0,Active
L00356,C02201,41,Employed,21401.84,656,20463.46,5.53,48,Vehicle,0.624,2023-12-22,0,Active
L04193,C01440,30,Employed,62302.15,631,38069.72,6.84,60,Personal,0.459,2023-12-23,0,Active
L00699,C03305,47,Employed,36221.99,641,53135.82,5.54,48,Debt Consolidation,0.7,2023-12-23,0,Active
L01086,C02126,51,Employed,28186.38,781,40827.86,3.0,60,Debt Consolidation,0.7,2023-12-23,0,Active
L02733,C02685,56,Employed,69088.72,695,23330.07,4.43,72,Education,0.315,2023-12-24,0,Active
L04660,C02519,33,Employed,43462.86,680,3389.57,3.0,60,Education,0.136,2023-12-24,0,Active
L01892,C02554,55,Self-Employed,70699.78,813,53254.4,3.0,60,Home Improvement,0.546,2023-12-24,0,Active
L00666,C02505,57,Employed,96999.58,577,65755.85,6.32,60,Vehicle,0.518,2023-12-24,0,Active
L02075,C01031,32,Employed,128391.43,714,30473.43,3.76,36,Vehicle,0.263,2023-12-25,0,Active
L04492,C00471,28,Employed,37411.35,614,22491.06,5.42,36,Personal,0.399,2023-12-25,0,Active
L03157,C02940,58,Self-Employed,70368.24,705,5054.19,4.84,36,Personal,0.232,2023-12-25,0,Active
L02281,C02170,46,Employed,20879.65,538,40563.8,6.96,36,Debt Consolidation,0.7,2023-12-25,0,Active
L04189,C00947,63,Employed,89786.17,735,52496.12,3.0,60,Personal,0.37,2023-12-25,0,Active
L02500,C01994,45,Employed,78784.94,575,51093.87,7.39,48,Vehicle,0.444,2023-12-25,0,Active
L00965,C00624,36,Employed,101070.62,635,16428.77,4.24,72,Personal,0.162,2023-12-25,1,Default
L01244,C03491,44,Employed,20101.49,774,16333.62,3.0,48,Vehicle,0.446,2023-12-26,0,Active
L00237,C01521,27,Employed,26425.74,724,3965.37,3.45,24,Debt Consolidation,0.222,2023-12-26,0,Active
L04477,C01698,46,Employed,56392.29,662,16465.39,4.82,36,Education,0.229,2023-12-26,0,Active
L02760,C00708,27,Employed,28504.85,710,19434.53,3.39,60,Vehicle,0.47,2023-12-26,0,Active
L00176,C01924,36,Self-Employed,55833.19,647,10339.08,5.58,48,Debt Consolidation,0.201,2023-12-27,0,Active
L04135,C01458,62,Employed,51191.7,588,7658.41,8.0,60,Home Improvement,0.321,2023-12-27,1,Default
L03255,C01429,62,Employed,75551.37,663,21190.27,6.09,36,Vehicle,0.108,2023-12-27,0,Active
L03777,C02047,30,Self-Employed,36495.33,787,16628.51,3.0,60,Personal,0.386,2023-12-27,0,Active
L04829,C01677,38,Self-Employed,48614.91,643,26825.74,5.49,36,Home Improvement,0.333,2023-12-27,0,Active
L01294,C02193,51,Self-Employed,64760.9,617,107464.88,6.97,60,Vehicle,0.7,2023-12-28,0,Active
L04151,C02173,40,Employed,64146.4,747,18273.41,3.0,12,Education,0.269,2023-12-28,0,Active
L04366,C00188,43,Employed,33251.33,627,18390.83,6.63,72,Home Improvement,0.392,2023-12-28,1,Default
L01897,C03119,40,Employed,126385.03,603,108343.73,5.07,36,Personal,0.477,2023-12-30,0,Active
L01929,C00988,39,Employed,32259.1,740,124173.41,3.27,24,Education,0.7,2023-12-30,0,Active
L00407,C00547,43,Employed,57466.39,780,24321.2,3.0,48,Personal,0.321,2023-12-30,0,Active
L01356,C01956,38,Employed,32077.49,750,27112.21,3.0,24,Vehicle,0.424,2023-12-30,0,Active
L02453,C01036,35,Self-Employed,61576.32,697,34705.58,3.74,36,Education,0.498,2023-12-30,0,Active
L01317,C00923,36,Employed,55741.38,752,26344.54,4.46,48,Personal,0.441,2023-12-30,0,Active
L02666,C01386,28,Employed,18000.0,663,22060.18,3.77,12,Education,0.7,2023-12-30,0,Active
L03148,C01512,23,Employed,28224.12,714,20217.81,4.75,24,Debt Consolidation,0.559,2023-12-30,0,Active
L02675,C03098,40,Self-Employed,40444.31,676,26946.7,5.95,60,Education,0.324,2023-12-31,0,Active
L01858,C00964,25,Self-Employed,31520.84,711,14732.67,3.49,36,Debt Consolidation,0.448,2023-12-31,0,Active
L02720,C00969,53,Employed,18000.0,724,17191.98,3.21,60,Home Improvement,0.467,2023-12-31,0,Active
L00710,C00885,55,Employed,36361.08,688,7009.51,5.16,60,Education,0.22,2023-12-31,0,Active
L03320,C02948,46,Employed,50699.49,666,25991.76,3.43,72,Vehicle,0.437,2024-01-01,1,Default
L03159,C00523,62,Employed,93343.44,756,22794.6,3.36,48,Education,0.257,2024-01-01,0,Active
L01737,C01800,54,Employed,40188.24,784,28369.79,3.0,36,Debt Consolidation,0.426,2024-01-02,0,Active
L00753,C01218,43,Employed,55144.42,601,18601.49,7.61,36,Vehicle,0.261,2024-01-02,0,Active
L01198,C03372,60,Employed,40830.22,668,16319.56,5.11,48,Vehicle,0.38,2024-01-02,0,Active
L03238,C01135,30,Self-Employed,53786.58,656,18081.11,5.98,60,Debt Consolidation,0.413,2024-01-02,1,Default
L04951,C01350,26,Employed,72630.86,653,44239.59,4.89,36,Vehicle,0.524,2024-01-02,0,Active
L00184,C00541,59,Employed,51580.33,711,33096.3,3.0,60,Debt Consolidation,0.41,2024-01-02,0,Active
L00432,C02301,26,Employed,32394.85,710,40559.31,3.0,60,Personal,0.66,2024-01-02,0,Active
L04422,C01590,60,Self-Employed,47898.75,598,16208.01,6.2,60,Debt Consolidation,0.304,2024-01-03,1,Default
L04383,C00450,63,Employed,65295.64,626,45178.1,6.47,48,Vehicle,0.492,2024-01-03,0,Active
L04763,C01356,44,Employed,42296.76,742,12086.12,4.22,48,Personal,0.278,2024-01-03,0,Active
L04013,C00936,58,Employed,58117.06,697,22030.56,4.1,36,Vehicle,0.413,2024-01-03,0,Active
L01533,C01791,69,Employed,107299.44,787,30827.75,3.23,24,Education,0.34,2024-01-03,0,Active
L00443,C02614,34,Employed,29400.64,601,25084.99,7.17,60,Debt Consolidation,0.5,2024-01-03,0,Active
L00619,C01932,65,Employed,50558.57,693,75011.25,3.11,48,Debt Consolidation,0.7,2024-01-04,0,Active
L03759,C02258,58,Employed,48456.05,715,24443.19,3.0,36,Home Improvement,0.345,2024-01-04,0,Active
L01525,C03080,27,Employed,33344.09,796,66171.38,3.0,48,Personal,0.7,2024-01-04,0,Active
L01990,C01717,49,Employed,55061.47,713,39121.36,3.83,60,Home Improvement,0.427,2024-01-04,0,Active
L03444,C00270,23,Employed,76215.28,558,19459.07,6.08,72,Personal,0.252,2024-01-05,1,Default
L01731,C00330,42,Self-Employed,64201.18,749,35025.83,3.0,24,Education,0.506,2024-01-05,0,Active
L03733,C02049,38,Employed,140193.17,693,39900.89,4.92,24,Education,0.359,2024-01-05,0,Active
L03079,C02515,50,Unemployed,48818.1,819,20644.15,3.0,36,Debt Consolidation,0.382,2024-01-05,0,Active
L03717,C00289,68,Employed,99134.72,698,18014.47,4.16,36,Home Improvement,0.209,2024-01-05,0,Active
L04619,C03206,55,Unemployed,50254.59,690,38147.3,4.17,36,Personal,0.325,2024-01-06,0,Active
L00194,C02605,39,Employed,36518.68,705,24594.38,3.54,60,Home Improvement,0.476,2024-01-06,0,Active
L00406,C00659,62,Employed,59066.39,671,38414.2,3.97,60,Vehicle,0.46,2024-01-06,0,Active
L00175,C00096,55,Employed,25409.22,708,17184.19,5.32,24,Education,0.439,2024-01-07,0,Active
L02577,C02133,46,Self-Employed,45924.13,705,40723.88,6.06,36,Vehicle,0.539,2024-01-07,0,Active
L03711,C02321,30,Unemployed,34071.2,652,60964.89,3.86,12,Vehicle,0.7,2024-01-07,0,Active
L04701,C01724,52,Employed,21234.1,721,39573.39,4.11,48,Debt Consolidation,0.7,2024-01-08,0,Active
L02266,C00895,38,Unemployed,86090.07,802,30981.15,3.0,60,Personal,0.268,2024-01-08,0,Active
L01549,C02862,22,Employed,21002.8,619,39578.6,5.12,48,Home Improvement,0.7,2024-01-09,0,Active
L00597,C01782,26,Self-Employed,53759.76,628,35857.74,5.03,60,Home Improvement,0.412,2024-01-09,0,Active
L00324,C02050,29,Employed,45768.32,638,23532.31,5.95,48,Debt Consolidation,0.433,2024-01-09,0,Active
L04979,C00869,55,Employed,30367.35,670,150000.0,5.91,36,Vehicle,0.7,2024-01-10,0,Active
L01678,C01137,46,Employed,52969.91,698,51343.08,3.71,60,Home Improvement,0.491,2024-01-10,0,Active
L02753,C00073,50,Employed,92194.12,621,26569.24,5.37,60,Education,0.263,2024-01-10,0,Active
L00721,C01063,68,Self-Employed,40947.98,680,119053.33,3.13,48,Home Improvement,0.7,2024-01-11,0,Active
L00747,C01192,30,Employed,52877.48,627,23603.91,7.09,60,Home Improvement,0.411,2024-01-11,0,Active
L01837,C00921,51,Employed,62771.52,687,7183.14,5.05,60,Vehicle,0.187,2024-01-11,0,Active
L00845,C00358,67,Employed,30290.6,673,24869.7,4.35,72,Debt Consolidation,0.559,2024-01-12,1,Default
L04103,C00007,58,Employed,131690.7,703,16267.45,6.55,36,Vehicle,0.312,2024-01-12,0,Active
L02749,C00744,37,Employed,33911.66,609,20024.76,6.06,48,Home Improvement,0.423,2024-01-12,1,Default
L02425,C01580,45,Employed,78459.48,542,19634.41,7.93,60,Vehicle,0.342,2024-01-12,0,Active
L02818,C01541,55,Employed,45169.63,747,28302.07,3.0,60,Debt Consolidation,0.49,2024-01-12,0,Active
L04480,C02660,69,Unemployed,57970.88,714,38505.48,3.0,24,Debt Consolidation,0.496,2024-01-12,0,Active
L02284,C03428,65,Employed,53186.41,778,16074.05,3.0,36,Debt Consolidation,0.395,2024-01-13,0,Active
L04686,C03411,33,Self-Employed,24918.14,684,95935.93,5.02,48,Vehicle,0.7,2024-01-13,0,Active
L01405,C01793,65,Employed,63764.45,598,5622.4,6.19,36,Personal,0.319,2024-01-13,0,Active
L02890,C01812,36,Employed,58046.42,698,29099.83,5.09,72,Vehicle,0.362,2024-01-13,0,Active
L04938,C03253,37,Self-Employed,80131.16,790,16344.83,3.0,48,Vehicle,0.197,2024-01-13,0,Active
L02934,C00390,61,Employed,47925.34,698,17306.83,5.52,48,Vehicle,0.236,2024-01-14,0,Active
L03970,C02827,58,Self-Employed,41183.65,666,90590.78,4.16,24,Vehicle,0.7,2024-01-14,0,Active
L03658,C01759,59,Employed,29051.24,708,53620.98,4.8,60,Personal,0.7,2024-01-14,0,Active
L01658,C03473,52,Employed,41874.08,596,6441.2,7.98,36,Vehicle,0.291,2024-01-14,0,Active
L03399,C00922,32,Self-Employed,21212.69,745,21797.13,3.0,36,Vehicle,0.635,2024-01-14,0,Active
L02191,C03497,33,Employed,100770.79,656,19858.94,6.1,48,Debt Consolidation,0.144,2024-01-14,0,Active
L00962,C00763,41,Employed,36479.16,712,14711.54,4.44,48,Debt Consolidation,0.394,2024-01-15,1,Default
L04263,C03071,57,Employed,87701.46,727,40388.4,4.79,72,Debt Consolidation,0.397,2024-01-16,0,Active
L03118,C02186,64,Employed,84382.68,619,11380.94,6.58,60,Debt Consolidation,0.189,2024-01-16,0,Active
L00202,C01982,23,Self-Employed,29237.71,705,11951.61,3.27,48,Personal,0.36,2024-01-16,0,Active
L01447,C00025,38,Employed,66309.39,610,44790.21,4.37,48,Vehicle,0.422,2024-01-16,0,Active
L01862,C01829,21,Employed,19782.71,600,17130.94,6.45,36,Debt Consolidation,0.521,2024-01-16,0,Active
L01142,C02740,48,Employed,32785.35,593,23795.53,5.4,12,Vehicle,0.473,2024-01-16,1,Default
L04260,C02868,51,Employed,58997.01,604,22546.43,5.92,48,Home Improvement,0.172,2024-01-17,0,Active
L04297,C02785,69,Employed,59198.38,790,17102.71,3.0,60,Vehicle,0.308,2024-01-17,0,Active
L04690,C03432,45,Employed,117004.37,698,17691.79,3.05,48,Home Improvement,0.113,2024-01-17,0,Active
L03289,C01156,22,Employed,49664.1,610,16109.87,5.28,48,Vehicle,0.365,2024-01-18,0,Active
L02320,C01388,42,Employed,56806.5,595,19361.55,7.9,36,Personal,0.133,2024-01-18,0,Active
L02222,C03238,34,Employed,21798.19,636,23450.8,6.46,36,Education,0.543,2024-01-18,0,Active
L00463,C01706,53,Employed,58268.59,615,28375.21,7.25,48,Personal,0.361,2024-01-18,0,Active
L04439,C01495,59,Unemployed,55480.08,740,29235.9,3.0,60,Debt Consolidation,0.479,2024-01-19,0,Active
L04446,C00354,67,Self-Employed,70917.14,646,9148.03,5.22,48,Personal,0.212,2024-01-19,0,Active
L00788,C01082,21,Employed,25760.22,587,11480.74,8.04,60,Debt Consolidation,0.395,2024-01-19,0,Active
L00913,C00511,58,Unemployed,85894.25,672,14458.7,4.66,36,Vehicle,0.172,2024-01-19,0,Active
L03044,C01460,36,Employed,96600.18,812,25889.47,3.0,36,Debt Consolidation,0.334,2024-01-19,0,Active
L01605,C00128,38,Employed,52941.75,603,18370.94,8.32,72,Personal,0.274,2024-01-19,0,Active
L00620,C02738,22,Employed,20668.18,625,47448.66,6.09,60,Vehicle,0.7,2024-01-20,0,Active
L04823,C01627,68,Self-Employed,71437.97,561,21549.89,7.54,48,Home Improvement,0.403,2024-01-20,1,Default
L03668,C03070,45,Employed,44698.96,684,30408.39,5.69,36,Education,0.507,2024-01-20,0,Active
L00872,C02800,66,Employed,30594.95,681,37903.92,4.22,48,Home Improvement,0.689,2024-01-20,0,Active
L02369,C01647,43,Employed,68894.33,717,22917.18,4.6,60,Home Improvement,0.373,2024-01-20,0,Active
L03981,C03005,29,Self-Employed,34518.89,682,11985.89,4.7,12,Personal,0.205,2024-01-21,0,Active
L04257,C03376,36,Employed,150778.33,739,16207.93,3.0,36,Education,0.105,2024-01-21,0,Active
L02757,C01094,27,Employed,39781.81,682,10439.83,4.04,48,Home Improvement,0.294,2024-01-21,0,Active
L03473,C01496,66,Self-Employed,37811.95,830,26934.79,3.0,60,Personal,0.425,2024-01-21,0,Active
L04399,C03303,32,Employed,64728.65,654,52091.96,5.67,48,Vehicle,0.634,2024-01-21,0,Active
L02750,C01765,35,Employed,51826.95,694,55836.61,3.89,36,Vehicle,0.51,2024-01-22,0,Active
L04142,C00557,43,Employed,51091.35,598,32392.72,5.81,36,Vehicle,0.452,2024-01-22,0,Active
L04637,C00307,47,Self-Employed,29575.6,666,9432.64,4.84,48,Vehicle,0.267,2024-01-22,0,Active
L03766,C01378,51,Employed,60013.65,652,13064.64,5.9,60,Home Improvement,0.365,2024-01-22,0,Active
L04798,C01630,26,Self-Employed,50329.83,609,15591.78,5.35,60,Vehicle,0.382,2024-01-22,0,Active
L04275,C02809,39,Employed,62308.56,603,26315.42,6.46,24,Vehicle,0.293,2024-01-22,0,Active
L02574,C00962,31,Self-Employed,60761.2,740,49355.22,3.0,36,Home Improvement,0.341,2024-01-22,0,Active
L04380,C03430,62,Employed,42439.47,694,18582.12,3.43,60,Home Improvement,0.399,2024-01-23,0,Active
L02093,C03343,57,Employed,51323.65,629,9899.81,7.18,48,Home Improvement,0.154,2024-01-23,0,Active
L01007,C03032,36,Employed,39689.63,525,40700.36,9.21,60,Personal,0.621,2024-01-23,1,Default
L04298,C00840,53,Employed,108345.7,508,21874.43,9.32,48,Home Improvement,0.189,2024-01-24,0,Active
L00857,C03250,51,Employed,61347.18,627,6238.65,5.76,48,Personal,0.223,2024-01-24,0,Active
L01084,C00474,30,Employed,31999.66,639,27111.84,5.8,48,Personal,0.45,2024-01-24,0,Active
L04264,C00695,22,Employed,53987.17,742,10234.0,3.61,36,Debt Consolidation,0.334,2024-01-24,0,Active
L03189,C02197,39,Employed,69073.31,791,18710.21,3.0,48,Home Improvement,0.407,2024-01-25,0,Active
L00211,C03297,26,Self-Employed,23297.18,678,22774.76,5.52,60,Personal,0.571,2024-01-25,0,Active
L03016,C00242,46,Unemployed,120337.28,668,8843.84,5.8,36,Debt Consolidation,0.335,2024-01-25,1,Default
L02704,C00581,62,Employed,35956.32,686,71155.31,3.79,36,Vehicle,0.7,2024-01-25,0,Active
L01644,C00342,29,Employed,24490.37,672,15886.94,3.91,12,Vehicle,0.582,2024-01-25,0,Active
L00282,C03273,67,Employed,47470.41,594,35221.34,8.78,48,Personal,0.486,2024-01-25,0,Active
L02132,C01608,54,Employed,52899.9,680,40166.87,5.2,60,Education,0.446,2024-01-25,0,Active
L02469,C03250,61,Employed,90971.7,722,54190.13,3.0,24,Vehicle,0.422,2024-01-26,0,Active
L04724,C01582,34,Employed,115036.23,640,7923.69,6.07,36,Education,0.124,2024-01-26,0,Active
L03841,C00695,33,Self-Employed,56360.1,663,34970.29,3.68,60,Vehicle,0.426,2024-01-27,0,Active
L01796,C02545,38,Employed,25492.34,684,13590.95,3.17,12,Debt Consolidation,0.252,2024-01-27,0,Active
L00519,C02932,27,Employed,19284.39,655,25005.34,5.13,72,Personal,0.7,2024-01-27,1,Default
L02715,C02467,66,Employed,88859.99,715,5766.46,3.23,36,Vehicle,0.311,2024-01-27,0,Active
L03739,C02564,55,Employed,48761.31,697,8184.95,4.38,60,Vehicle,0.195,2024-01-27,0,Active
L03714,C01675,59,Self-Employed,80292.06,675,11349.61,4.66,60,Vehicle,0.27,2024-01-28,0,Active
L01196,C01459,46,Employed,45126.33,660,62631.74,3.39,24,Home Improvement,0.582,2024-01-28,0,Active
L00229,C00664,50,Employed,40707.09,641,25036.94,6.0,36,Debt Consolidation,0.375,2024-01-28,0,Active
L00060,C02364,69,Employed,104881.06,592,20719.53,8.52,36,Home Improvement,0.301,2024-01-28,0,Active
L03472,C01172,55,Employed,89353.85,668,21230.57,5.29,48,Vehicle,0.171,2024-01-28,0,Active
L02106,C02897,29,Employed,53729.04,716,23997.4,3.0,36,Personal,0.326,2024-01-29,0,Active
L03244,C01285,44,Employed,57193.29,601,16187.67,8.61,36,Vehicle,0.33,2024-01-29,0,Active
L03166,C01689,58,Employed,49580.85,769,7806.37,3.0,36,Debt Consolidation,0.175,2024-01-29,0,Active
L04022,C00105,22,Self-Employed,34611.66,828,39375.78,3.0,72,Education,0.66,2024-01-29,0,Active
L04408,C03475,41,Unemployed,57790.05,664,16790.93,4.61,36,Education,0.149,2024-01-29,0,Active
L01783,C03043,56,Employed,47236.09,718,11617.81,3.83,12,Personal,0.32,2024-01-29,0,Active
L02648,C01063,52,Employed,55776.23,610,19189.24,5.74,60,Debt Consolidation,0.385,2024-01-29,0,Active
L04062,C02969,58,Employed,63589.69,699,15083.41,3.15,24,Vehicle,0.121,2024-01-30,0,Active
L01785,C02236,56,Employed,38095.37,709,26966.98,4.23,48,Personal,0.395,2024-01-30,0,Active
L00004,C01131,37,Self-Employed,47860.06,702,76112.3,3.59,60,Debt Consolidation,0.7,2024-01-30,0,Active
L03971,C01518,25,Self-Employed,48246.64,640,11464.05,6.9,48,Personal,0.344,2024-01-30,1,Default
L00084,C03462,33,Self-Employed,21698.38,749,43869.17,3.52,36,Debt Consolidation,0.7,2024-01-31,0,Active
L01190,C01465,45,Employed,45439.6,661,8715.85,7.13,24,Debt Consolidation,0.186,2024-01-31,1,Default
L02496,C02359,34,Employed,73170.67,686,49838.27,3.36,60,Personal,0.33,2024-01-31,0,Active
L03875,C02380,32,Employed,48187.96,765,38076.53,3.04,36,Vehicle,0.591,2024-01-31,0,Active
L01479,C02263,33,Employed,19814.7,711,32945.96,4.26,36,Home Improvement,0.7,2024-01-31,0,Active
L03279,C03092,38,Employed,59940.03,658,16567.85,5.45,48,Debt Consolidation,0.262,2024-01-31,1,Default
L03988,C03373,53,Employed,149058.83,653,58684.18,4.83,48,Debt Consolidation,0.279,2024-01-31,1,Default
L03047,C02602,69,Employed,58633.19,652,36076.97,4.82,48,Personal,0.316,2024-02-01,0,Active
L02332,C01536,63,Employed,41857.17,680,82771.1,3.1,36,Debt Consolidation,0.7,2024-02-01,0,Active
L04925,C03352,26,Unemployed,58159.77,654,12158.87,5.26,36,Debt Consolidation,0.275,2024-02-01,1,Default
L01972,C02088,45,Employed,38228.06,585,29716.28,7.09,60,Personal,0.464,2024-02-01,0,Active
L04377,C02423,33,Employed,35423.17,688,26377.5,4.15,60,Home Improvement,0.415,2024-02-02,0,Active
L04252,C01018,59,Self-Employed,38433.53,647,83524.89,7.29,72,Home Improvement,0.7,2024-02-02,0,Active
L04533,C00873,59,Employed,129488.63,622,61398.81,4.76,36,Debt Consolidation,0.328,2024-02-03,0,Active
L03803,C01399,23,Employed,54261.72,787,48602.04,3.0,48,Education,0.572,2024-02-03,0,Active
L01820,C01915,52,Employed,54506.53,763,85511.17,3.0,24,Debt Consolidation,0.7,2024-02-03,0,Active
L02478,C01970,57,Employed,79289.91,655,6451.65,5.07,48,Personal,0.148,2024-02-03,0,Active
L00595,C01786,29,Employed,47228.44,690,13801.99,4.71,60,Personal,0.275,2024-02-04,0,Active
L00408,C01216,37,Self-Employed,38462.06,623,35057.32,7.07,48,Debt Consolidation,0.574,2024-02-04,0,Active
L02050,C01266,34,Employed,39403.98,758,22676.96,3.0,60,Debt Consolidation,0.497,2024-02-04,0,Active
L00591,C03326,64,Employed,59294.75,645,38945.2,5.42,48,Personal,0.541,2024-02-04,1,Default
L00429,C00993,41,Employed,119769.1,752,132001.11,3.0,48,Home Improvement,0.682,2024-02-05,0,Active
L00036,C00475,61,Employed,67780.21,613,56522.14,4.86,36,Debt Consolidation,0.659,2024-02-05,0,Active
L01495,C00769,25,Employed,34939.11,661,21479.59,5.83,60,Debt Consolidation,0.36,2024-02-05,0,Active
L01537,C03311,36,Employed,180000.0,775,30778.96,4.65,60,Vehicle,0.206,2024-02-05,0,Active
L00133,C02279,59,Self-Employed,89479.37,721,44756.35,4.31,36,Home Improvement,0.419,2024-02-05,0,Active
L02237,C00635,38,Employed,22527.67,673,20837.09,3.0,60,Vehicle,0.501,2024-02-06,0,Active
L02130,C02540,24,Self-Employed,33953.02,597,68643.12,5.78,36,Personal,0.7,2024-02-06,0,Active
L00123,C03135,25,Employed,65084.3,712,27557.4,4.86,36,Debt Consolidation,0.351,2024-02-06,0,Active
L03270,C00314,41,Employed,69668.94,850,26212.15,3.0,36,Personal,0.358,2024-02-06,0,Active
L00831,C03377,40,Employed,49494.13,679,31830.82,4.17,60,Vehicle,0.378,2024-02-06,0,Active
L03757,C00845,68,Employed,58470.09,686,117455.4,4.09,60,Debt Consolidation,0.7,2024-02-07,1,Default
L01321,C01121,37,Employed,28197.95,760,15983.24,3.7,48,Vehicle,0.58,2024-02-07,0,Active
L03335,C01133,46,Unemployed,84141.6,695,6598.72,4.25,48,Debt Consolidation,0.171,2024-02-07,0,Active
L02994,C03030,29,Unemployed,36910.78,685,14413.05,3.0,36,Education,0.41,2024-02-07,1,Default
L03357,C02811,48,Employed,40390.25,603,18149.43,6.57,60,Vehicle,0.48,2024-02-07,0,Active
L03263,C01037,60,Employed,40508.59,755,19521.9,3.0,12,Vehicle,0.329,2024-02-07,0,Active
L04412,C02774,64,Employed,36448.19,677,37735.71,4.02,48,Vehicle,0.7,2024-02-07,0,Active
L01936,C01487,31,Employed,32429.17,770,22108.78,3.0,48,Debt Consolidation,0.571,2024-02-08,0,Active
L02276,C02135,67,Employed,57301.45,726,43255.52,4.01,48,Home Improvement,0.422,2024-02-08,0,Active
L00302,C00489,56,Unemployed,42002.65,609,56586.85,5.19,36,Personal,0.692,2024-02-09,1,Default
L04094,C02042,27,Unemployed,32248.88,758,24520.26,3.0,60,Education,0.467,2024-02-09,0,Active
L00366,C00161,65,Self-Employed,40531.37,683,16232.18,4.63,36,Debt Consolidation,0.256,2024-02-09,0,Active
L03479,C02190,43,Employed,68384.63,690,16249.36,4.65,36,Home Improvement,0.304,2024-02-09,0,Active
L00168,C02940,69,Employed,51039.42,685,11176.96,5.16,36,Vehicle,0.292,2024-02-09,0,Active
L00103,C02768,34,Employed,53169.73,644,17194.96,6.35,24,Home Improvement,0.214,2024-02-09,0,Active
L00441,C01817,52,Employed,83254.45,664,20650.52,3.66,24,Vehicle,0.379,2024-02-09,0,Active
L03462,C01465,54,Employed,49161.57,651,6691.42,5.74,36,Debt Consolidation,0.304,2024-02-10,0,Active
L01563,C00775,37,Employed,80376.72,685,25067.12,5.37,24,Debt Consolidation,0.288,2024-02-10,0,Active
L01887,C00226,28,Employed,133450.3,708,12492.62,4.57,24,Vehicle,0.077,2024-02-10,0,Active
L01040,C01029,53,Employed,72107.59,742,12737.46,3.0,48,Debt Consolidation,0.282,2024-02-10,0,Active
L01465,C03433,37,Employed,26291.85,725,22687.07,4.56,48,Education,0.514,2024-02-10,0,Active
L03863,C01929,63,Unemployed,59045.24,747,17823.84,3.0,60,Debt Consolidation,0.352,2024-02-10,0,Active
L02841,C02797,64,Employed,30898.91,603,20137.05,6.28,60,Debt Consolidation,0.528,2024-02-10,1,Default
L01726,C01637,62,Unemployed,69683.3,734,60052.58,3.0,48,Personal,0.566,2024-02-11,0,Active
L03598,C01321,47,Unemployed,50689.24,740,21801.97,3.02,36,Vehicle,0.304,2024-02-11,1,Default
L04990,C02552,65,Self-Employed,73375.23,642,16268.36,6.17,48,Home Improvement,0.179,2024-02-11,0,Active
L02959,C01123,65,Employed,30648.02,703,27917.06,5.09,60,Debt Consolidation,0.418,2024-02-11,0,Active
L02730,C00263,48,Self-Employed,69591.49,792,72435.34,3.0,48,Education,0.543,2024-02-12,0,Active
L04986,C00496,48,Employed,56827.12,677,18434.63,3.29,36,Vehicle,0.294,2024-02-12,0,Active
L03241,C03258,26,Self-Employed,71725.17,765,26523.68,3.0,36,Debt Consolidation,0.336,2024-02-13,0,Active
L02762,C02609,26,Employed,62170.5,526,8803.59,7.57,36,Vehicle,0.333,2024-02-13,0,Active
L01318,C00420,28,Self-Employed,47784.45,812,22253.02,3.0,36,Debt Consolidation,0.296,2024-02-13,0,Active
L04547,C00952,32,Employed,67255.93,640,25375.17,6.43,72,Personal,0.39,2024-02-13,0,Active
L03040,C00594,27,Employed,65936.82,735,4437.63,4.44,72,Personal,0.198,2024-02-14,0,Active
L02177,C00274,49,Self-Employed,46143.42,618,50016.01,3.87,48,Home Improvement,0.637,2024-02-14,1,Default
L02942,C02515,56,Employed,54725.81,618,28152.59,6.28,60,Personal,0.396,2024-02-14,0,Active
L00697,C00396,58,Employed,65059.69,583,20237.58,8.07,60,Home Improvement,0.189,2024-02-14,1,Default
L01576,C02757,50,Employed,44531.55,812,42389.43,3.0,60,Home Improvement,0.482,2024-02-14,0,Active
L01548,C03192,59,Employed,40671.13,715,25807.57,3.81,60,Debt Consolidation,0.414,2024-02-15,0,Active
L03820,C02721,30,Self-Employed,21635.35,680,46666.95,5.09,72,Vehicle,0.7,2024-02-15,1,Default
L04231,C02661,25,Employed,80385.21,680,47461.87,3.76,48,Personal,0.316,2024-02-15,0,Active
L01194,C01416,62,Employed,48256.06,555,62894.01,8.19,48,Personal,0.7,2024-02-16,0,Active
L03410,C01626,65,Employed,49316.69,740,38483.59,3.55,36,Vehicle,0.604,2024-02-16,0,Active
L00798,C01997,37,Employed,53917.26,619,18341.48,7.36,48,Vehicle,0.257,2024-02-16,0,Active
L04762,C03065,30,Employed,67219.15,636,20839.26,5.2,12,Debt Consolidation,0.263,2024-02-16,0,Active
L03850,C00779,60,Employed,68732.62,709,10817.6,4.21,48,Vehicle,0.212,2024-02-16,0,Active
L03897,C00772,65,Employed,30147.39,703,35119.5,3.32,72,Education,0.7,2024-02-17,1,Default
L01925,C01641,33,Self-Employed,48952.65,721,20929.28,3.0,24,Personal,0.361,2024-02-18,0,Active
L02336,C02980,33,Employed,84378.95,633,13604.22,5.47,48,Personal,0.162,2024-02-18,0,Active
L01437,C00418,50,Self-Employed,48601.9,703,14683.61,3.0,24,Home Improvement,0.362,2024-02-18,1,Default
L03748,C01337,45,Employed,51734.66,708,39613.82,4.35,24,Vehicle,0.558,2024-02-18,0,Active
L03228,C02067,58,Employed,30404.82,649,9851.22,3.38,36,Debt Consolidation,0.118,2024-02-18,0,Active
L01516,C01902,54,Employed,118201.22,741,29576.87,4.56,60,Debt Consolidation,0.216,2024-02-18,0,Active
L03369,C01071,46,Self-Employed,33331.51,595,35212.14,5.77,36,Debt Consolidation,0.62,2024-02-18,0,Active
L04739,C01117,59,Self-Employed,93116.8,709,52532.86,3.47,36,Personal,0.369,2024-02-19,0,Active
L04573,C00235,22,Employed,35488.58,772,94804.51,3.0,36,Home Improvement,0.7,2024-02-19,0,Active
L01790,C02984,45,Self-Employed,82808.88,726,17833.96,3.85,36,Personal,0.295,2024-02-20,0,Active
L04843,C00980,55,Self-Employed,20140.97,716,16721.77,3.0,36,Vehicle,0.55,2024-02-20,0,Active
L00130,C02337,22,Employed,49447.09,666,15754.95,5.44,36,Education,0.139,2024-02-20,1,Default
L02217,C02637,45,Self-Employed,104098.53,658,56045.11,4.91,24,Vehicle,0.497,2024-02-20,1,Default
L02472,C01318,68,Employed,35926.77,555,16068.59,5.99,36,Personal,0.179,2024-02-21,0,Active
L04010,C02533,21,Self-Employed,67459.56,778,30713.97,3.46,36,Home Improvement,0.314,2024-02-21,0,Active
L00601,C03295,43,Unemployed,46782.34,566,22715.19,5.19,60,Debt Consolidation,0.408,2024-02-21,0,Active
L04705,C02537,25,Employed,51724.57,709,54552.3,4.33,60,Personal,0.683,2024-02-21,0,Active
L02927,C00092,37,Employed,59981.54,702,44505.75,3.83,48,Vehicle,0.331,2024-02-21,0,Active
L03077,C00856,34,Employed,18000.0,690,53953.34,3.62,36,Personal,0.7,2024-02-22,0,Active
L01253,C01161,24,Employed,29434.11,682,39773.08,4.14,36,Vehicle,0.7,2024-02-22,0,Active
L04636,C02671,61,Employed,90886.37,675,36021.73,4.89,36,Debt Consolidation,0.351,2024-02-22,1,Default
L00890,C00877,60,Employed,33538.32,646,30486.53,3.47,48,Vehicle,0.579,2024-02-22,1,Default
L02499,C02475,51,Self-Employed,43579.99,692,4407.51,3.28,60,Personal,0.312,2024-02-23,0,Active
L03989,C02650,58,Employed,81256.56,680,72648.66,3.98,60,Vehicle,0.585,2024-02-23,1,Default
L03864,C01348,23,Employed,57552.04,732,60766.37,3.89,24,Personal,0.665,2024-02-23,0,Active
L01909,C00850,33,Employed,64518.31,798,48424.61,3.0,48,Vehicle,0.537,2024-02-23,0,Active
L01178,C01756,24,Employed,25768.79,761,16467.11,3.54,60,Vehicle,0.358,2024-02-23,0,Active
L02870,C00042,26,Employed,52764.68,682,15297.19,3.38,12,Vehicle,0.332,2024-02-23,0,Active
L03755,C00393,51,Unemployed,56079.26,770,6809.29,3.0,60,Home Improvement,0.208,2024-02-24,1,Default
L03096,C00148,22,Self-Employed,40439.8,654,23344.91,3.49,36,Personal,0.478,2024-02-24,0,Active
L00068,C01364,54,Employed,26390.01,729,10196.82,3.0,12,Debt Consolidation,0.321,2024-02-25,1,Default
L04606,C00119,32,Unemployed,29385.88,627,25174.64,7.35,36,Personal,0.507,2024-02-25,0,Active
L01591,C00905,33,Self-Employed,60362.49,654,32230.76,4.16,48,Personal,0.43,2024-02-25,0,Active
L04841,C02653,50,Unemployed,41459.83,716,37918.82,3.0,48,Debt Consolidation,0.577,2024-02-26,0,Active
L00862,C00740,66,Employed,50055.51,684,7036.72,5.73,60,Debt Consolidation,0.309,2024-02-26,0,Active
L00847,C03480,47,Self-Employed,83194.31,731,29087.34,4.25,48,Debt Consolidation,0.369,2024-02-26,0,Active
L04586,C01816,21,Employed,23087.93,698,14237.41,4.06,36,Debt Consolidation,0.365,2024-02-26,1,Default
L02011,C00589,67,Employed,44237.84,751,30695.21,3.0,60,Debt Consolidation,0.477,2024-02-27,0,Active
L01910,C02110,42,Employed,43534.89,628,83570.39,6.43,24,Home Improvement,0.7,2024-02-27,1,Default
L02454,C00490,55,Unemployed,87976.2,621,28426.24,6.31,24,Education,0.17,2024-02-27,0,Active
L00310,C01803,66,Employed,85799.58,629,35013.86,6.41,48,Debt Consolidation,0.272,2024-02-27,0,Active
L00218,C01769,39,Self-Employed,23644.46,670,19589.14,4.97,36,Vehicle,0.568,2024-02-27,0,Active
L04706,C00686,42,Employed,84188.14,850,38056.34,3.0,72,Personal,0.382,2024-02-27,0,Active
L02111,C02351,63,Unemployed,22731.07,767,14926.83,3.0,48,Home Improvement,0.444,2024-02-28,1,Default
L04836,C00667,28,Employed,126074.43,711,10160.89,3.0,36,Vehicle,0.237,2024-02-28,0,Active
L00190,C03158,47,Employed,44021.33,777,7515.04,3.0,12,Debt Consolidation,0.18,2024-02-29,0,Active
L02556,C00711,54,Employed,29037.07,800,4913.82,3.0,24,Home Improvement,0.089,2024-02-29,0,Active
L03631,C01916,65,Employed,41861.76,704,30363.06,5.09,48,Home Improvement,0.577,2024-02-29,0,Active
L04078,C03260,66,Employed,43901.63,773,10878.94,3.0,36,Vehicle,0.124,2024-03-01,0,Active
L00371,C00816,24,Employed,33440.08,619,25363.2,5.25,24,Vehicle,0.372,2024-03-01,0,Active
L03617,C02925,65,Unemployed,42589.79,616,20975.31,5.0,36,Education,0.368,2024-03-01,1,Default
L04198,C00383,61,Unemployed,18000.0,728,10967.35,3.0,36,Debt Consolidation,0.388,2024-03-02,1,Default
L04098,C01944,49,Self-Employed,176257.13,629,36633.28,4.22,60,Debt Consolidation,0.233,2024-03-02,0,Active
L04771,C00870,36,Employed,75140.5,683,70842.01,3.0,24,Home Improvement,0.628,2024-03-03,0,Active
L04392,C02952,23,Self-Employed,27161.96,648,49016.87,4.83,48,Home Improvement,0.7,2024-03-03,0,Active
L00717,C01493,31,Employed,47686.64,658,37455.87,4.35,48,Home Improvement,0.615,2024-03-03,0,Active
L01968,C01347,66,Employed,75008.86,571,85123.75,7.89,60,Debt Consolidation,0.574,2024-03-03,0,Active
L00575,C03119,54,Employed,30969.83,610,27158.12,5.96,36,Debt Consolidation,0.489,2024-03-03,1,Default
L03052,C00105,28,Employed,40640.46,649,22119.16,5.07,12,Debt Consolidation,0.39,2024-03-04,1,Default
L01445,C01206,52,Employed,44727.3,669,79983.08,5.73,12,Vehicle,0.7,2024-03-05,0,Active
L02887,C00130,25,Self-Employed,76310.54,755,35702.61,4.22,24,Vehicle,0.34,2024-03-05,0,Active
L02824,C00149,21,Employed,69801.14,600,26063.51,5.98,48,Vehicle,0.302,2024-03-05,0,Active
L02571,C03016,54,Self-Employed,49109.14,730,31143.09,3.0,72,Debt Consolidation,0.528,2024-03-05,1,Default
L04975,C03415,54,Employed,89475.0,610,39641.06,4.93,72,Debt Consolidation,0.435,2024-03-06,0,Active
L01845,C02034,60,Employed,35393.95,718,26980.45,3.0,60,Vehicle,0.538,2024-03-06,0,Active
L04891,C01133,34,Employed,33369.52,657,51679.09,6.56,48,Debt Consolidation,0.7,2024-03-06,1,Default
L04288,C00163,62,Self-Employed,53030.68,712,25375.39,4.09,60,Debt Consolidation,0.442,2024-03-07,0,Active
L02844,C00341,35,Unemployed,33274.62,643,10708.74,6.59,36,Vehicle,0.282,2024-03-07,0,Active
L01942,C03298,54,Employed,45126.97,675,28923.57,4.31,36,Personal,0.364,2024-03-07,0,Active
L02417,C03179,39,Employed,71453.78,704,12112.7,3.0,48,Personal,0.163,2024-03-07,0,Active
L01642,C00588,33,Employed,60741.0,525,35164.57,9.67,60,Debt Consolidation,0.568,2024-03-07,0,Active
L00521,C00047,49,Employed,42190.39,652,13390.54,6.34,48,Personal,0.413,2024-03-07,1,Default
L03293,C01014,67,Employed,23179.34,733,20846.49,3.79,48,Personal,0.555,2024-03-07,0,Active
L00935,C02049,51,Employed,24459.7,665,16565.79,4.8,48,Debt Consolidation,0.483,2024-03-07,0,Active
L04876,C03064,28,Employed,66548.52,669,21585.97,3.96,36,Education,0.241,2024-03-07,1,Default
L00163,C02843,46,Self-Employed,35188.82,714,11864.8,3.57,24,Home Improvement,0.316,2024-03-08,0,Active
L04141,C02123,38,Employed,118678.13,605,14602.11,5.83,36,Personal,0.267,2024-03-08,0,Active
L04173,C02686,44,Self-Employed,52429.44,671,13619.32,6.26,24,Home Improvement,0.182,2024-03-08,0,Active
L02933,C02495,36,Employed,82020.6,648,41614.83,5.75,36,Vehicle,0.402,2024-03-09,1,Default
L00807,C00929,32,Self-Employed,41641.03,676,83640.93,4.75,48,Debt Consolidation,0.7,2024-03-09,0,Active
L00257,C03475,55,Unemployed,18000.0,625,54394.35,5.85,60,Vehicle,0.7,2024-03-09,0,Active
L04735,C01758,49,Self-Employed,36360.67,788,41889.51,3.0,36,Personal,0.671,2024-03-09,0,Active
L01310,C03087,41,Employed,35607.3,662,7486.34,5.61,24,Vehicle,0.209,2024-03-09,0,Active
L01895,C01797,64,Employed,39415.08,560,16558.59,7.27,36,Vehicle,0.19,2024-03-09,0,Active
L02170,C02434,35,Unemployed,42926.42,650,11834.61,6.02,60,Debt Consolidation,0.219,2024-03-09,0,Active
L02060,C00022,37,Employed,65648.65,617,15133.91,6.78,60,Debt Consolidation,0.311,2024-03-10,0,Active
L02250,C01884,54,Employed,35026.11,640,39996.78,4.66,24,Vehicle,0.7,2024-03-10,0,Active
L00897,C02194,49,Employed,43765.06,734,31212.34,3.15,48,Debt Consolidation,0.468,2024-03-10,0,Active
L03763,C02267,45,Employed,76224.66,700,12037.9,3.0,24,Vehicle,0.136,2024-03-10,1,Default
L00425,C00181,43,Self-Employed,40386.77,702,24187.92,3.51,60,Education,0.528,2024-03-10,0,Active
L02319,C02780,64,Employed,49238.45,655,17212.46,4.31,48,Education,0.248,2024-03-11,1,Default
L02095,C02845,51,Employed,68207.14,682,30973.62,3.12,36,Vehicle,0.318,2024-03-11,0,Active
L03495,C02493,60,Self-Employed,48869.96,610,101405.13,3.97,60,Personal,0.7,2024-03-11,1,Default
L02931,C03037,62,Employed,54037.37,697,12027.77,3.43,60,Education,0.246,2024-03-11,0,Active
L04378,C00162,66,Self-Employed,55386.45,497,72747.82,9.36,48,Education,0.7,2024-03-11,0,Active
L03032,C01792,69,Employed,36518.65,756,29453.08,3.0,72,Debt Consolidation,0.513,2024-03-11,0,Active
L04534,C00892,29,Employed,78278.91,707,52142.8,3.0,36,Debt Consolidation,0.462,2024-03-12,0,Active
L04092,C02608,57,Unemployed,37899.65,695,25357.02,3.66,12,Home Improvement,0.425,2024-03-12,1,Default
L00642,C00090,23,Unemployed,72596.74,729,56520.51,4.32,12,Personal,0.502,2024-03-12,1,Default
L00968,C02967,64,Employed,78899.37,635,29077.2,5.14,48,Personal,0.285,2024-03-12,0,Active
L02992,C02203,38,Self-Employed,31481.06,716,11647.92,4.2,48,Vehicle,0.257,2024-03-13,0,Active
L03843,C02525,66,Employed,72053.99,703,43504.6,4.37,72,Personal,0.4,2024-03-13,0,Active
L02335,C01442,50,Employed,48548.76,654,8273.49,5.5,36,Education,0.187,2024-03-13,0,Active
L01661,C00702,22,Employed,25082.42,696,43158.13,4.54,72,Home Improvement,0.7,2024-03-13,0,Active
L00593,C00357,27,Employed,82253.04,522,26483.35,7.11,36,Debt Consolidation,0.283,2024-03-13,0,Active
L04673,C02588,67,Employed,53950.62,633,28464.97,4.66,48,Education,0.448,2024-03-13,1,Default
L03741,C01945,25,Self-Employed,47056.87,674,23147.42,4.76,12,Education,0.44,2024-03-13,0,Active
L02698,C02905,36,Employed,37430.82,635,55334.13,4.08,60,Home Improvement,0.7,2024-03-13,0,Active
L02269,C00809,22,Self-Employed,60177.55,642,11667.7,5.86,60,Debt Consolidation,0.203,2024-03-14,0,Active
L03893,C01847,51,Employed,28662.02,711,27619.11,5.35,48,Debt Consolidation,0.673,2024-03-14,0,Active
L01276,C00132,29,Employed,138096.93,558,35048.19,8.54,24,Debt Consolidation,0.17,2024-03-14,1,Default
L04731,C02762,43,Unemployed,59532.63,622,23120.99,5.89,48,Personal,0.367,2024-03-15,0,Active
L00906,C02875,56,Employed,48666.33,736,34287.72,3.0,36,Vehicle,0.535,2024-03-15,0,Active
L01442,C00876,49,Employed,52804.18,564,28635.47,7.12,48,Debt Consolidation,0.429,2024-03-15,1,Default
L00821,C00203,58,Employed,70386.02,718,33462.23,3.0,12,Personal,0.302,2024-03-15,1,Default
L01274,C03482,49,Employed,40862.06,685,12511.6,4.7,36,Education,0.335,2024-03-15,0,Active
L03506,C02337,47,Self-Employed,22356.7,715,46290.81,3.0,72,Personal,0.7,2024-03-15,0,Active
L02965,C02311,44,Employed,48488.74,693,12272.76,5.52,48,Education,0.156,2024-03-15,0,Active
L01512,C00055,45,Unemployed,38908.22,682,25040.04,4.88,48,Debt Consolidation,0.435,2024-03-15,0,Active
L03973,C01357,48,Employed,103011.45,759,97056.61,3.89,36,Home Improvement,0.608,2024-03-16,0,Active
L03840,C01279,60,Employed,82846.91,714,35488.19,4.45,60,Personal,0.429,2024-03-16,0,Active
L04597,C00884,62,Self-Employed,52416.02,715,120485.39,3.0,60,Home Improvement,0.7,2024-03-16,1,Default
L03582,C02275,39,Employed,40647.06,697,21672.35,3.0,60,Home Improvement,0.276,2024-03-17,1,Default
L03801,C02811,42,Employed,49448.46,725,21614.35,4.23,48,Debt Consolidation,0.448,2024-03-17,0,Active
L01629,C02886,52,Employed,72591.61,679,36492.2,4.69,36,Personal,0.481,2024-03-17,0,Active
L02947,C02826,43,Employed,94681.01,602,13402.11,7.12,36,Debt Consolidation,0.269,2024-03-17,0,Active
L03564,C02676,41,Employed,49837.36,706,25630.09,3.4,60,Debt Consolidation,0.428,2024-03-18,0,Active
L03130,C02994,68,Self-Employed,92152.2,731,41382.59,4.55,36,Debt Consolidation,0.422,2024-03-19,0,Active
L00877,C00390,54,Employed,65333.68,672,22812.37,4.7,36,Vehicle,0.498,2024-03-19,0,Active
L03416,C02979,24,Employed,103588.22,722,15446.64,4.58,12,Personal,0.206,2024-03-20,0,Active
L02909,C02531,52,Unemployed,33724.74,698,16474.81,3.0,48,Vehicle,0.35,2024-03-20,1,Default
L01798,C03030,23,Employed,21536.54,769,27266.68,3.0,72,Personal,0.596,2024-03-20,0,Active
L04722,C01146,49,Employed,32741.82,702,12692.28,4.31,72,Debt Consolidation,0.332,2024-03-21,0,Active
L03969,C01728,67,Employed,66793.51,746,23484.03,3.7,36,Vehicle,0.43,2024-03-21,0,Active
L00271,C00401,63,Employed,44170.13,693,35435.01,4.27,36,Education,0.565,2024-03-21,0,Active
L00547,C01665,65,Employed,34188.82,647,51274.72,6.42,36,Education,0.7,2024-03-21,1,Default
L03463,C02244,62,Employed,45087.78,791,26871.92,3.29,36,Debt Consolidation,0.433,2024-03-21,0,Active
L00724,C01210,58,Self-Employed,49121.73,757,35836.1,3.0,60,Debt Consolidation,0.436,2024-03-21,0,Active
L00631,C00285,22,Employed,78495.73,653,82701.95,4.95,48,Vehicle,0.7,2024-03-22,1,Default
L04097,C01404,60,Employed,29848.03,669,30286.68,5.42,24,Home Improvement,0.576,2024-03-22,0,Active
L03655,C00924,39,Employed,65213.73,653,21383.07,6.37,12,Personal,0.324,2024-03-22,0,Active
L03140,C00119,31,Self-Employed,65150.27,702,66297.62,3.47,24,Debt Consolidation,0.64,2024-03-23,0,Active
L04126,C01416,47,Employed,42471.15,779,49973.98,3.0,60,Home Improvement,0.679,2024-03-23,0,Active
L04907,C02676,33,Employed,136440.86,686,24910.16,4.68,48,Personal,0.17,2024-03-24,1,Default
L01056,C01837,59,Employed,65094.21,776,54438.07,3.0,12,Personal,0.494,2024-03-24,0,Active
L00614,C00497,31,Unemployed,55691.26,688,45220.29,6.53,72,Personal,0.553,2024-03-24,1,Default
L03235,C01305,37,Employed,31324.71,640,12533.43,3.98,24,Education,0.306,2024-03-24,1,Default
L03477,C02540,69,Self-Employed,36088.31,673,7988.34,6.42,48,Education,0.218,2024-03-25,0,Active
L00140,C00780,43,Employed,53474.79,706,25779.26,5.03,72,Personal,0.383,2024-03-25,0,Active
L04215,C00996,52,Employed,116919.07,732,25725.12,3.72,24,Debt Consolidation,0.231,2024-03-25,0,Active
L02718,C01547,27,Employed,46094.7,746,42332.59,4.62,24,Personal,0.477,2024-03-26,0,Active
L01624,C02077,26,Employed,48266.1,554,15372.68,9.47,48,Debt Consolidation,0.29,2024-03-26,0,Active
L04904,C00084,64,Self-Employed,60137.86,808,18095.57,3.0,36,Home Improvement,0.231,2024-03-26,0,Active
L00381,C00460,44,Employed,32180.46,696,26344.7,4.75,36,Debt Consolidation,0.493,2024-03-27,1,Default
L04195,C00762,38,Self-Employed,71283.26,629,54277.85,5.64,36,Home Improvement,0.374,2024-03-27,0,Active
L04930,C03236,56,Employed,34109.66,557,23668.64,7.83,48,Personal,0.469,2024-03-27,1,Default
L02353,C00478,27,Employed,38852.54,661,32800.57,3.91,60,Personal,0.617,2024-03-27,0,Active
L01955,C01712,67,Self-Employed,55813.99,671,29673.11,4.01,36,Home Improvement,0.458,2024-03-27,1,Default
L03451,C00205,34,Employed,43657.86,600,15631.62,6.0,72,Personal,0.264,2024-03-27,0,Active
L01571,C02748,48,Unemployed,20852.49,816,12810.65,3.0,48,Personal,0.466,2024-03-27,0,Active
L04017,C03450,38,Employed,97265.39,663,18719.76,5.96,48,Education,0.304,2024-03-27,0,Active
L00030,C00460,21,Employed,26797.3,629,38100.83,5.6,48,Debt Consolidation,0.7,2024-03-28,0,Active
L03380,C00837,60,Employed,67462.07,731,24719.15,3.7,48,Debt Consolidation,0.443,2024-03-28,0,Active
L01121,C02193,41,Employed,78465.13,655,19367.33,4.25,60,Debt Consolidation,0.231,2024-03-28,0,Active
L04281,C00604,49,Employed,31295.7,639,12138.13,3.94,60,Personal,0.389,2024-03-28,1,Default
L03514,C01705,42,Employed,44374.11,791,27514.98,3.0,72,Education,0.382,2024-03-28,0,Active
L03471,C03275,44,Employed,36618.62,638,17948.68,6.24,48,Personal,0.415,2024-03-28,0,Active
L03780,C01905,64,Self-Employed,31822.46,718,14590.39,3.0,60,Home Improvement,0.379,2024-03-28,0,Active
L04331,C00113,24,Self-Employed,50821.64,643,31242.91,4.06,24,Debt Consolidation,0.376,2024-03-28,0,Active
L04792,C02410,22,Employed,49490.05,640,14550.09,6.38,48,Home Improvement,0.411,2024-03-29,0,Active
L00987,C02018,39,Employed,59779.26,550,9460.64,8.14,48,Vehicle,0.303,2024-03-29,0,Active
L04230,C00657,21,Employed,48407.58,566,15696.32,7.52,60,Debt Consolidation,0.341,2024-03-29,1,Default
L00580,C03060,28,Unemployed,73050.71,773,12924.83,4.06,60,Vehicle,0.304,2024-03-29,0,Active
L00334,C03171,35,Employed,142643.84,711,10826.34,4.51,36,Debt Consolidation,0.256,2024-03-29,0,Active
L01778,C01467,34,Employed,81295.27,729,29730.9,3.52,60,Debt Consolidation,0.204,2024-03-30,1,Default
L01977,C00216,27,Employed,43377.11,691,22685.78,4.36,60,Personal,0.272,2024-03-31,0,Active
L01225,C00010,21,Employed,56666.29,740,53230.83,3.17,60,Vehicle,0.666,2024-03-31,0,Active
L04038,C02502,66,Unemployed,84117.14,699,20636.35,3.0,36,Personal,0.155,2024-03-31,0,Active
L04223,C02810,55,Employed,42954.74,637,19300.91,6.23,36,Vehicle,0.4,2024-03-31,1,Default
L03769,C02598,25,Employed,59765.77,729,10508.23,3.51,48,Education,0.149,2024-03-31,0,Active
L01045,C01429,44,Employed,48691.14,707,14684.93,3.49,48,Vehicle,0.178,2024-03-31,0,Active
L01150,C03449,57,Employed,58451.3,536,42648.08,8.39,60,Vehicle,0.517,2024-04-01,0,Active
L00963,C01849,38,Employed,53627.79,564,14438.12,6.94,48,Debt Consolidation,0.335,2024-04-01,0,Active
L04902,C02839,42,Self-Employed,106775.52,570,16083.93,5.23,24,Debt Consolidation,0.186,2024-04-02,0,Active
L02046,C01220,56,Self-Employed,18000.0,723,14790.1,3.0,36,Education,0.495,2024-04-03,0,Active
L01834,C02425,35,Employed,111419.71,744,11431.99,3.0,48,Personal,0.218,2024-04-03,0,Active
L01675,C01320,41,Employed,51899.88,561,27624.58,8.12,36,Vehicle,0.324,2024-04-03,0,Active
L02634,C03216,26,Unemployed,34640.15,650,68604.95,6.06,60,Personal,0.7,2024-04-03,1,Default
L00187,C01184,67,Self-Employed,46301.48,563,27589.59,5.99,36,Personal,0.383,2024-04-03,0,Active
L04802,C02641,57,Employed,47152.84,720,8130.1,3.0,48,Home Improvement,0.192,2024-04-04,0,Active
L02913,C01677,27,Unemployed,94919.17,596,10287.92,4.61,12,Debt Consolidation,0.145,2024-04-04,0,Active
L02625,C00964,51,Self-Employed,19618.77,745,7857.53,3.8,60,Education,0.346,2024-04-04,0,Active
L02210,C00242,63,Employed,109342.18,493,8621.09,9.47,48,Home Improvement,0.266,2024-04-04,0,Active
L03937,C00998,51,Employed,18000.0,624,34403.1,5.21,48,Debt Consolidation,0.7,2024-04-04,0,Active
L01601,C02762,22,Unemployed,24277.95,792,26268.73,3.38,36,Home Improvement,0.7,2024-04-04,0,Active
L00584,C02266,65,Employed,46800.01,593,46246.88,6.1,36,Vehicle,0.579,2024-04-05,0,Active
L01503,C01137,68,Unemployed,28572.39,699,24992.95,5.54,36,Home Improvement,0.508,2024-04-05,0,Active
L04300,C01347,56,Employed,28912.19,637,71147.62,5.49,60,Personal,0.7,2024-04-05,1,Default
L04601,C00740,48,Self-Employed,85761.64,850,28313.02,3.0,48,Debt Consolidation,0.25,2024-04-06,0,Active
L03284,C03283,64,Employed,77129.63,641,12740.89,4.34,48,Vehicle,0.265,2024-04-06,0,Active
L00501,C01716,45,Employed,51037.27,625,34258.41,6.36,72,Debt Consolidation,0.434,2024-04-06,0,Active
L00632,C02445,32,Employed,41500.02,780,21089.85,3.0,36,Debt Consolidation,0.383,2024-04-06,0,Active
L01210,C00559,32,Employed,70714.58,692,109715.59,3.37,36,Personal,0.7,2024-04-06,0,Active
L00078,C03153,21,Self-Employed,37243.44,632,8653.1,4.77,36,Personal,0.279,2024-04-06,0,Active
L03752,C00460,63,Self-Employed,35731.72,630,11253.54,4.04,60,Home Improvement,0.286,2024-04-07,0,Active
L01564,C02199,56,Employed,76465.68,748,26973.67,3.07,60,Personal,0.322,2024-04-07,0,Active
L00244,C01637,56,Employed,36015.76,574,92582.68,7.03,36,Home Improvement,0.7,2024-04-07,0,Active
L04303,C01037,49,Self-Employed,32715.59,532,55173.74,8.68,36,Vehicle,0.7,2024-04-07,1,Default
L01847,C00146,40,Employed,70958.49,644,8620.96,5.11,60,Education,0.215,2024-04-08,0,Active
L02958,C02131,61,Employed,74511.39,601,61921.07,6.52,48,Personal,0.692,2024-04-08,1,Default
L04068,C02325,28,Employed,69342.07,749,35996.49,3.43,24,Personal,0.32,2024-04-08,0,Active
L01694,C00751,44,Self-Employed,95080.93,771,19339.63,3.17,60,Vehicle,0.139,2024-04-09,0,Active
L01118,C00126,53,Employed,78568.83,729,20060.39,3.0,36,Home Improvement,0.248,2024-04-09,0,Active
L01903,C01914,39,Employed,66111.54,749,64348.88,3.0,36,Vehicle,0.552,2024-04-09,0,Active
L00613,C02306,33,Employed,82221.03,675,50056.35,6.06,24,Home Improvement,0.532,2024-04-10,0,Active
L04324,C00057,62,Employed,62137.74,660,20993.7,3.92,60,Vehicle,0.316,2024-04-10,0,Active
L00386,C02798,52,Employed,53371.87,771,39634.71,3.0,36,Personal,0.545,2024-04-10,0,Active
L04339,C01573,64,Employed,53686.19,732,63758.8,4.08,48,Debt Consolidation,0.629,2024-04-10,0,Active
L01413,C03031,51,Self-Employed,60583.23,630,35337.06,5.88,12,Education,0.379,2024-04-10,0,Active
L02041,C02383,29,Unemployed,44535.02,632,18268.19,5.07,24,Vehicle,0.269,2024-04-10,0,Active
L01898,C00727,65,Employed,92332.37,807,28745.41,3.0,48,Personal,0.249,2024-04-11,0,Active
L00449,C03360,62,Self-Employed,23725.51,734,12743.6,4.44,60,Debt Consolidation,0.472,2024-04-11,0,Active
L04500,C02223,26,Employed,41052.63,593,16634.09,7.33,24,Personal,0.367,2024-04-11,1,Default
L04418,C01470,54,Employed,36016.1,664,37987.03,6.67,12,Personal,0.58,2024-04-12,0,Active
L03830,C02270,55,Employed,23654.83,655,86144.78,5.16,36,Debt Consolidation,0.7,2024-04-12,0,Active
L03986,C03312,49,Employed,22903.37,667,19457.51,4.95,36,Vehicle,0.627,2024-04-12,0,Active
L02181,C01390,28,Employed,61079.99,734,46680.28,5.42,36,Education,0.55,2024-04-12,0,Active
L00914,C00385,44,Employed,23478.04,772,59504.98,3.09,48,Debt Consolidation,0.7,2024-04-12,0,Active
L01186,C02552,51,Employed,85490.32,703,14395.95,4.44,60,Vehicle,0.204,2024-04-12,0,Active
L03158,C01250,28,Employed,35079.78,712,16481.2,3.26,60,Vehicle,0.309,2024-04-12,0,Active
L01660,C03029,30,Employed,33828.26,566,9239.6,6.6,60,Vehicle,0.282,2024-04-12,1,Default
L03191,C03070,32,Employed,47500.1,644,13831.87,3.84,24,Debt Consolidation,0.237,2024-04-12,0,Active
L01716,C01063,58,Employed,61444.23,716,21346.2,3.21,36,Home Improvement,0.437,2024-04-12,0,Active
L00209,C03303,52,Employed,29190.51,736,80148.78,3.97,48,Education,0.7,2024-04-12,0,Active
L00652,C00826,47,Employed,54670.36,613,13555.87,7.11,60,Personal,0.279,2024-04-12,1,Default
L04847,C03431,69,Self-Employed,53333.4,676,26264.18,3.37,36,Education,0.433,2024-04-13,0,Active
L00759,C01520,25,Employed,92428.7,721,12288.54,4.04,72,Personal,0.241,2024-04-13,0,Active
L00043,C00190,23,Employed,106346.18,641,35031.12,5.15,48,Education,0.312,2024-04-13,1,Default
L04883,C00651,55,Unemployed,40309.21,548,45578.3,6.33,12,Education,0.687,2024-04-13,0,Active
L01878,C00772,23,Employed,18000.0,662,12407.01,4.94,48,Home Improvement,0.417,2024-04-13,0,Active
L01870,C01326,44,Unemployed,48932.02,660,7377.59,3.4,60,Vehicle,0.225,2024-04-13,1,Default
L03814,C02724,44,Employed,47889.72,633,29234.46,4.71,60,Debt Consolidation,0.432,2024-04-13,0,Active
L03087,C00845,44,Employed,50949.84,791,37984.88,3.0,36,Personal,0.537,2024-04-14,0,Active
L03361,C01142,68,Self-Employed,82413.86,667,19713.28,5.71,72,Vehicle,0.2,2024-04-15,0,Active
L00070,C01391,44,Self-Employed,26835.34,600,27202.03,8.41,12,Debt Consolidation,0.58,2024-04-15,1,Default
L04974,C01933,41,Employed,48408.65,761,18730.39,3.0,12,Personal,0.42,2024-04-15,0,Active
L00148,C02147,38,Employed,167605.38,730,81765.27,3.28,60,Personal,0.466,2024-04-15,0,Active
L00390,C03437,62,Employed,36288.21,692,39294.54,3.68,48,Home Improvement,0.68,2024-04-15,0,Active
L04734,C03295,34,Employed,100690.33,582,36995.58,6.91,36,Vehicle,0.357,2024-04-15,0,Active
L04563,C02374,68,Employed,72625.79,652,27670.38,5.47,24,Debt Consolidation,0.393,2024-04-15,1,Default
L03057,C00425,36,Employed,54891.71,781,10953.06,3.0,48,Education,0.159,2024-04-16,0,Active
L04063,C03351,46,Employed,84483.01,766,17306.76,3.0,12,Vehicle,0.214,2024-04-16,0,Active
L01415,C03073,59,Employed,125867.71,610,150000.0,7.54,48,Home Improvement,0.632,2024-04-16,0,Active
L02993,C02140,37,Employed,29463.35,539,17736.67,7.35,36,Vehicle,0.322,2024-04-16,0,Active
L02040,C00572,50,Employed,52272.67,651,20431.67,7.13,60,Vehicle,0.335,2024-04-17,0,Active
L04787,C02498,26,Employed,29859.8,737,33153.78,3.0,48,Vehicle,0.617,2024-04-17,0,Active
L04224,C02835,68,Employed,64393.22,693,25443.91,5.31,48,Debt Consolidation,0.323,2024-04-17,1,Default
L03208,C02908,28,Unemployed,23818.77,687,44324.56,3.9,72,Home Improvement,0.7,2024-04-18,0,Active
L02014,C00295,45,Employed,31532.06,632,24051.66,4.59,48,Home Improvement,0.596,2024-04-18,0,Active
L04553,C01197,36,Employed,70595.62,689,37970.64,5.48,36,Debt Consolidation,0.537,2024-04-19,0,Active
L03163,C00936,34,Employed,125008.21,470,55476.42,7.32,36,Vehicle,0.389,2024-04-19,0,Active
L04853,C00861,39,Employed,37491.24,561,43321.39,8.0,60,Debt Consolidation,0.7,2024-04-19,1,Default
L00713,C00396,36,Employed,57438.95,766,19326.4,3.0,72,Personal,0.454,2024-04-19,0,Active
L04293,C00116,25,Employed,82755.31,704,7595.95,3.48,48,Vehicle,0.179,2024-04-20,0,Active
L04319,C02000,34,Employed,74173.72,755,53189.72,3.0,12,Home Improvement,0.352,2024-04-20,0,Active
L02187,C00729,65,Employed,59250.62,704,13173.28,3.0,60,Personal,0.239,2024-04-20,0,Active
L01766,C02736,57,Employed,40792.62,708,12497.85,3.0,12,Vehicle,0.375,2024-04-20,0,Active
L03123,C03409,42,Employed,33353.68,605,31116.59,6.02,48,Education,0.529,2024-04-21,1,Default
L03535,C00637,33,Employed,62960.03,605,45517.84,7.11,36,Debt Consolidation,0.486,2024-04-21,1,Default
L04773,C02002,36,Employed,40291.44,613,23829.67,6.19,60,Personal,0.432,2024-04-21,1,Default
L01067,C02879,33,Employed,23201.24,665,27909.82,4.87,36,Debt Consolidation,0.624,2024-04-22,0,Active
L03178,C00686,59,Employed,83507.37,713,10363.22,3.0,48,Vehicle,0.288,2024-04-22,1,Default
L02346,C00530,65,Employed,70655.88,713,49024.38,4.67,60,Vehicle,0.507,2024-04-22,0,Active
L03647,C00575,62,Self-Employed,24753.76,659,45652.9,7.0,48,Personal,0.7,2024-04-22,0,Active
L03666,C00930,24,Employed,19317.57,627,15060.36,5.62,36,Personal,0.362,2024-04-23,0,Active
L01795,C00039,40,Employed,23662.39,705,13349.96,6.22,24,Education,0.327,2024-04-23,0,Active
L00714,C03097,33,Employed,80962.19,612,28729.9,6.9,36,Personal,0.304,2024-04-23,1,Default
L01531,C02007,31,Self-Employed,37685.45,735,20046.2,3.0,60,Debt Consolidation,0.415,2024-04-23,0,Active
L01362,C01684,27,Unemployed,44641.38,701,52168.12,4.05,36,Personal,0.611,2024-04-23,1,Default
L01336,C02854,35,Employed,53390.94,729,42385.22,3.85,36,Debt Consolidation,0.561,2024-04-23,0,Active
L04250,C01961,59,Employed,31768.91,699,38368.79,3.52,60,Debt Consolidation,0.7,2024-04-23,0,Active
L00207,C03420,29,Employed,81521.11,640,16728.26,7.57,60,Vehicle,0.288,2024-04-23,0,Active
L03359,C00971,55,Employed,29585.87,706,37577.82,3.09,36,Personal,0.7,2024-04-23,0,Active
L04807,C00086,35,Employed,49110.17,596,15700.11,6.8,60,Education,0.28,2024-04-24,1,Default
L03638,C01782,69,Self-Employed,43210.27,579,18129.1,6.22,60,Personal,0.249,2024-04-24,0,Active
L01343,C02996,25,Self-Employed,34244.75,622,21074.39,4.83,36,Home Improvement,0.503,2024-04-24,0,Active
L01840,C00389,48,Employed,61260.71,693,18936.74,4.21,72,Debt Consolidation,0.313,2024-04-24,0,Active
L00395,C02075,53,Self-Employed,30947.92,519,7658.21,8.11,48,Vehicle,0.298,2024-04-24,0,Active
L02445,C00198,60,Employed,36653.37,555,30538.25,7.93,48,Debt Consolidation,0.525,2024-04-24,0,Active
L03467,C02687,46,Self-Employed,52404.32,661,16861.48,4.95,60,Home Improvement,0.269,2024-04-24,0,Active
L00744,C01543,39,Employed,151314.71,682,11214.25,4.18,60,Vehicle,0.05,2024-04-24,0,Active
L00114,C01181,25,Employed,37531.01,803,7724.84,3.0,12,Personal,0.31,2024-04-25,0,Active
L03170,C02172,61,Unemployed,117321.59,778,7015.24,3.84,60,Education,0.147,2024-04-25,0,Active
L02451,C02739,37,Employed,110847.9,713,39383.55,3.28,60,Home Improvement,0.272,2024-04-25,1,Default
L04794,C02526,48,Employed,32702.95,568,7839.36,6.2,24,Education,0.313,2024-04-25,0,Active
L04878,C01961,31,Employed,21783.07,583,12712.35,6.08,48,Education,0.391,2024-04-25,0,Active
L04670,C00434,42,Employed,30767.59,533,14359.58,6.53,12,Personal,0.38,2024-04-25,1,Default
L04971,C02799,60,Employed,18000.0,588,24571.28,7.02,60,Personal,0.7,2024-04-26,1,Default
L01552,C01524,47,Employed,61588.43,758,46674.75,3.0,60,Debt Consolidation,0.539,2024-04-26,0,Active
L03933,C01848,38,Employed,112988.78,751,28818.24,3.0,36,Vehicle,0.313,2024-04-26,0,Active
L00716,C02939,55,Employed,55926.73,683,8384.32,4.09,60,Vehicle,0.203,2024-04-26,0,Active
L01267,C01315,28,Employed,23327.98,678,14625.55,4.65,12,Debt Consolidation,0.551,2024-04-26,0,Active
L01237,C02377,58,Employed,110848.25,650,38314.48,3.63,60,Vehicle,0.272,2024-04-26,0,Active
L00091,C01580,30,Employed,23955.17,612,25501.86,5.29,36,Education,0.601,2024-04-27,0,Active
L04172,C02479,55,Self-Employed,47122.75,641,64093.02,3.59,36,Vehicle,0.7,2024-04-27,0,Active
L00576,C01009,35,Employed,59370.41,705,10657.17,4.5,36,Debt Consolidation,0.228,2024-04-27,0,Active
L00603,C02490,23,Self-Employed,70161.85,754,10856.55,3.0,48,Education,0.265,2024-04-27,1,Default
L03312,C02631,68,Unemployed,18364.93,640,25159.92,6.03,60,Personal,0.7,2024-04-28,0,Active
L04738,C01542,39,Self-Employed,24021.06,701,27360.51,5.82,36,Vehicle,0.7,2024-04-28,0,Active
L04310,C00022,35,Employed,83765.86,722,20541.04,3.37,60,Education,0.253,2024-04-28,0,Active
L01323,C03045,33,Employed,48818.84,637,13243.11,5.12,12,Debt Consolidation,0.323,2024-04-28,0,Active
L00728,C00634,69,Employed,36213.41,666,23247.55,4.65,36,Home Improvement,0.486,2024-04-29,1,Default
L01628,C00075,29,Self-Employed,67584.66,707,59156.61,3.0,60,Debt Consolidation,0.569,2024-04-29,0,Active
L01823,C00029,37,Unemployed,84943.89,705,4826.46,5.21,36,Vehicle,0.301,2024-04-29,0,Active
L02131,C02256,69,Employed,68565.56,670,25484.94,5.99,48,Personal,0.329,2024-04-29,0,Active
L00600,C03252,36,Employed,69855.76,672,37932.14,5.44,48,Personal,0.376,2024-04-29,0,Active
L04312,C01750,24,Self-Employed,56677.46,722,35894.04,4.64,36,Home Improvement,0.337,2024-04-29,0,Active
L02564,C00736,49,Employed,122230.4,580,17986.87,7.73,48,Debt Consolidation,0.264,2024-04-29,0,Active
L01934,C00170,51,Employed,48201.95,675,16388.9,5.21,72,Debt Consolidation,0.264,2024-04-30,0,Active
L01106,C01907,28,Employed,70139.21,643,47026.21,6.43,60,Education,0.482,2024-04-30,0,Active
L03869,C02528,40,Employed,43001.05,711,28009.29,4.4,72,Home Improvement,0.428,2024-04-30,0,Active
L02592,C03372,28,Employed,38468.93,738,33418.57,4.14,36,Vehicle,0.485,2024-04-30,0,Active
L02683,C02730,37,Unemployed,35730.56,665,134364.29,5.05,36,Vehicle,0.7,2024-04-30,1,Default
L02702,C01463,29,Employed,24576.54,620,25265.66,5.47,60,Home Improvement,0.619,2024-05-01,0,Active
L02724,C00441,24,Employed,26491.24,749,23756.38,3.41,36,Personal,0.477,2024-05-01,0,Active
L04856,C03163,51,Employed,43135.41,718,15573.47,3.28,24,Home Improvement,0.24,2024-05-01,0,Active
L01041,C01490,21,Employed,69256.07,650,22904.3,5.4,48,Vehicle,0.327,2024-05-01,0,Active
L01561,C02055,63,Self-Employed,87454.6,628,41313.85,7.19,24,Vehicle,0.286,2024-05-01,0,Active
L02190,C00102,36,Employed,45138.05,738,112790.51,3.0,36,Personal,0.7,2024-05-01,0,Active
L02850,C01867,34,Employed,45948.3,496,8022.13,8.51,48,Education,0.166,2024-05-01,0,Active
L01689,C00406,48,Unemployed,54564.44,678,41485.71,4.62,48,Home Improvement,0.552,2024-05-01,0,Active
L01559,C00944,32,Employed,38349.63,662,17131.62,4.49,60,Personal,0.409,2024-05-01,0,Active
L01635,C02982,31,Employed,31535.37,850,62536.67,3.0,12,Home Improvement,0.7,2024-05-02,0,Active
L04206,C03457,69,Employed,67156.68,539,13780.55,8.77,36,Vehicle,0.234,2024-05-02,1,Default
L01523,C03463,42,Employed,23353.74,687,13453.18,4.49,12,Home Improvement,0.34,2024-05-02,0,Active
L01829,C00748,65,Employed,65748.63,763,28374.82,3.0,36,Education,0.408,2024-05-02,0,Active
L04765,C00357,31,Employed,35916.61,607,10927.42,6.74,60,Home Improvement,0.145,2024-05-03,1,Default
L04542,C02946,21,Employed,72977.19,850,85251.6,3.0,36,Debt Consolidation,0.633,2024-05-03,0,Active
L01941,C00955,58,Employed,45958.29,623,15472.78,4.06,48,Personal,0.297,2024-05-03,0,Active
L02279,C01325,55,Unemployed,49853.1,637,16469.53,5.45,48,Education,0.363,2024-05-03,0,Active
L02798,C00208,61,Employed,53099.52,740,10619.41,3.0,12,Vehicle,0.255,2024-05-04,0,Active
L03722,C01090,38,Self-Employed,89094.41,698,5954.67,3.69,60,Debt Consolidation,0.201,2024-05-04,0,Active
L03233,C02156,30,Employed,26964.1,618,18195.1,5.04,36,Personal,0.423,2024-05-04,0,Active
L04955,C02439,57,Self-Employed,27367.41,572,26775.61,8.06,60,Personal,0.661,2024-05-04,0,Active
L02079,C02927,46,Self-Employed,55664.05,748,33619.25,3.06,60,Debt Consolidation,0.373,2024-05-04,0,Active
L04370,C02131,64,Employed,62220.61,645,74466.97,6.25,24,Personal,0.651,2024-05-04,0,Active
L03543,C01728,40,Employed,34161.33,789,47721.42,3.0,60,Personal,0.7,2024-05-04,0,Active
L01517,C02210,30,Self-Employed,20308.89,737,29531.5,5.74,72,Debt Consolidation,0.7,2024-05-05,0,Active
L01337,C01933,47,Employed,81753.24,608,42627.77,6.39,48,Debt Consolidation,0.458,2024-05-05,0,Active
L03827,C01763,58,Employed,76480.65,711,7423.28,4.2,36,Personal,0.199,2024-05-05,0,Active
L04906,C02802,43,Employed,60498.86,652,17750.91,3.91,36,Debt Consolidation,0.187,2024-05-06,0,Active
L00649,C00115,41,Employed,58971.28,713,8029.54,5.09,12,Vehicle,0.373,2024-05-06,0,Active
L04330,C02842,33,Unemployed,22138.88,629,31422.51,7.56,36,Debt Consolidation,0.7,2024-05-06,1,Default
L03146,C00652,29,Employed,53475.48,646,31519.13,5.43,48,Vehicle,0.558,2024-05-06,0,Active
L00347,C01444,48,Employed,35804.91,763,20961.47,3.0,72,Vehicle,0.321,2024-05-06,0,Active
L02507,C00987,45,Employed,40114.24,752,30866.15,3.0,36,Vehicle,0.573,2024-05-06,0,Active
L03915,C00780,66,Employed,63424.73,710,24928.89,3.41,60,Personal,0.329,2024-05-06,0,Active
L04923,C02755,51,Unemployed,44905.58,592,12563.03,7.34,48,Personal,0.339,2024-05-07,0,Active
L01489,C01501,61,Employed,65710.9,687,15347.86,5.78,48,Vehicle,0.293,2024-05-07,0,Active
L00075,C00776,69,Employed,62448.42,828,58960.84,3.0,36,Home Improvement,0.517,2024-05-07,0,Active
L02116,C01411,38,Self-Employed,32138.28,560,57090.32,6.65,36,Personal,0.7,2024-05-08,0,Active
L02908,C02947,23,Employed,32151.6,758,26123.0,3.23,48,Vehicle,0.479,2024-05-08,0,Active
L01727,C03116,67,Employed,44550.87,619,66023.72,7.72,12,Personal,0.697,2024-05-08,1,Default
L00478,C02560,68,Employed,28231.23,658,30894.24,3.25,60,Vehicle,0.7,2024-05-08,0,Active
L03403,C02004,25,Employed,44202.23,636,61297.98,5.58,60,Personal,0.7,2024-05-08,0,Active
L01222,C00902,43,Employed,51785.44,600,31258.48,7.91,60,Debt Consolidation,0.416,2024-05-09,0,Active
L00161,C00398,25,Self-Employed,88599.22,587,34132.27,5.67,60,Home Improvement,0.139,2024-05-09,0,Active
L04835,C03319,55,Employed,29352.02,669,42639.71,6.32,48,Personal,0.7,2024-05-09,1,Default
L01982,C02401,43,Employed,49533.3,560,25138.18,9.28,24,Debt Consolidation,0.295,2024-05-10,1,Default
L03953,C02666,33,Employed,65336.81,663,23857.29,4.5,36,Personal,0.314,2024-05-10,0,Active
L01657,C01709,51,Self-Employed,65679.8,610,37739.55,6.65,48,Education,0.418,2024-05-10,0,Active
L03595,C00008,26,Self-Employed,18021.17,661,18860.51,6.73,60,Vehicle,0.514,2024-05-10,0,Active
L02528,C01113,45,Employed,45917.82,680,72760.68,4.81,12,Vehicle,0.7,2024-05-10,1,Default
L00062,C00242,63,Self-Employed,21385.68,626,20901.78,8.04,24,Debt Consolidation,0.572,2024-05-10,0,Active
L03926,C00867,57,Unemployed,100448.83,669,12856.62,4.4,48,Vehicle,0.259,2024-05-10,1,Default
L02545,C03351,38,Employed,81198.37,731,28392.79,4.34,72,Home Improvement,0.31,2024-05-10,0,Active
L00079,C01956,25,Self-Employed,53050.26,542,16056.09,7.56,24,Vehicle,0.253,2024-05-10,0,Active
L02004,C03466,49,Self-Employed,27166.4,509,65262.71,8.28,36,Home Improvement,0.7,2024-05-11,0,Active
L03325,C01939,64,Employed,43977.82,670,22723.22,4.31,36,Vehicle,0.351,2024-05-11,0,Active
L03624,C02977,23,Self-Employed,57073.18,781,43283.08,3.0,36,Personal,0.345,2024-05-11,0,Active
L00679,C03441,35,Self-Employed,40543.69,698,39588.36,3.84,36,Education,0.607,2024-05-11,0,Active
L03916,C00262,26,Employed,39682.26,702,69053.38,3.99,48,Home Improvement,0.7,2024-05-11,0,Active
L04220,C02152,48,Employed,46429.73,606,10527.89,6.72,60,Personal,0.253,2024-05-11,1,Default
L00307,C02386,58,Employed,29753.98,657,23669.02,5.23,48,Vehicle,0.541,2024-05-12,0,Active
L02143,C02247,51,Employed,40223.92,698,3989.71,4.26,48,Debt Consolidation,0.091,2024-05-12,0,Active
L01092,C02747,21,Self-Employed,57426.39,718,13413.52,3.0,36,Personal,0.204,2024-05-12,0,Active
L03402,C01957,55,Self-Employed,60852.45,495,75530.3,8.9,36,Personal,0.489,2024-05-12,1,Default
L03459,C02644,36,Employed,73827.59,655,27068.67,4.86,12,Personal,0.42,2024-05-12,0,Active
L02604,C00021,27,Employed,35382.98,689,12792.86,4.9,48,Personal,0.301,2024-05-13,1,Default
L04333,C00542,53,Employed,39610.44,635,62658.43,3.7,48,Debt Consolidation,0.7,2024-05-13,0,Active
L00132,C01797,67,Employed,31536.35,750,34332.21,3.06,36,Debt Consolidation,0.7,2024-05-13,0,Active
L02189,C02044,43,Employed,38309.68,572,55212.08,6.58,60,Vehicle,0.7,2024-05-13,1,Default
L04352,C02242,23,Unemployed,57572.0,539,27464.64,8.51,24,Debt Consolidation,0.461,2024-05-13,1,Default
L04613,C01706,50,Employed,99521.5,762,49446.03,3.0,60,Debt Consolidation,0.362,2024-05-13,0,Active
L04674,C00278,23,Self-Employed,34358.01,771,19029.1,3.0,72,Home Improvement,0.336,2024-05-14,0,Active
L02112,C00869,35,Self-Employed,83096.1,629,21477.25,5.98,60,Debt Consolidation,0.32,2024-05-14,0,Active
L00436,C01185,42,Employed,69793.95,655,11760.54,3.0,60,Debt Consolidation,0.279,2024-05-14,0,Active
L03609,C02602,41,Self-Employed,104218.69,730,128597.33,3.0,60,Education,0.7,2024-05-14,0,Active
L01888,C00825,49,Self-Employed,42405.64,784,16656.94,3.69,36,Personal,0.262,2024-05-14,0,Active
L01630,C03218,24,Self-Employed,21576.81,827,10474.37,3.0,72,Debt Consolidation,0.367,2024-05-14,0,Active
L03904,C02008,36,Employed,38989.85,626,49613.77,5.84,24,Home Improvement,0.7,2024-05-15,0,Active
L02612,C02447,57,Employed,75284.58,657,15836.09,6.19,12,Home Improvement,0.356,2024-05-15,0,Active
L01528,C02807,32,Employed,27000.92,725,23191.71,3.0,48,Debt Consolidation,0.538,2024-05-15,0,Active
L04109,C02607,44,Employed,26019.33,606,17080.56,5.15,36,Debt Consolidation,0.461,2024-05-15,0,Active
L02501,C03486,51,Employed,73594.75,629,6649.12,6.6,60,Debt Consolidation,0.093,2024-05-15,0,Active
L01146,C01976,58,Employed,109231.75,695,74202.19,4.56,36,Personal,0.385,2024-05-15,0,Active
L00454,C02538,67,Employed,27392.35,553,53395.08,5.88,60,Personal,0.7,2024-05-15,0,Active
L02731,C01578,62,Unemployed,51348.6,745,37158.32,4.11,36,Personal,0.631,2024-05-15,0,Active
L01774,C02420,34,Employed,61568.89,747,40311.03,3.03,12,Personal,0.56,2024-05-16,0,Active
L04694,C03484,68,Employed,71339.11,677,20983.29,3.45,72,Debt Consolidation,0.234,2024-05-16,0,Active
L00672,C00978,21,Employed,84994.53,669,19469.05,4.67,48,Vehicle,0.272,2024-05-16,0,Active
L00431,C00191,57,Self-Employed,53786.3,664,19518.42,5.45,24,Education,0.34,2024-05-16,0,Active
L03612,C03340,26,Self-Employed,39660.36,662,37352.48,4.4,48,Vehicle,0.61,2024-05-16,1,Default
L00843,C02832,36,Unemployed,70853.79,702,21736.55,4.06,72,Home Improvement,0.347,2024-05-17,0,Active
L02713,C00662,49,Unemployed,71803.29,686,25354.18,3.56,48,Home Improvement,0.258,2024-05-17,1,Default
L00300,C01735,58,Self-Employed,68740.83,730,55109.27,3.0,48,Debt Consolidation,0.441,2024-05-18,1,Default
L00525,C02704,61,Employed,106806.21,638,9367.74,4.49,48,Personal,0.178,2024-05-18,0,Active
L01260,C01856,60,Employed,36489.2,672,41430.45,4.48,36,Home Improvement,0.7,2024-05-18,1,Default
L04543,C00649,47,Self-Employed,35267.37,766,10466.98,3.96,24,Education,0.324,2024-05-19,0,Active
L03943,C00555,38,Self-Employed,55778.81,652,49397.35,4.36,48,Personal,0.485,2024-05-19,0,Active
L03120,C00992,26,Employed,86217.48,714,24292.98,3.94,36,Debt Consolidation,0.289,2024-05-19,0,Active
L00159,C00503,48,Employed,115542.78,667,24436.91,4.91,60,Vehicle,0.181,2024-05-19,1,Default
L02400,C01802,45,Unemployed,31060.95,561,21880.82,6.94,72,Vehicle,0.386,2024-05-19,1,Default
L00819,C02934,57,Self-Employed,23604.0,755,70294.17,3.18,36,Vehicle,0.7,2024-05-19,0,Active
L01566,C00147,28,Self-Employed,87780.7,668,61493.87,5.89,24,Vehicle,0.471,2024-05-20,0,Active
L00662,C02809,43,Self-Employed,55904.3,670,48047.95,5.06,36,Home Improvement,0.532,2024-05-20,0,Active
L00154,C02661,30,Employed,33767.14,609,58943.76,6.29,48,Education,0.7,2024-05-21,0,Active
L00225,C00318,41,Employed,58289.37,687,95578.23,4.19,36,Personal,0.7,2024-05-21,0,Active
L02135,C00985,42,Employed,100501.23,776,17160.12,3.06,24,Vehicle,0.157,2024-05-21,0,Active
L01816,C03213,43,Employed,38337.33,654,11747.35,5.23,24,Debt Consolidation,0.348,2024-05-21,0,Active
L04635,C03300,60,Employed,33315.09,730,13263.62,4.52,36,Home Improvement,0.305,2024-05-21,0,Active
L03351,C01170,61,Self-Employed,33490.2,574,20584.55,7.37,12,Debt Consolidation,0.419,2024-05-22,0,Active
L02680,C02426,36,Employed,39465.93,671,31762.56,4.23,24,Education,0.605,2024-05-22,0,Active
L02388,C00460,23,Employed,43085.82,704,13152.98,4.38,48,Home Improvement,0.263,2024-05-22,0,Active
L01462,C00967,52,Employed,40692.73,800,5158.38,3.0,48,Vehicle,0.121,2024-05-22,0,Active
L02670,C02935,57,Self-Employed,95034.56,756,10611.02,3.54,60,Personal,0.261,2024-05-23,0,Active
L04387,C02159,50,Unemployed,60312.81,673,32171.88,3.0,24,Debt Consolidation,0.272,2024-05-23,1,Default
L04555,C00162,44,Employed,50949.38,742,30110.62,3.01,60,Debt Consolidation,0.331,2024-05-24,0,Active
L01068,C00048,52,Employed,61001.18,603,57251.41,7.56,60,Vehicle,0.515,2024-05-24,0,Active
L02736,C00999,54,Employed,19452.31,729,20674.65,3.33,36,Personal,0.636,2024-05-24,0,Active
L00340,C02200,33,Employed,75853.33,703,13797.34,3.0,48,Vehicle,0.222,2024-05-24,0,Active
L02153,C00527,52,Employed,18000.0,671,28704.5,4.23,60,Personal,0.7,2024-05-24,0,Active
L00611,C00336,32,Employed,46505.24,665,25122.22,3.75,36,Personal,0.415,2024-05-24,1,Default
L03886,C02280,31,Unemployed,81849.09,698,14660.75,4.55,36,Debt Consolidation,0.328,2024-05-24,0,Active
L00814,C02221,46,Employed,37160.63,682,102612.62,3.96,24,Debt Consolidation,0.7,2024-05-25,0,Active
L01297,C00503,54,Employed,37139.97,764,3986.98,4.0,60,Debt Consolidation,0.105,2024-05-25,0,Active
L02826,C02454,47,Unemployed,51478.74,753,18324.61,3.0,24,Personal,0.367,2024-05-25,0,Active
L01597,C02902,40,Employed,53988.6,762,6191.61,3.09,24,Personal,0.281,2024-05-25,0,Active
L00997,C02129,52,Employed,49143.07,657,150000.0,5.7,72,Personal,0.7,2024-05-25,0,Active
L04454,C01885,25,Unemployed,34181.95,681,16363.34,4.08,48,Home Improvement,0.401,2024-05-25,1,Default
L01058,C02842,69,Employed,36905.35,739,39482.87,3.0,36,Debt Consolidation,0.595,2024-05-25,0,Active
L04997,C00272,69,Employed,42879.49,628,91225.15,5.5,36,Debt Consolidation,0.7,2024-05-26,0,Active
L02034,C02462,24,Unemployed,52454.04,567,4442.31,9.16,60,Vehicle,0.235,2024-05-26,1,Default
L01494,C02066,67,Employed,31710.75,609,7718.34,4.98,12,Debt Consolidation,0.179,2024-05-26,0,Active
L02195,C01112,34,Unemployed,49373.56,603,80504.2,5.89,12,Home Improvement,0.7,2024-05-26,1,Default
L03149,C00770,49,Employed,24852.89,660,37247.92,3.69,36,Vehicle,0.7,2024-05-26,0,Active
L03976,C03240,52,Employed,24533.47,738,10740.82,3.66,36,Vehicle,0.275,2024-05-26,0,Active
L04473,C02625,36,Employed,59436.12,643,81045.71,5.81,60,Debt Consolidation,0.7,2024-05-26,0,Active
L02707,C00483,63,Self-Employed,55995.19,663,22421.61,5.11,48,Home Improvement,0.263,2024-05-26,0,Active
L03135,C01614,63,Employed,106440.29,716,56600.01,4.78,48,Debt Consolidation,0.433,2024-05-27,0,Active
L00646,C01626,65,Unemployed,46281.02,825,50099.65,3.0,36,Vehicle,0.661,2024-05-27,0,Active
L01616,C03273,56,Employed,132025.42,675,103934.83,3.12,60,Home Improvement,0.461,2024-05-27,0,Active
L03826,C00821,44,Employed,53402.02,689,28799.4,5.43,60,Education,0.428,2024-05-27,0,Active
L02897,C02870,55,Employed,44788.07,634,22345.74,6.79,12,Education,0.339,2024-05-28,0,Active
L03761,C00646,35,Self-Employed,105200.82,744,28934.31,3.14,36,Debt Consolidation,0.408,2024-05-28,0,Active
L00052,C03203,23,Employed,32201.76,619,21104.17,4.63,36,Debt Consolidation,0.363,2024-05-28,1,Default
L03478,C00896,58,Employed,98813.12,732,35526.29,5.79,36,Home Improvement,0.249,2024-05-28,0,Active
L01273,C00078,58,Self-Employed,68281.03,639,23354.32,5.88,48,Debt Consolidation,0.373,2024-05-28,0,Active
L01963,C02272,58,Employed,55537.58,755,35593.49,4.55,12,Personal,0.459,2024-05-28,0,Active
L03358,C01327,52,Employed,41145.28,735,13497.53,3.8,12,Personal,0.385,2024-05-28,1,Default
L04028,C01290,56,Employed,129658.85,712,20343.34,4.0,24,Vehicle,0.267,2024-05-28,0,Active
L04788,C00930,44,Employed,74957.93,710,10134.64,4.13,36,Vehicle,0.064,2024-05-28,0,Active
L01514,C00778,55,Employed,27575.87,716,59116.2,3.23,60,Education,0.7,2024-05-28,1,Default
L04305,C01725,45,Employed,35514.14,751,22248.12,3.63,48,Home Improvement,0.379,2024-05-29,0,Active
L02874,C01827,43,Employed,80142.3,738,17340.36,5.06,48,Personal,0.242,2024-05-29,0,Active
L00858,C00540,28,Employed,28766.23,772,19909.35,3.0,24,Personal,0.38,2024-05-29,0,Active
L00917,C00518,22,Employed,70312.38,615,36569.39,6.11,72,Personal,0.494,2024-05-29,0,Active
L00736,C02636,36,Employed,57693.6,702,44724.42,3.28,60,Home Improvement,0.526,2024-05-29,0,Active
L01748,C01292,30,Employed,64567.45,743,26457.01,3.0,48,Vehicle,0.307,2024-05-30,0,Active
L03603,C00905,43,Employed,54001.87,746,10820.21,3.0,24,Vehicle,0.238,2024-05-30,1,Default
L01709,C01665,69,Employed,35823.4,462,6679.22,11.42,60,Vehicle,0.178,2024-05-30,1,Default
L03315,C00526,50,Unemployed,56897.16,796,17133.54,3.0,48,Debt Consolidation,0.378,2024-05-30,0,Active
L02165,C03004,23,Employed,45493.27,736,22720.38,3.73,48,Debt Consolidation,0.348,2024-05-30,0,Active
L04071,C01682,27,Employed,56801.75,630,16205.73,4.2,36,Personal,0.317,2024-05-30,0,Active
L04139,C03416,26,Employed,40565.34,661,23548.36,4.75,60,Vehicle,0.4,2024-05-30,1,Default
L01802,C03233,36,Employed,60883.86,592,12781.3,8.04,24,Vehicle,0.168,2024-05-30,0,Active
L03646,C01153,62,Unemployed,37516.12,595,50728.82,9.57,48,Vehicle,0.7,2024-05-31,0,Active
L03098,C00232,29,Employed,54883.69,752,17513.53,3.0,60,Education,0.265,2024-05-31,0,Active
L04238,C01890,56,Self-Employed,45097.9,782,12703.58,3.0,48,Home Improvement,0.199,2024-05-31,0,Active
L03982,C02037,49,Employed,46536.55,661,15019.1,7.19,24,Home Improvement,0.315,2024-05-31,0,Active
L02928,C00543,53,Self-Employed,102380.07,703,16858.1,4.25,36,Personal,0.206,2024-05-31,0,Active
L00192,C02626,40,Employed,62963.52,718,28696.71,3.0,12,Education,0.441,2024-05-31,1,Default
L00974,C00435,38,Employed,35194.62,609,43690.7,5.04,48,Personal,0.7,2024-06-01,0,Active
L03648,C03181,40,Employed,56593.74,744,19219.62,3.2,60,Vehicle,0.32,2024-06-01,1,Default
L00494,C03262,27,Employed,100240.89,646,24860.72,7.19,60,Home Improvement,0.31,2024-06-01,1,Default
L01555,C02517,27,Self-Employed,46896.06,499,15780.56,9.89,36,Vehicle,0.339,2024-06-02,0,Active
L02350,C00794,67,Unemployed,43902.47,674,24271.31,4.7,60,Education,0.38,2024-06-02,0,Active
L02001,C01055,36,Employed,30861.73,689,72097.98,5.09,36,Personal,0.7,2024-06-02,0,Active
L02682,C01661,63,Employed,64189.29,749,33496.84,3.0,36,Education,0.445,2024-06-02,0,Active
L02759,C03047,62,Employed,42272.9,667,8495.78,3.74,48,Vehicle,0.245,2024-06-02,0,Active
L00910,C01634,24,Employed,61665.91,727,19700.53,3.42,36,Vehicle,0.29,2024-06-03,0,Active
L03747,C02275,40,Employed,62330.09,765,41288.78,3.3,48,Debt Consolidation,0.366,2024-06-03,0,Active
L01339,C00815,69,Employed,42512.64,712,5483.54,5.01,72,Debt Consolidation,0.127,2024-06-03,1,Default
L04254,C00883,46,Employed,25666.57,807,18157.83,3.0,36,Vehicle,0.512,2024-06-04,0,Active
L00932,C03150,43,Employed,88032.95,762,11663.77,3.0,24,Home Improvement,0.229,2024-06-04,0,Active
L01782,C03224,26,Unemployed,149163.59,686,23333.44,4.86,36,Home Improvement,0.107,2024-06-04,0,Active
L02303,C00445,55,Self-Employed,71114.13,738,26245.12,3.0,60,Vehicle,0.217,2024-06-04,0,Active
L01770,C01501,44,Self-Employed,35441.58,640,60069.56,5.87,36,Personal,0.7,2024-06-04,0,Active
L02457,C02290,40,Employed,93435.6,736,20139.83,3.0,36,Debt Consolidation,0.329,2024-06-04,0,Active
L04180,C03141,35,Employed,171862.05,631,7252.51,6.43,60,Education,0.326,2024-06-05,0,Active
L02607,C01015,61,Employed,55820.33,815,19451.53,3.0,60,Vehicle,0.185,2024-06-05,0,Active
L00131,C00379,50,Unemployed,61862.25,608,43344.78,6.07,12,Vehicle,0.611,2024-06-05,0,Active
L01103,C03346,65,Unemployed,66814.29,734,36452.9,3.0,24,Education,0.387,2024-06-05,0,Active
L00745,C01198,63,Employed,43484.91,620,23836.28,4.47,72,Home Improvement,0.431,2024-06-05,0,Active
L03480,C01337,42,Employed,35526.71,676,8104.07,3.51,60,Debt Consolidation,0.28,2024-06-05,0,Active
L02121,C03234,64,Employed,36993.91,589,8812.63,8.58,36,Personal,0.235,2024-06-05,0,Active
L00873,C00925,31,Employed,41108.91,702,15286.17,3.0,36,Debt Consolidation,0.368,2024-06-06,0,Active
L03791,C02995,54,Employed,102938.71,658,37686.71,6.84,48,Education,0.393,2024-06-06,1,Default
L00203,C01355,26,Employed,32916.68,632,21000.52,4.08,36,Personal,0.299,2024-06-06,1,Default
L02815,C02675,39,Self-Employed,52373.77,723,45754.76,4.6,36,Debt Consolidation,0.539,2024-06-06,0,Active
L04840,C00601,39,Employed,57493.44,764,56209.61,3.0,36,Vehicle,0.512,2024-06-06,0,Active
L01114,C01977,59,Employed,45201.43,649,42433.4,5.18,36,Education,0.665,2024-06-07,0,Active
L01633,C01380,40,Employed,49781.55,538,32179.33,7.2,60,Debt Consolidation,0.396,2024-06-07,0,Active
L02797,C00311,49,Employed,50580.82,725,35851.96,3.0,24,Home Improvement,0.529,2024-06-07,0,Active
L04212,C01135,22,Employed,22487.74,576,30653.9,6.63,48,Debt Consolidation,0.7,2024-06-08,0,Active
L00359,C01920,25,Self-Employed,41548.72,634,9627.14,6.25,48,Personal,0.205,2024-06-08,0,Active
L00314,C01439,37,Employed,45115.63,692,14874.74,3.44,24,Vehicle,0.306,2024-06-08,0,Active
L04609,C02513,22,Employed,89786.36,601,34463.46,5.99,36,Vehicle,0.371,2024-06-09,1,Default
L04541,C02079,25,Self-Employed,48115.5,724,11427.27,3.87,48,Personal,0.18,2024-06-09,0,Active
L02029,C02413,21,Employed,18000.0,607,23044.35,7.84,36,Home Improvement,0.7,2024-06-09,0,Active
L03345,C00740,57,Employed,67029.22,702,37018.07,5.19,48,Home Improvement,0.48,2024-06-09,0,Active
L00069,C02140,24,Employed,55247.32,689,18234.09,6.87,60,Personal,0.239,2024-06-09,0,Active
L04884,C02872,29,Employed,149842.3,737,17536.96,3.95,48,Debt Consolidation,0.157,2024-06-10,0,Active
L00708,C01391,65,Employed,32659.45,583,29614.04,7.61,24,Personal,0.567,2024-06-10,0,Active
L01259,C02966,42,Employed,65752.26,599,17977.86,5.69,12,Debt Consolidation,0.263,2024-06-10,0,Active
L00259,C01154,45,Unemployed,57981.65,678,11786.42,3.96,36,Vehicle,0.153,2024-06-10,0,Active
L04389,C02556,26,Employed,24314.81,720,39385.59,3.68,36,Education,0.7,2024-06-11,0,Active
L02322,C02580,46,Employed,132683.36,680,39087.81,3.0,24,Personal,0.328,2024-06-11,0,Active
L01481,C00952,23,Employed,64600.72,747,67756.8,3.37,36,Personal,0.573,2024-06-12,0,Active
L00113,C03113,31,Employed,69644.88,550,43210.52,8.4,60,Vehicle,0.381,2024-06-12,1,Default
L04209,C01304,57,Self-Employed,56939.28,687,5801.57,4.34,36,Education,0.211,2024-06-12,0,Active
L03930,C01456,67,Self-Employed,69128.14,728,91619.88,3.45,72,Debt Consolidation,0.7,2024-06-12,0,Active
L03924,C01645,49,Employed,111875.6,652,4514.67,6.42,48,Home Improvement,0.308,2024-06-12,1,Default
L01272,C03451,65,Employed,41650.69,673,23960.71,4.63,60,Vehicle,0.462,2024-06-12,0,Active
L02215,C01769,45,Employed,38129.72,677,15745.02,3.17,36,Vehicle,0.334,2024-06-13,0,Active
L02460,C00126,67,Employed,52028.11,602,13526.79,6.64,48,Vehicle,0.387,2024-06-13,1,Default
L01917,C00893,28,Employed,59543.87,812,14295.4,3.0,60,Home Improvement,0.261,2024-06-13,0,Active
L03171,C03033,30,Employed,45151.08,836,20954.75,3.0,48,Debt Consolidation,0.271,2024-06-13,0,Active
L01463,C00849,24,Employed,46625.7,773,41116.22,3.0,60,Debt Consolidation,0.495,2024-06-13,0,Active
L01315,C00478,55,Employed,44811.09,681,17354.52,5.92,36,Personal,0.333,2024-06-13,0,Active
L03670,C00227,50,Self-Employed,58481.57,738,10327.32,3.0,36,Debt Consolidation,0.268,2024-06-14,0,Active
L03475,C02247,59,Employed,49329.19,650,22829.35,4.33,60,Personal,0.383,2024-06-14,0,Active
L01107,C03087,47,Self-Employed,38719.58,799,17929.56,3.0,60,Education,0.307,2024-06-15,0,Active
L04900,C00462,39,Unemployed,32612.17,634,14913.57,5.96,60,Personal,0.259,2024-06-15,1,Default
L02423,C02353,38,Employed,60249.0,447,32800.9,10.37,36,Debt Consolidation,0.438,2024-06-15,1,Default
L01180,C00004,64,Employed,35975.2,691,59399.31,4.96,24,Personal,0.7,2024-06-16,0,Active
L00156,C02691,22,Unemployed,45406.64,656,21713.32,5.84,12,Vehicle,0.286,2024-06-16,1,Default
L03643,C01931,39,Employed,66200.41,654,40759.34,5.98,48,Vehicle,0.419,2024-06-16,0,Active
L01973,C01997,24,Employed,22076.77,582,13276.26,4.89,24,Debt Consolidation,0.334,2024-06-17,0,Active
L00624,C02739,30,Unemployed,52811.47,566,6766.61,5.38,48,Vehicle,0.259,2024-06-17,1,Default
L03437,C02462,56,Employed,52125.47,742,33422.09,3.61,60,Personal,0.349,2024-06-17,1,Default
L01407,C01637,51,Employed,39103.91,631,11154.93,5.97,60,Debt Consolidation,0.354,2024-06-17,0,Active
L00795,C01959,42,Self-Employed,68320.6,709,36616.52,3.7,60,Debt Consolidation,0.428,2024-06-17,0,Active
L04332,C03399,34,Employed,36082.81,582,40250.21,5.23,36,Personal,0.7,2024-06-18,0,Active
L01429,C00575,25,Employed,39310.26,570,33219.22,7.32,12,Personal,0.627,2024-06-18,0,Active
L04880,C01604,38,Self-Employed,52027.09,712,14849.1,4.7,36,Personal,0.31,2024-06-18,0,Active
L03257,C02279,62,Employed,26603.18,649,6354.3,6.32,36,Vehicle,0.224,2024-06-18,0,Active
L03932,C01876,59,Self-Employed,31781.9,743,20690.13,4.36,60,Vehicle,0.527,2024-06-18,0,Active
L00067,C02946,34,Self-Employed,43032.61,715,37036.03,3.0,24,Education,0.449,2024-06-18,1,Default
L00287,C03421,68,Employed,55812.36,774,18359.18,3.0,36,Vehicle,0.204,2024-06-18,0,Active
L03420,C02660,28,Unemployed,34320.24,644,49341.83,5.03,60,Education,0.7,2024-06-18,1,Default
L02373,C02009,37,Employed,34756.87,835,66865.91,3.0,24,Personal,0.7,2024-06-19,0,Active
L03075,C00079,31,Employed,130517.4,708,34001.93,6.79,24,Personal,0.215,2024-06-19,0,Active
L01473,C02609,42,Self-Employed,39745.0,475,33009.14,9.69,36,Home Improvement,0.509,2024-06-19,0,Active
L00689,C01904,60,Employed,37759.79,619,36468.66,7.61,24,Debt Consolidation,0.565,2024-06-19,1,Default
L01133,C01494,55,Unemployed,72466.52,624,13834.15,6.33,24,Home Improvement,0.239,2024-06-19,1,Default
L04631,C02603,51,Self-Employed,41211.25,607,33648.32,3.7,36,Personal,0.658,2024-06-20,1,Default
L03993,C00520,41,Employed,76235.61,610,35372.52,6.44,36,Vehicle,0.288,2024-06-20,0,Active
L01202,C01142,44,Employed,59419.45,703,36011.29,3.31,60,Vehicle,0.372,2024-06-20,0,Active
L03526,C02070,35,Self-Employed,28155.0,766,19543.7,3.07,60,Debt Consolidation,0.439,2024-06-20,0,Active
L03092,C00408,48,Employed,42723.32,584,10305.55,7.61,12,Vehicle,0.229,2024-06-20,0,Active
L01859,C03212,47,Employed,30809.41,685,18200.75,3.29,60,Debt Consolidation,0.392,2024-06-21,0,Active
L00491,C00854,46,Employed,38662.5,609,20885.59,6.28,36,Home Improvement,0.377,2024-06-21,0,Active
L00487,C00834,37,Employed,45732.05,660,24593.63,5.14,24,Debt Consolidation,0.384,2024-06-22,0,Active
L00589,C01636,57,Self-Employed,63161.2,802,18468.29,3.0,48,Personal,0.436,2024-06-22,0,Active
L02234,C01995,63,Employed,38645.68,729,19775.72,3.38,48,Education,0.456,2024-06-22,0,Active
L02558,C00917,45,Unemployed,59330.93,734,12417.17,3.0,36,Vehicle,0.169,2024-06-22,0,Active
L01250,C00334,64,Self-Employed,46311.72,545,20976.75,6.77,48,Vehicle,0.374,2024-06-22,1,Default
L02775,C02429,32,Employed,50522.06,624,43352.88,5.22,72,Vehicle,0.605,2024-06-22,0,Active
L03008,C02698,47,Self-Employed,23395.78,723,31672.96,3.0,36,Personal,0.7,2024-06-23,0,Active
L00393,C01800,59,Employed,36045.78,544,31287.43,8.09,60,Home Improvement,0.399,2024-06-23,0,Active
L00217,C00973,21,Employed,36820.39,591,59560.19,6.74,48,Vehicle,0.7,2024-06-23,1,Default
L03945,C00892,53,Employed,36482.81,777,21402.01,3.0,36,Personal,0.44,2024-06-23,0,Active
L01346,C03333,43,Employed,58139.89,752,10518.32,3.77,60,Debt Consolidation,0.186,2024-06-23,0,Active
L02490,C01382,59,Self-Employed,39482.09,727,62278.5,3.26,60,Vehicle,0.7,2024-06-23,0,Active
L03634,C02308,68,Employed,43142.85,615,18200.71,5.6,60,Vehicle,0.278,2024-06-24,0,Active
L02138,C00520,26,Employed,55321.24,558,20516.51,7.73,36,Home Improvement,0.351,2024-06-24,1,Default
L02628,C02542,44,Employed,28133.06,706,31730.02,3.0,36,Personal,0.512,2024-06-24,1,Default
L02147,C01964,52,Employed,28359.02,772,26236.26,3.91,36,Vehicle,0.571,2024-06-24,1,Default
L03029,C00703,64,Unemployed,64617.07,656,93218.55,7.04,24,Debt Consolidation,0.7,2024-06-24,1,Default
L03576,C01278,37,Employed,45262.85,666,24817.17,5.37,48,Personal,0.39,2024-06-24,0,Active
L02838,C00481,37,Employed,48433.66,705,49569.03,3.0,60,Personal,0.556,2024-06-25,0,Active
L03093,C02712,68,Employed,79367.94,616,18847.24,5.68,60,Debt Consolidation,0.322,2024-06-25,0,Active
L01380,C00985,44,Employed,65009.96,633,18207.76,5.05,60,Vehicle,0.262,2024-06-25,0,Active
L04711,C01844,38,Employed,39325.23,510,11080.96,7.84,36,Debt Consolidation,0.228,2024-06-25,1,Default
L04316,C02368,59,Unemployed,87866.89,714,9180.32,3.67,36,Personal,0.227,2024-06-25,1,Default
L01518,C03452,55,Employed,29551.42,738,15163.29,3.0,72,Debt Consolidation,0.418,2024-06-25,0,Active
L04819,C00872,37,Unemployed,31830.0,577,12641.16,7.36,60,Vehicle,0.181,2024-06-25,0,Active
L04405,C00437,54,Employed,92748.55,693,10261.67,4.91,72,Personal,0.126,2024-06-25,0,Active
L00399,C02332,26,Self-Employed,49547.74,660,23844.45,5.75,24,Home Improvement,0.496,2024-06-25,0,Active
L00871,C02780,39,Employed,64245.85,764,26461.03,3.2,60,Education,0.43,2024-06-27,0,Active
L02643,C03417,61,Employed,71282.77,683,18897.41,5.58,24,Personal,0.398,2024-06-28,0,Active
L02580,C01474,59,Employed,59201.19,705,19117.82,3.0,12,Vehicle,0.369,2024-06-30,0,Active
L01302,C01971,42,Self-Employed,77186.69,572,41187.61,7.06,24,Personal,0.49,2024-06-30,0,Active
L03224,C02744,27,Employed,34345.18,573,19901.88,8.06,60,Personal,0.388,2024-07-01,0,Active
L01235,C01343,41,Employed,125037.72,771,6552.46,3.0,48,Vehicle,0.208,2024-07-01,0,Active
L03424,C00686,35,Employed,36072.45,570,137783.52,6.05,72,Debt Consolidation,0.7,2024-07-01,1,Default
L00280,C02192,67,Employed,76196.5,626,27019.51,6.15,36,Education,0.309,2024-07-01,0,Active
L01643,C01623,62,Employed,33418.18,748,19722.18,3.0,72,Education,0.343,2024-07-02,0,Active
L00834,C03487,60,Self-Employed,54804.94,715,68843.73,3.0,60,Home Improvement,0.693,2024-07-02,0,Active
L04285,C02820,55,Employed,36016.9,656,22658.34,5.33,36,Debt Consolidation,0.349,2024-07-02,0,Active
L01740,C01751,45,Employed,86592.78,633,33653.67,6.27,60,Personal,0.37,2024-07-02,0,Active
L01351,C00130,25,Employed,87609.16,721,8174.16,5.49,36,Vehicle,0.284,2024-07-02,0,Active
L02692,C00050,37,Employed,60517.69,675,31894.08,4.66,48,Personal,0.335,2024-07-02,0,Active
L01453,C02225,30,Employed,49154.49,707,35239.57,4.32,36,Vehicle,0.429,2024-07-03,0,Active
L04766,C01625,47,Self-Employed,119816.11,573,36749.2,7.59,12,Personal,0.241,2024-07-03,0,Active
L04591,C00675,58,Employed,51916.53,679,39892.69,3.77,72,Education,0.526,2024-07-03,0,Active
L02157,C02503,62,Self-Employed,56033.88,762,50083.27,3.0,36,Personal,0.635,2024-07-03,0,Active
L00989,C00249,46,Employed,29104.86,763,6766.26,3.21,36,Debt Consolidation,0.247,2024-07-03,0,Active
L01157,C01527,33,Employed,46878.66,574,18252.92,5.1,12,Personal,0.465,2024-07-03,1,Default
L01885,C03402,40,Unemployed,53089.6,685,29465.71,4.03,60,Personal,0.325,2024-07-03,0,Active
L04579,C02102,60,Employed,28124.37,729,21532.86,3.22,60,Vehicle,0.47,2024-07-04,0,Active
L00351,C03299,34,Employed,70776.46,641,12739.4,6.71,72,Education,0.39,2024-07-04,0,Active
L02069,C00716,50,Self-Employed,50632.26,714,54604.92,3.47,48,Debt Consolidation,0.565,2024-07-04,0,Active
L01073,C02056,33,Self-Employed,134325.14,633,12380.99,6.46,48,Personal,0.28,2024-07-04,0,Active
L01759,C03158,22,Employed,30524.49,729,11873.22,3.0,72,Debt Consolidation,0.408,2024-07-05,0,Active
L02036,C01257,46,Employed,88345.62,639,31869.18,5.44,12,Vehicle,0.291,2024-07-05,1,Default
L03053,C02240,49,Employed,55624.85,778,17949.69,3.0,12,Debt Consolidation,0.309,2024-07-05,0,Active
L00010,C01239,24,Employed,37394.54,712,20927.27,4.55,60,Vehicle,0.295,2024-07-06,0,Active
L00120,C02028,25,Employed,45969.82,659,32411.64,5.36,48,Home Improvement,0.49,2024-07-06,0,Active
L01827,C00318,54,Self-Employed,25877.95,748,14942.9,3.0,36,Personal,0.446,2024-07-06,0,Active
L02765,C02565,24,Employed,57949.16,700,13827.29,3.88,72,Vehicle,0.226,2024-07-07,0,Active
L02907,C02429,27,Self-Employed,66995.62,730,21507.75,3.62,36,Vehicle,0.289,2024-07-07,0,Active
L00312,C01970,66,Employed,84595.92,611,31320.63,5.65,36,Vehicle,0.329,2024-07-07,0,Active
L02555,C03148,30,Employed,29216.79,712,23588.05,5.33,48,Home Improvement,0.526,2024-07-07,0,Active
L04827,C02937,45,Self-Employed,38858.69,649,42280.02,5.19,60,Education,0.535,2024-07-07,1,Default
L01729,C03005,36,Employed,86188.14,557,25016.05,7.78,36,Home Improvement,0.334,2024-07-07,1,Default
L01739,C03153,46,Employed,70435.22,664,15942.47,4.14,36,Vehicle,0.14,2024-07-07,0,Active
L04855,C00693,35,Unemployed,31319.37,746,37693.2,3.0,72,Vehicle,0.666,2024-07-07,0,Active
L01509,C01921,66,Employed,43793.62,796,28775.3,3.0,60,Debt Consolidation,0.293,2024-07-07,0,Active
L02154,C03225,25,Employed,48854.24,653,26101.05,4.27,36,Vehicle,0.374,2024-07-08,0,Active
L01117,C02134,37,Employed,104694.39,695,56349.69,4.05,60,Debt Consolidation,0.32,2024-07-08,0,Active
L02695,C03132,25,Self-Employed,47238.6,779,45692.08,3.0,48,Home Improvement,0.531,2024-07-08,1,Default
L01265,C01852,45,Employed,41169.71,733,62235.56,4.69,48,Education,0.7,2024-07-08,0,Active
L00298,C03220,30,Employed,122667.6,592,28399.04,7.62,72,Home Improvement,0.303,2024-07-08,0,Active
L04572,C03324,52,Self-Employed,69438.92,561,19308.38,6.77,60,Debt Consolidation,0.247,2024-07-08,0,Active
L00096,C02318,64,Employed,75173.97,699,8564.61,3.31,36,Home Improvement,0.224,2024-07-09,1,Default
L04546,C01483,38,Self-Employed,74196.91,606,56244.69,4.07,36,Personal,0.517,2024-07-09,0,Active
L01980,C03240,48,Employed,49368.23,767,69437.66,3.0,36,Vehicle,0.7,2024-07-09,0,Active
L03586,C02649,34,Employed,49748.34,703,14330.01,4.65,48,Debt Consolidation,0.186,2024-07-09,0,Active
L01702,C02249,31,Employed,48286.68,630,19604.26,5.49,72,Personal,0.109,2024-07-09,0,Active
L03591,C00307,56,Employed,28042.42,599,24647.08,5.43,48,Debt Consolidation,0.456,2024-07-09,0,Active
L00289,C00660,60,Self-Employed,49060.55,746,31635.01,3.0,36,Debt Consolidation,0.468,2024-07-09,1,Default
L00056,C02215,52,Employed,74051.79,709,50898.64,3.0,36,Debt Consolidation,0.458,2024-07-10,0,Active
L04328,C03442,45,Unemployed,56726.87,659,11836.18,5.38,12,Personal,0.263,2024-07-11,0,Active
L04504,C01125,55,Employed,20006.5,773,30345.22,3.0,48,Personal,0.687,2024-07-11,0,Active
L02807,C01424,58,Employed,72306.83,712,82582.34,4.57,12,Personal,0.7,2024-07-12,0,Active
L04374,C01090,22,Self-Employed,85973.0,798,35568.73,3.0,24,Debt Consolidation,0.437,2024-07-12,0,Active
L01513,C00800,34,Employed,56249.76,732,5861.27,3.58,24,Debt Consolidation,0.342,2024-07-12,1,Default
L00599,C02850,37,Employed,47292.43,610,13708.88,5.15,60,Vehicle,0.244,2024-07-12,0,Active
L01255,C01571,38,Employed,29941.54,767,48489.44,3.0,36,Debt Consolidation,0.7,2024-07-13,1,Default
L03644,C02862,39,Self-Employed,24566.68,680,32658.33,3.99,24,Personal,0.661,2024-07-13,0,Active
L00208,C01497,53,Employed,19525.58,670,22092.45,3.98,72,Personal,0.675,2024-07-13,0,Active
L00998,C02181,58,Employed,55957.25,679,34410.15,5.38,12,Home Improvement,0.413,2024-07-13,0,Active
L01207,C00532,69,Employed,92849.5,686,52627.99,4.54,24,Vehicle,0.458,2024-07-13,0,Active
L02118,C03329,27,Self-Employed,98381.56,762,5625.61,3.29,48,Debt Consolidation,0.161,2024-07-14,0,Active
L02073,C02429,22,Employed,49542.5,662,21994.27,5.88,60,Vehicle,0.304,2024-07-14,1,Default
L02465,C01247,62,Self-Employed,70309.79,760,38024.19,3.0,36,Debt Consolidation,0.417,2024-07-14,0,Active
L00959,C00236,40,Employed,36127.72,528,13438.94,8.66,60,Debt Consolidation,0.382,2024-07-14,0,Active
L01957,C00796,31,Employed,68055.87,717,38165.03,3.3,72,Debt Consolidation,0.454,2024-07-14,0,Active
L01201,C01434,23,Employed,43813.32,665,11159.34,4.52,48,Personal,0.271,2024-07-15,0,Active
L02142,C02036,36,Employed,46114.74,737,16944.3,3.0,12,Personal,0.408,2024-07-15,0,Active
L02218,C02164,37,Unemployed,43756.65,611,82769.57,6.88,36,Personal,0.7,2024-07-15,0,Active
L04384,C01498,45,Employed,70394.4,673,32569.62,4.42,36,Home Improvement,0.263,2024-07-15,0,Active
L04529,C01682,69,Employed,104333.97,794,25375.64,3.0,36,Personal,0.216,2024-07-16,0,Active
L02305,C01983,55,Employed,28865.34,632,20470.42,6.2,48,Home Improvement,0.463,2024-07-16,1,Default
L03959,C01573,65,Employed,18434.64,731,31769.09,3.0,36,Personal,0.7,2024-07-16,1,Default
L03745,C03263,24,Employed,47872.88,717,10135.12,3.0,36,Home Improvement,0.25,2024-07-16,0,Active
L03372,C01734,49,Employed,45424.66,768,15015.89,3.0,36,Debt Consolidation,0.328,2024-07-16,0,Active
L01584,C00396,49,Employed,104741.47,676,27985.67,3.59,48,Home Improvement,0.248,2024-07-16,0,Active
L03404,C02097,54,Employed,108478.19,745,16172.9,3.84,24,Home Improvement,0.256,2024-07-17,0,Active
L04130,C00833,29,Employed,53332.63,601,52836.78,7.32,60,Debt Consolidation,0.565,2024-07-17,0,Active
L00095,C00996,24,Employed,43027.16,615,34953.73,5.16,36,Home Improvement,0.491,2024-07-17,0,Active
L03084,C02135,53,Employed,59196.27,768,24091.55,3.0,48,Home Improvement,0.269,2024-07-17,1,Default
L04719,C01947,55,Employed,144730.56,729,54165.64,3.68,60,Vehicle,0.281,2024-07-18,0,Active
L03283,C01094,50,Employed,77077.78,697,31258.67,3.45,36,Debt Consolidation,0.428,2024-07-18,1,Default
L01981,C02140,61,Employed,33783.16,656,56655.41,7.82,24,Debt Consolidation,0.7,2024-07-18,1,Default
L04866,C01290,40,Employed,20126.0,560,23041.03,8.37,60,Debt Consolidation,0.7,2024-07-18,1,Default
L03629,C00613,40,Employed,41690.3,617,32299.46,6.34,60,Vehicle,0.497,2024-07-18,0,Active
L04087,C01065,49,Unemployed,25367.45,734,43808.86,4.71,24,Personal,0.7,2024-07-19,1,Default
L00726,C02446,34,Employed,106596.52,818,24570.17,3.0,60,Debt Consolidation,0.217,2024-07-19,0,Active
L00134,C03066,24,Employed,62716.04,655,86543.86,3.67,24,Personal,0.699,2024-07-19,0,Active
L03347,C00183,25,Employed,36563.07,692,20782.42,4.03,12,Home Improvement,0.497,2024-07-19,0,Active
L04211,C00909,35,Self-Employed,79285.08,714,9100.99,4.96,48,Vehicle,0.113,2024-07-19,0,Active
L01208,C00113,35,Employed,65364.52,668,53233.42,4.91,36,Education,0.483,2024-07-19,1,Default
L00286,C02512,63,Employed,32265.1,704,29852.54,3.19,60,Debt Consolidation,0.7,2024-07-20,0,Active
L04877,C01773,49,Employed,41254.09,627,18288.72,6.51,48,Home Improvement,0.32,2024-07-20,0,Active
L04340,C02049,25,Employed,35492.59,677,51264.97,3.62,60,Debt Consolidation,0.7,2024-07-20,0,Active
L04284,C02047,32,Employed,76483.44,694,10123.59,3.79,36,Personal,0.286,2024-07-20,0,Active
L02792,C02501,50,Employed,37271.06,722,15461.18,5.17,24,Debt Consolidation,0.258,2024-07-20,0,Active
L01654,C02869,41,Self-Employed,27275.49,702,12068.39,3.0,24,Personal,0.397,2024-07-20,1,Default
L02261,C00900,65,Employed,58134.87,726,75798.58,3.0,36,Vehicle,0.7,2024-07-21,0,Active
L02092,C00039,39,Employed,85127.97,713,54245.18,3.0,60,Education,0.542,2024-07-21,0,Active
L03400,C00581,25,Employed,23113.9,619,45339.58,6.35,60,Home Improvement,0.7,2024-07-21,0,Active
L04741,C03500,38,Self-Employed,180000.0,703,52374.18,3.46,12,Education,0.201,2024-07-21,0,Active
L01901,C03171,59,Employed,28172.9,673,23579.76,4.52,36,Home Improvement,0.466,2024-07-21,0,Active
L03439,C01244,43,Employed,53419.55,645,34704.68,5.43,36,Education,0.495,2024-07-22,0,Active
L02598,C01350,27,Employed,41481.69,719,45389.9,3.09,12,Vehicle,0.638,2024-07-22,0,Active
L00508,C03041,36,Employed,31345.03,759,19142.33,3.08,48,Education,0.501,2024-07-22,0,Active
L04114,C02012,63,Self-Employed,95422.43,677,15729.57,5.13,12,Personal,0.219,2024-07-22,1,Default
L02930,C01682,67,Employed,34440.58,608,20341.04,5.86,72,Home Improvement,0.36,2024-07-23,1,Default
L01804,C00493,24,Employed,21264.53,492,15869.12,10.14,48,Vehicle,0.541,2024-07-23,0,Active
L04137,C02974,23,Self-Employed,31294.44,576,23382.36,8.41,48,Education,0.407,2024-07-23,0,Active
L01873,C01086,46,Self-Employed,72202.82,632,8772.8,4.91,12,Home Improvement,0.325,2024-07-23,0,Active
L04345,C00648,62,Unemployed,62730.37,679,13626.82,5.41,60,Vehicle,0.159,2024-07-23,0,Active
L04166,C02044,65,Employed,53526.43,567,27858.37,7.62,60,Vehicle,0.488,2024-07-24,1,Default
L00571,C02745,69,Self-Employed,42343.27,616,38983.1,7.41,48,Personal,0.52,2024-07-24,0,Active
L04596,C03254,47,Employed,80829.66,698,16230.68,4.74,36,Vehicle,0.175,2024-07-24,0,Active
L04457,C03168,25,Employed,66231.55,692,21150.03,3.0,48,Home Improvement,0.225,2024-07-24,1,Default
L03051,C02673,36,Employed,57054.98,741,19284.27,3.72,72,Personal,0.354,2024-07-24,0,Active
L04857,C01106,63,Employed,64989.92,742,12002.07,3.25,60,Personal,0.269,2024-07-24,0,Active
L01239,C02825,66,Unemployed,53452.12,681,11850.93,6.43,60,Debt Consolidation,0.177,2024-07-24,0,Active
L01607,C02769,56,Self-Employed,33957.22,794,21002.11,3.0,12,Vehicle,0.461,2024-07-24,0,Active
L01581,C00707,27,Employed,85069.9,651,22851.25,6.75,36,Personal,0.241,2024-07-24,0,Active
L01032,C00667,33,Employed,58073.98,726,21887.1,3.58,72,Debt Consolidation,0.351,2024-07-25,0,Active
L00088,C00703,32,Employed,66599.45,628,30811.76,5.57,60,Debt Consolidation,0.425,2024-07-25,1,Default
L03063,C03082,63,Employed,34994.7,636,23138.14,5.15,48,Personal,0.347,2024-07-25,0,Active
L04320,C01228,23,Employed,63584.8,618,39668.48,6.06,36,Personal,0.416,2024-07-25,0,Active
L01203,C02884,25,Self-Employed,33506.91,587,8880.28,6.31,12,Education,0.142,2024-07-25,0,Active
L02553,C02773,27,Employed,63389.83,788,37275.47,3.0,12,Home Improvement,0.353,2024-07-25,0,Active
L01448,C01991,35,Employed,51405.29,713,18499.72,3.83,36,Personal,0.542,2024-07-27,0,Active
L03620,C01650,41,Self-Employed,67651.35,733,62716.81,3.0,60,Debt Consolidation,0.522,2024-07-27,0,Active
L02657,C00036,49,Employed,37476.98,850,19197.21,3.0,12,Education,0.334,2024-07-28,0,Active
L02326,C02995,61,Self-Employed,67166.24,791,80181.6,3.0,60,Home Improvement,0.647,2024-07-28,0,Active
L04678,C01114,44,Employed,69773.76,753,18684.45,3.0,60,Home Improvement,0.248,2024-07-28,0,Active
L03712,C02885,67,Self-Employed,73286.82,681,54979.97,3.0,72,Education,0.519,2024-07-28,0,Active
L00291,C03003,23,Unemployed,61057.54,714,36858.39,3.0,72,Home Improvement,0.328,2024-07-29,0,Active
L01877,C02612,66,Unemployed,48279.92,706,15378.9,3.09,48,Personal,0.413,2024-07-29,0,Active
L00790,C02524,24,Employed,68764.07,823,28240.87,3.0,48,Debt Consolidation,0.432,2024-07-29,0,Active
L03124,C01247,38,Employed,38640.96,726,11063.17,3.0,48,Debt Consolidation,0.343,2024-07-29,1,Default
L01915,C00781,63,Employed,47406.15,680,16498.67,5.17,36,Home Improvement,0.359,2024-07-30,0,Active
L03237,C03301,44,Employed,58188.92,669,9929.33,5.61,24,Personal,0.238,2024-07-30,0,Active
L04185,C00365,21,Employed,44636.91,654,12848.14,4.04,36,Personal,0.307,2024-07-30,0,Active
L03806,C00787,68,Unemployed,92205.6,765,60735.01,3.0,36,Vehicle,0.484,2024-07-30,0,Active
L02583,C02677,40,Employed,51161.95,736,46801.54,3.18,36,Debt Consolidation,0.542,2024-07-30,0,Active
L00355,C00099,58,Employed,77298.69,818,26395.86,3.0,48,Personal,0.381,2024-07-30,0,Active
L02317,C02853,66,Self-Employed,117667.41,639,22102.1,4.44,24,Personal,0.158,2024-07-30,0,Active
L02450,C01009,24,Self-Employed,61264.03,771,40320.9,3.0,36,Vehicle,0.365,2024-07-31,0,Active
L04995,C01992,25,Self-Employed,36981.51,638,9480.45,5.3,36,Personal,0.212,2024-08-01,0,Active
L02569,C03339,31,Employed,40772.4,758,8467.94,3.0,24,Vehicle,0.243,2024-08-01,0,Active
L03306,C00188,21,Unemployed,33531.23,758,7573.63,3.0,60,Debt Consolidation,0.321,2024-08-02,0,Active
L04747,C02381,38,Employed,23696.09,680,37089.27,5.48,48,Personal,0.7,2024-08-02,1,Default
L04842,C00327,48,Employed,39146.07,703,7423.89,3.0,12,Personal,0.261,2024-08-02,1,Default
L03457,C01720,48,Employed,84970.21,495,11566.69,9.58,36,Vehicle,0.148,2024-08-02,0,Active
L00957,C01985,29,Self-Employed,34282.69,684,110530.81,5.95,36,Home Improvement,0.7,2024-08-03,0,Active
L02621,C00787,67,Employed,28683.6,709,13765.41,3.0,60,Debt Consolidation,0.511,2024-08-03,0,Active
L02917,C02965,52,Employed,25667.55,660,26262.85,5.75,36,Personal,0.7,2024-08-03,0,Active
L00720,C02617,50,Employed,51433.93,730,18605.36,3.0,60,Education,0.252,2024-08-03,0,Active
L00896,C03137,28,Employed,113186.04,573,73268.13,8.79,24,Debt Consolidation,0.537,2024-08-03,0,Active
L03735,C00855,29,Employed,66461.94,685,60737.65,3.58,72,Education,0.573,2024-08-03,0,Active
L04933,C02584,22,Self-Employed,77300.64,740,29988.32,3.83,60,Home Improvement,0.352,2024-08-03,0,Active
L00682,C02265,68,Employed,64676.85,625,13254.56,3.53,60,Education,0.223,2024-08-03,0,Active
L00017,C00131,69,Employed,180000.0,681,23628.23,3.66,12,Debt Consolidation,0.267,2024-08-04,1,Default
L00397,C03349,41,Employed,35985.98,718,10597.08,4.37,36,Vehicle,0.176,2024-08-04,0,Active
L01205,C00724,47,Employed,28713.6,708,28179.97,4.51,36,Home Improvement,0.614,2024-08-04,0,Active
L04911,C01392,34,Employed,57240.94,595,21302.84,6.62,60,Debt Consolidation,0.319,2024-08-04,0,Active
L00830,C01257,42,Self-Employed,45541.33,699,10907.03,5.12,72,Personal,0.258,2024-08-04,0,Active
L03713,C02668,52,Self-Employed,47530.46,670,24976.41,5.26,36,Debt Consolidation,0.306,2024-08-04,0,Active
L00663,C00676,26,Employed,41430.52,796,32260.85,3.0,12,Home Improvement,0.57,2024-08-04,0,Active
L03332,C02259,22,Employed,48002.78,733,32442.42,4.47,24,Debt Consolidation,0.414,2024-08-05,1,Default
L02084,C02007,46,Self-Employed,72098.98,779,150000.0,3.0,60,Debt Consolidation,0.7,2024-08-05,0,Active
L04361,C02015,45,Unemployed,50673.63,632,8525.3,4.4,48,Vehicle,0.226,2024-08-06,1,Default
L03954,C01387,61,Employed,19660.21,645,44941.47,5.48,48,Vehicle,0.7,2024-08-06,0,Active
L02710,C00673,42,Employed,50823.63,741,17757.71,3.0,36,Personal,0.318,2024-08-06,0,Active
L04233,C01910,44,Unemployed,62847.03,683,98003.22,3.21,36,Debt Consolidation,0.7,2024-08-06,0,Active
L02476,C00308,31,Employed,44950.18,773,92634.77,3.0,48,Education,0.7,2024-08-06,0,Active
L02599,C02546,47,Self-Employed,35258.22,702,11037.85,4.99,60,Personal,0.293,2024-08-07,0,Active
L02565,C02339,45,Self-Employed,27700.0,807,12590.25,3.31,36,Personal,0.313,2024-08-07,0,Active
L02557,C02191,56,Employed,28806.91,607,21577.66,6.36,12,Home Improvement,0.574,2024-08-07,0,Active
L02019,C01691,38,Employed,34020.44,716,19450.71,3.0,60,Personal,0.474,2024-08-07,0,Active
L01063,C02287,38,Employed,35541.43,784,50442.41,3.0,60,Debt Consolidation,0.7,2024-08-07,0,Active
L00353,C02558,21,Employed,66168.54,598,55508.15,5.46,72,Personal,0.421,2024-08-07,0,Active
L04304,C00943,34,Employed,24689.93,662,10946.42,3.43,60,Education,0.353,2024-08-07,0,Active
L00945,C03420,38,Employed,40912.46,737,32050.26,4.12,36,Vehicle,0.572,2024-08-07,0,Active
L02667,C02607,47,Employed,39289.76,776,134578.27,3.0,48,Home Improvement,0.7,2024-08-08,0,Active
L04360,C00414,24,Unemployed,44563.58,661,16839.07,5.31,36,Personal,0.327,2024-08-08,1,Default
L02786,C01495,44,Self-Employed,24842.42,731,10653.35,3.59,36,Personal,0.385,2024-08-08,0,Active
L02325,C01713,45,Employed,32686.54,617,36127.98,6.22,24,Vehicle,0.585,2024-08-08,1,Default
L00567,C00154,47,Employed,79710.1,682,24734.38,3.5,24,Personal,0.355,2024-08-08,0,Active
L00150,C01896,61,Employed,44642.74,604,37645.98,7.99,36,Personal,0.556,2024-08-09,0,Active
L01508,C00831,62,Unemployed,139451.07,615,19118.9,5.21,36,Personal,0.199,2024-08-09,0,Active
L00484,C01167,59,Employed,72565.81,562,49930.53,9.05,36,Vehicle,0.539,2024-08-09,0,Active
L04581,C02613,49,Employed,48360.62,773,32933.18,3.0,36,Home Improvement,0.476,2024-08-10,1,Default
L03879,C00527,60,Employed,24470.77,783,36211.21,3.0,36,Debt Consolidation,0.7,2024-08-10,1,Default
L02017,C01549,42,Employed,58022.74,703,30699.03,3.32,60,Education,0.452,2024-08-10,1,Default
L00748,C02218,63,Employed,77395.0,715,7151.06,4.56,36,Personal,0.061,2024-08-10,0,Active
L03018,C03285,66,Self-Employed,39172.13,706,12078.42,4.03,36,Vehicle,0.295,2024-08-10,0,Active
L04268,C03489,53,Employed,52277.9,656,15358.85,4.44,72,Home Improvement,0.36,2024-08-10,0,Active
L04481,C02959,58,Employed,76740.57,622,35236.39,5.9,60,Home Improvement,0.432,2024-08-11,0,Active
L02640,C02637,23,Employed,71128.96,758,47418.97,3.0,24,Debt Consolidation,0.465,2024-08-11,0,Active
L00460,C03248,63,Employed,42053.48,728,77754.83,3.81,12,Debt Consolidation,0.7,2024-08-11,0,Active
L01921,C00580,68,Unemployed,97155.09,803,6141.74,3.0,48,Education,0.218,2024-08-12,0,Active
L01926,C00952,48,Employed,96203.19,689,18370.55,5.74,48,Home Improvement,0.194,2024-08-12,0,Active
L01459,C02204,31,Employed,28369.25,731,17433.62,3.0,48,Personal,0.551,2024-08-13,0,Active
L02054,C01041,36,Employed,34789.96,531,24261.84,9.31,48,Debt Consolidation,0.565,2024-08-14,0,Active
L03963,C01813,50,Self-Employed,50437.67,707,21101.94,3.3,36,Vehicle,0.332,2024-08-14,0,Active
L02061,C00474,59,Employed,68087.04,746,63277.34,3.92,36,Education,0.471,2024-08-14,0,Active
L04153,C00245,21,Employed,120009.8,735,97798.26,4.11,60,Personal,0.587,2024-08-14,0,Active
L00164,C00393,40,Employed,44408.84,727,47602.98,3.0,36,Home Improvement,0.531,2024-08-14,1,Default
L04745,C03233,59,Employed,73209.44,660,12066.87,4.84,36,Vehicle,0.32,2024-08-14,0,Active
L03387,C00973,36,Employed,66666.65,832,32458.11,3.0,36,Education,0.317,2024-08-14,0,Active
L04322,C00696,58,Employed,55663.29,618,21630.64,4.91,48,Personal,0.207,2024-08-14,0,Active
L02146,C00960,48,Employed,42522.66,607,69308.53,6.81,36,Debt Consolidation,0.7,2024-08-14,0,Active
L03726,C00156,38,Employed,76112.76,748,40824.18,3.0,48,Personal,0.315,2024-08-16,0,Active
L01538,C03301,26,Employed,62022.93,630,35240.77,7.11,36,Vehicle,0.35,2024-08-16,0,Active
L02652,C02360,21,Employed,117862.86,777,23797.13,3.0,24,Debt Consolidation,0.145,2024-08-16,1,Default
L01200,C02374,39,Employed,81028.92,738,20619.42,3.0,12,Vehicle,0.306,2024-08-16,0,Active
L00645,C03018,50,Unemployed,31500.73,652,30358.2,4.44,60,Personal,0.547,2024-08-16,0,Active
L03067,C03356,27,Employed,59360.63,599,24353.13,7.8,48,Personal,0.346,2024-08-16,0,Active
L00852,C01372,40,Employed,61176.67,769,43280.54,3.0,48,Personal,0.547,2024-08-17,0,Active
L01791,C03034,52,Employed,54480.99,738,19595.18,3.0,72,Debt Consolidation,0.171,2024-08-17,0,Active
L03203,C00598,56,Employed,55089.44,661,37563.27,4.0,36,Home Improvement,0.396,2024-08-17,0,Active
L04639,C02208,22,Employed,33695.78,799,34213.38,3.0,60,Vehicle,0.625,2024-08-17,0,Active
L01940,C01419,31,Self-Employed,39933.31,743,17865.52,3.0,24,Personal,0.269,2024-08-17,0,Active
L01361,C02117,33,Self-Employed,58291.06,653,9706.83,6.51,36,Debt Consolidation,0.259,2024-08-17,0,Active
L03258,C01755,46,Unemployed,50089.82,692,27170.5,4.49,36,Education,0.451,2024-08-17,0,Active
L00886,C02872,23,Unemployed,39194.96,649,26690.96,5.27,36,Personal,0.481,2024-08-17,1,Default
L01609,C03281,65,Self-Employed,50846.2,536,9083.64,8.29,36,Personal,0.244,2024-08-17,0,Active
L02027,C00448,47,Employed,48670.26,627,84913.42,7.04,60,Debt Consolidation,0.7,2024-08-18,0,Active
L01149,C01990,58,Employed,31127.73,643,39156.75,3.58,36,Vehicle,0.7,2024-08-18,0,Active
L03147,C01883,35,Employed,64521.87,681,48498.42,5.94,12,Education,0.569,2024-08-18,0,Active
L01153,C02710,46,Unemployed,73796.05,681,66258.25,3.52,60,Home Improvement,0.507,2024-08-19,0,Active
L02466,C03256,65,Employed,77931.33,613,27628.02,5.14,36,Home Improvement,0.339,2024-08-19,0,Active
L00551,C02850,65,Employed,42527.82,625,41377.78,4.96,36,Debt Consolidation,0.7,2024-08-19,0,Active
L01883,C03315,22,Employed,132145.96,650,67437.17,5.09,36,Debt Consolidation,0.495,2024-08-20,0,Active
L04024,C02498,58,Employed,113633.72,599,37277.75,5.96,48,Vehicle,0.268,2024-08-20,0,Active
L01902,C01044,24,Employed,40786.94,596,3680.64,7.13,60,Personal,0.19,2024-08-20,0,Active
L03153,C02208,41,Employed,54100.45,707,42577.05,5.98,36,Home Improvement,0.576,2024-08-20,0,Active
L01394,C03057,67,Employed,76037.69,618,30600.4,7.31,36,Debt Consolidation,0.333,2024-08-21,1,Default
L00007,C01639,30,Employed,46410.79,708,21784.0,3.0,36,Debt Consolidation,0.456,2024-08-21,0,Active
L00778,C02215,41,Unemployed,45252.61,684,42635.24,5.53,72,Education,0.645,2024-08-21,1,Default
L02803,C02103,50,Employed,46830.18,679,11362.33,5.02,12,Home Improvement,0.24,2024-08-21,0,Active
L03874,C01448,65,Employed,53140.27,685,36258.23,5.35,36,Personal,0.513,2024-08-21,0,Active
L00246,C03153,65,Unemployed,56985.83,774,21515.35,3.0,12,Home Improvement,0.284,2024-08-21,0,Active
L01332,C01659,66,Self-Employed,77336.38,729,25474.85,3.0,48,Personal,0.489,2024-08-21,0,Active
L01163,C01631,39,Employed,62087.84,664,18974.74,4.59,48,Vehicle,0.354,2024-08-22,0,Active
L01653,C02041,55,Employed,43518.25,832,15667.65,3.0,72,Personal,0.394,2024-08-22,0,Active
L04682,C03097,44,Employed,40283.11,832,16917.7,3.0,24,Personal,0.239,2024-08-22,0,Active
L00587,C02389,37,Employed,24496.25,743,42001.98,3.0,60,Home Improvement,0.7,2024-08-22,0,Active
L04420,C03082,29,Employed,104185.31,661,35565.11,6.61,72,Vehicle,0.223,2024-08-22,0,Active
L03056,C00393,26,Employed,85819.28,593,24919.67,7.62,60,Education,0.321,2024-08-23,0,Active
L00055,C02889,56,Unemployed,34991.24,724,14690.11,5.42,36,Debt Consolidation,0.364,2024-08-23,0,Active
L04289,C03120,52,Employed,53328.13,688,36502.28,5.01,24,Personal,0.415,2024-08-23,0,Active
L04822,C00944,56,Unemployed,72549.87,617,64600.18,4.4,36,Debt Consolidation,0.465,2024-08-23,0,Active
L03908,C01385,59,Employed,75302.9,745,23283.62,3.0,12,Debt Consolidation,0.282,2024-08-23,0,Active
L00167,C01882,47,Employed,54025.97,681,18786.15,5.58,60,Vehicle,0.321,2024-08-23,0,Active
L02547,C01389,36,Self-Employed,90849.92,622,115788.46,6.31,48,Education,0.694,2024-08-24,1,Default
L04070,C01131,53,Employed,29881.9,745,28592.49,4.48,36,Home Improvement,0.644,2024-08-24,1,Default
L04020,C01794,25,Self-Employed,29300.36,547,22291.14,8.35,36,Education,0.511,2024-08-25,0,Active
L02602,C02475,36,Employed,45451.51,702,64502.61,4.4,36,Debt Consolidation,0.7,2024-08-25,0,Active
L00677,C03262,52,Employed,58542.25,682,7052.25,5.24,24,Debt Consolidation,0.236,2024-08-25,0,Active
L02981,C00420,49,Unemployed,38230.86,763,30832.21,4.4,48,Vehicle,0.516,2024-08-25,0,Active
L00099,C00456,42,Unemployed,43692.62,643,61658.54,5.65,48,Debt Consolidation,0.7,2024-08-26,0,Active
L04379,C03452,25,Self-Employed,25753.36,685,40758.95,3.21,60,Personal,0.7,2024-08-26,0,Active
L03662,C02179,59,Self-Employed,93171.67,557,23607.91,8.29,60,Personal,0.262,2024-08-26,1,Default
L01904,C01777,58,Employed,26311.4,724,5568.57,4.7,12,Debt Consolidation,0.287,2024-08-26,0,Active
L01264,C02318,30,Employed,34873.75,611,13616.3,6.46,72,Vehicle,0.337,2024-08-26,0,Active
L03025,C03043,53,Employed,28414.67,693,33847.15,3.0,12,Debt Consolidation,0.642,2024-08-26,1,Default
L00573,C01244,48,Employed,32060.09,698,26340.07,4.5,12,Vehicle,0.52,2024-08-27,0,Active
L01687,C02712,21,Self-Employed,29958.48,711,23352.72,4.48,12,Personal,0.541,2024-08-27,0,Active
L04612,C01996,43,Self-Employed,40113.19,561,23731.86,7.56,60,Debt Consolidation,0.459,2024-08-28,1,Default
L04707,C03314,36,Employed,27767.87,645,40293.7,5.67,24,Education,0.7,2024-08-28,0,Active
L01261,C01373,43,Employed,48620.34,746,67385.62,3.0,60,Debt Consolidation,0.7,2024-08-28,0,Active
L01993,C00191,56,Employed,93754.32,731,42249.33,3.0,12,Debt Consolidation,0.334,2024-08-28,0,Active
L01467,C00148,39,Employed,32476.6,709,19936.68,4.7,24,Home Improvement,0.393,2024-08-29,0,Active
L01218,C00139,40,Employed,18084.72,749,14643.4,5.67,48,Personal,0.529,2024-08-29,0,Active
L01945,C00975,26,Employed,36989.46,828,17698.88,3.0,24,Debt Consolidation,0.362,2024-08-29,0,Active
L00826,C01683,28,Employed,45312.86,686,26645.0,3.41,60,Education,0.373,2024-08-29,0,Active
L00278,C01931,69,Unemployed,49758.88,630,9462.49,5.25,36,Debt Consolidation,0.24,2024-08-30,0,Active
L02951,C00690,31,Employed,40684.67,700,107162.51,3.66,60,Education,0.7,2024-08-30,0,Active
L04113,C00914,69,Self-Employed,85357.51,828,28027.78,3.0,24,Education,0.198,2024-08-30,0,Active
L01543,C03490,68,Employed,45485.15,723,10870.03,4.56,24,Personal,0.304,2024-08-30,0,Active
L00524,C02984,22,Employed,66833.31,674,3918.14,3.0,60,Home Improvement,0.305,2024-08-30,0,Active
L02338,C00295,38,Employed,60887.03,706,29799.81,4.09,48,Vehicle,0.426,2024-08-31,0,Active
L02387,C01448,60,Employed,97011.49,559,15913.2,7.58,36,Debt Consolidation,0.187,2024-08-31,1,Default
L01314,C02036,58,Employed,49327.39,724,23971.06,4.72,60,Personal,0.333,2024-08-31,0,Active
L00466,C01891,23,Self-Employed,37598.85,715,9760.59,4.63,48,Personal,0.347,2024-08-31,1,Default
L01666,C01846,36,Employed,59701.96,711,27548.89,3.0,36,Personal,0.364,2024-08-31,0,Active
L03667,C03454,58,Unemployed,18000.0,641,36770.16,6.55,24,Personal,0.7,2024-09-01,0,Active
L04191,C01578,55,Employed,45325.48,653,9782.28,5.29,36,Personal,0.359,2024-09-01,0,Active
L02703,C02290,25,Employed,44408.15,593,43078.14,6.83,48,Education,0.662,2024-09-02,0,Active
L04585,C03174,68,Self-Employed,33648.97,690,15362.08,4.41,24,Vehicle,0.345,2024-09-02,0,Active
L04940,C02676,27,Unemployed,55614.4,750,58313.9,3.0,60,Home Improvement,0.547,2024-09-02,1,Default
L00361,C00338,30,Employed,36466.83,608,5484.52,5.84,36,Personal,0.206,2024-09-02,0,Active
L00327,C02302,22,Employed,56064.68,754,34243.31,3.0,60,Personal,0.308,2024-09-03,0,Active
L01395,C00604,24,Employed,56306.58,712,78080.76,3.08,24,Home Improvement,0.699,2024-09-03,0,Active
L01151,C01313,24,Employed,49183.19,616,20525.7,5.67,60,Debt Consolidation,0.266,2024-09-03,0,Active
L00545,C01932,48,Employed,63522.2,673,32722.11,3.99,60,Home Improvement,0.511,2024-09-03,0,Active
L02145,C00349,59,Employed,37589.54,605,40948.73,7.1,36,Education,0.506,2024-09-03,0,Active
L00755,C02077,31,Employed,121914.01,634,15103.87,5.2,48,Education,0.192,2024-09-04,0,Active
L00332,C02057,63,Employed,25185.96,751,38437.43,3.0,48,Home Improvement,0.7,2024-09-04,0,Active
L04401,C02369,56,Self-Employed,41362.1,719,6645.86,3.0,12,Vehicle,0.261,2024-09-04,1,Default
L03292,C02584,53,Employed,27287.7,624,22511.79,6.24,48,Home Improvement,0.589,2024-09-04,0,Active
L04702,C01593,35,Employed,63765.6,658,9085.32,7.04,60,Debt Consolidation,0.24,2024-09-05,0,Active
L03199,C02284,29,Employed,77412.51,646,13101.44,6.46,12,Vehicle,0.327,2024-09-05,0,Active
L01570,C01309,56,Employed,47252.9,625,48829.02,6.86,60,Personal,0.53,2024-09-05,0,Active
L03076,C03004,22,Employed,67562.03,595,71403.22,6.15,60,Debt Consolidation,0.637,2024-09-05,0,Active
L02691,C01604,26,Employed,180000.0,741,13866.77,3.0,36,Personal,0.232,2024-09-05,0,Active
L02729,C01827,53,Self-Employed,98139.41,616,16295.21,7.9,36,Education,0.104,2024-09-05,0,Active
L02576,C01027,34,Employed,36188.18,639,19047.49,6.09,36,Debt Consolidation,0.472,2024-09-05,0,Active
L03659,C01595,38,Employed,51978.42,670,27564.16,5.78,48,Debt Consolidation,0.345,2024-09-06,0,Active
L02671,C03190,34,Employed,51635.8,586,26927.63,5.2,36,Education,0.518,2024-09-06,0,Active
L01589,C01280,66,Employed,101238.42,803,25429.59,3.0,36,Home Improvement,0.217,2024-09-06,0,Active
L03772,C00501,58,Employed,38239.33,555,11700.0,6.21,60,Home Improvement,0.323,2024-09-07,0,Active
L04433,C01046,52,Employed,47751.16,671,17543.87,5.05,60,Vehicle,0.265,2024-09-07,0,Active
L00527,C00370,35,Self-Employed,70842.14,531,17190.82,9.56,48,Vehicle,0.31,2024-09-07,0,Active
L04084,C01180,50,Unemployed,67555.57,621,21719.9,6.7,24,Education,0.22,2024-09-07,0,Active
L04176,C02157,36,Employed,88931.36,696,32421.2,3.31,48,Personal,0.393,2024-09-07,0,Active
L03822,C02868,47,Employed,88231.47,820,49940.09,3.0,36,Home Improvement,0.342,2024-09-08,0,Active
L02471,C03500,23,Employed,121300.8,702,14530.83,3.0,36,Personal,0.254,2024-09-08,0,Active
L00263,C01696,24,Employed,72747.78,713,54559.57,3.0,12,Vehicle,0.503,2024-09-09,0,Active
L00331,C03063,56,Employed,96340.71,671,32564.84,4.86,60,Education,0.245,2024-09-09,1,Default
L02020,C01137,69,Self-Employed,33763.44,755,24133.11,3.0,36,Education,0.461,2024-09-09,0,Active
L03482,C02362,69,Employed,18000.0,708,21239.11,3.54,36,Education,0.692,2024-09-09,0,Active
L00854,C00090,62,Employed,59479.65,660,20374.9,4.01,48,Vehicle,0.36,2024-09-09,0,Active
L00818,C00080,22,Employed,18000.0,726,6959.86,3.29,60,Home Improvement,0.277,2024-09-09,0,Active
L02377,C03217,45,Unemployed,47771.3,790,13786.95,3.0,36,Debt Consolidation,0.216,2024-09-09,0,Active
L03271,C02614,22,Employed,63954.45,683,7972.8,6.39,72,Personal,0.293,2024-09-10,0,Active
L00758,C02387,48,Employed,71528.4,726,44845.9,4.42,36,Education,0.445,2024-09-10,1,Default
L04568,C00822,63,Self-Employed,68854.0,790,14594.75,3.0,36,Personal,0.225,2024-09-10,0,Active
L04107,C00833,29,Employed,36487.26,735,118340.24,3.0,60,Home Improvement,0.7,2024-09-11,0,Active
L02393,C03467,38,Self-Employed,55200.42,541,60496.3,8.27,60,Personal,0.7,2024-09-11,0,Active
L02586,C00665,42,Employed,75911.18,614,14791.82,5.5,36,Education,0.201,2024-09-11,0,Active
L03527,C03184,43,Employed,26605.41,532,14250.87,7.92,36,Vehicle,0.217,2024-09-11,0,Active
L04695,C01995,67,Employed,94516.71,698,7745.39,3.0,48,Personal,0.288,2024-09-11,0,Active
L01498,C03247,50,Employed,50995.08,695,14274.43,4.09,24,Education,0.321,2024-09-12,0,Active
L03585,C01815,33,Employed,33946.97,634,25924.9,5.11,36,Vehicle,0.504,2024-09-12,0,Active
L04999,C02986,50,Employed,48974.67,647,8288.3,5.78,36,Personal,0.161,2024-09-12,0,Active
L01128,C02157,57,Employed,41628.48,693,74570.39,4.56,36,Personal,0.7,2024-09-12,0,Active
L03519,C00966,41,Employed,30176.23,601,15206.31,5.02,60,Vehicle,0.42,2024-09-12,0,Active
L01187,C02022,44,Employed,42034.42,616,20859.03,6.97,36,Education,0.314,2024-09-13,0,Active
L01211,C02049,61,Employed,46276.48,714,108083.05,3.7,48,Education,0.7,2024-09-13,0,Active
L04936,C02481,43,Employed,41289.59,689,22780.67,4.92,60,Personal,0.374,2024-09-13,0,Active
L03382,C00500,43,Employed,30411.83,636,30571.4,5.3,60,Personal,0.675,2024-09-13,0,Active
L03690,C01822,43,Self-Employed,47092.98,608,29212.2,4.91,60,Personal,0.349,2024-09-14,0,Active
L00333,C03305,57,Employed,42812.95,742,34978.3,3.0,48,Personal,0.639,2024-09-14,0,Active
L01452,C01185,57,Self-Employed,61149.92,592,14609.44,7.85,60,Vehicle,0.307,2024-09-14,0,Active
L01927,C03395,29,Employed,60642.29,671,54767.45,6.1,12,Personal,0.571,2024-09-14,0,Active
L03368,C01776,64,Unemployed,36980.56,735,12144.18,3.0,60,Debt Consolidation,0.295,2024-09-14,1,Default
L02546,C00851,48,Employed,40659.14,710,6483.99,4.03,48,Vehicle,0.282,2024-09-14,0,Active
L03654,C01284,56,Employed,40805.11,647,43415.92,5.21,48,Debt Consolidation,0.646,2024-09-15,0,Active
L02636,C01444,35,Employed,35598.35,764,78136.11,3.0,60,Home Improvement,0.7,2024-09-15,0,Active
L02185,C02059,41,Unemployed,67246.92,622,34042.81,5.76,48,Personal,0.432,2024-09-15,1,Default
L04916,C02972,41,Employed,54465.68,701,11805.47,3.82,24,Personal,0.21,2024-09-15,0,Active
L03704,C00338,32,Employed,62920.24,717,15412.85,4.75,72,Vehicle,0.368,2024-09-15,1,Default
L01025,C00360,61,Unemployed,49046.12,736,42381.02,3.07,48,Personal,0.534,2024-09-16,1,Default
L00762,C01366,32,Self-Employed,34566.75,736,10108.04,3.73,48,Education,0.289,2024-09-16,0,Active
L02207,C00714,64,Employed,39848.27,525,12115.07,7.48,60,Education,0.277,2024-09-16,0,Active
L01651,C02316,50,Employed,96552.93,584,22856.38,6.11,12,Debt Consolidation,0.131,2024-09-16,0,Active
L01971,C01890,33,Unemployed,36646.14,667,48305.05,4.61,48,Personal,0.7,2024-09-17,1,Default
L02783,C02662,21,Unemployed,109079.51,703,18156.26,4.44,60,Home Improvement,0.207,2024-09-17,0,Active
L00127,C00392,39,Self-Employed,38055.25,569,14920.46,7.93,36,Home Improvement,0.329,2024-09-17,1,Default
L04649,C00644,40,Unemployed,110626.08,607,24329.86,7.99,48,Education,0.185,2024-09-18,0,Active
L04033,C02761,68,Employed,33692.01,739,53395.45,3.2,24,Personal,0.7,2024-09-19,0,Active
L01376,C02266,52,Self-Employed,24274.27,549,17494.47,6.12,36,Vehicle,0.418,2024-09-19,0,Active
L04602,C01402,65,Employed,74109.69,632,70399.09,6.51,36,Personal,0.495,2024-09-20,1,Default
L01278,C01773,22,Self-Employed,29618.89,710,138459.7,5.06,60,Home Improvement,0.7,2024-09-20,0,Active
L04858,C02372,57,Employed,27453.41,668,44594.16,4.52,48,Debt Consolidation,0.7,2024-09-20,0,Active
L02477,C01360,55,Employed,40501.76,613,46093.41,7.42,60,Vehicle,0.7,2024-09-21,1,Default
L02865,C00244,21,Employed,30934.12,618,24494.57,5.94,60,Debt Consolidation,0.57,2024-09-21,0,Active
L03071,C00776,40,Self-Employed,34833.93,681,54656.12,5.01,60,Vehicle,0.7,2024-09-21,1,Default
L04896,C02375,41,Employed,63366.21,648,16869.47,6.9,60,Vehicle,0.245,2024-09-22,0,Active
L01236,C01637,53,Employed,45250.77,577,14234.1,7.0,12,Vehicle,0.307,2024-09-22,0,Active
L01277,C00601,68,Employed,46381.08,686,9831.88,3.59,36,Home Improvement,0.432,2024-09-22,1,Default
L04502,C00235,59,Employed,81415.98,754,60928.94,3.42,72,Home Improvement,0.382,2024-09-22,0,Active
L04270,C02455,59,Employed,53101.61,624,31385.03,3.95,60,Personal,0.481,2024-09-22,0,Active
L04919,C01914,28,Employed,84288.66,676,38683.61,3.09,12,Personal,0.425,2024-09-22,0,Active
L00615,C00896,36,Employed,48808.75,717,89785.18,3.76,60,Vehicle,0.7,2024-09-23,0,Active
L03232,C01831,64,Employed,18000.0,653,39607.35,5.78,36,Education,0.7,2024-09-23,0,Active
L03555,C01902,62,Employed,53821.62,623,14470.73,7.07,36,Education,0.209,2024-09-23,0,Active
L02211,C02044,36,Unemployed,42623.56,656,33968.57,6.17,60,Debt Consolidation,0.503,2024-09-23,1,Default
L03931,C02797,25,Employed,42190.39,749,16846.31,3.99,24,Home Improvement,0.39,2024-09-23,0,Active
L00526,C00269,65,Employed,36651.69,685,39967.19,3.8,36,Vehicle,0.659,2024-09-24,0,Active
L00065,C03418,34,Employed,59276.83,614,22783.6,6.17,48,Personal,0.347,2024-09-24,0,Active
L01567,C03453,25,Employed,57101.12,701,11332.39,3.85,36,Vehicle,0.199,2024-09-24,0,Active
L01488,C00429,69,Employed,64349.51,677,48142.5,3.11,60,Personal,0.48,2024-09-24,0,Active
L02820,C01272,41,Employed,42844.86,698,13714.72,3.94,48,Personal,0.313,2024-09-24,0,Active
L01087,C03288,43,Self-Employed,53429.19,650,20735.5,4.89,24,Personal,0.404,2024-09-24,1,Default
L03187,C01257,38,Employed,46377.9,615,47147.58,5.59,60,Vehicle,0.608,2024-09-24,1,Default
L03679,C01474,25,Employed,59524.21,432,60805.71,9.67,48,Personal,0.629,2024-09-24,0,Active
L00073,C03500,26,Employed,18000.0,595,40876.09,7.78,36,Personal,0.7,2024-09-24,0,Active
L02978,C00820,41,Self-Employed,57985.07,763,23586.38,3.0,36,Debt Consolidation,0.373,2024-09-25,0,Active
L00486,C03426,46,Employed,33776.41,679,15938.25,6.01,36,Personal,0.424,2024-09-25,1,Default
L02868,C03311,39,Employed,45965.32,583,75908.25,9.72,36,Home Improvement,0.7,2024-09-25,0,Active
L04272,C01947,40,Employed,51997.6,746,44169.37,3.0,24,Debt Consolidation,0.564,2024-09-25,0,Active
L00749,C01417,45,Employed,36074.29,754,67832.79,3.0,36,Debt Consolidation,0.7,2024-09-26,0,Active
L04540,C01124,24,Employed,35990.27,689,20471.65,3.7,48,Home Improvement,0.328,2024-09-26,0,Active
L00372,C01528,25,Employed,85701.61,699,60644.24,3.29,36,Personal,0.359,2024-09-26,0,Active
L00450,C02902,48,Employed,115693.53,761,50459.06,3.0,60,Personal,0.287,2024-09-27,0,Active
L03031,C02356,32,Employed,107408.41,689,28306.9,3.63,24,Education,0.269,2024-09-27,0,Active
L02493,C00086,41,Self-Employed,28080.4,765,20343.76,3.0,36,Personal,0.438,2024-09-27,0,Active
L01542,C01288,67,Self-Employed,68795.25,634,30660.04,4.72,24,Personal,0.345,2024-09-28,1,Default
L02392,C02335,39,Employed,45748.0,644,45272.65,7.12,36,Debt Consolidation,0.528,2024-09-28,1,Default
L03991,C00988,47,Employed,29496.67,789,22546.74,3.0,12,Debt Consolidation,0.479,2024-09-28,0,Active
L01408,C03477,23,Employed,39560.92,628,57130.82,4.97,60,Home Improvement,0.7,2024-09-28,1,Default
L02484,C01365,57,Unemployed,28139.8,696,27086.53,4.08,60,Education,0.57,2024-09-28,1,Default
L03266,C02980,51,Employed,39263.73,805,8097.45,3.0,48,Education,0.21,2024-09-29,0,Active
L04415,C00183,63,Self-Employed,62945.72,712,24396.42,3.81,36,Debt Consolidation,0.326,2024-09-29,0,Active
L00704,C00718,47,Unemployed,58187.9,696,38522.15,5.22,60,Debt Consolidation,0.422,2024-09-30,0,Active
L03386,C01795,60,Employed,72202.35,765,13802.35,3.0,24,Debt Consolidation,0.241,2024-09-30,0,Active
L04793,C00008,29,Employed,71977.66,752,17092.53,3.0,36,Vehicle,0.357,2024-09-30,0,Active
L04138,C01400,26,Employed,29210.16,671,16153.28,3.55,48,Personal,0.395,2024-09-30,0,Active
L01251,C01909,67,Employed,48200.03,695,42165.95,4.65,60,Home Improvement,0.551,2024-09-30,0,Active
L04909,C00221,24,Self-Employed,36356.24,850,15399.06,3.0,48,Debt Consolidation,0.317,2024-09-30,0,Active
L00183,C03243,63,Self-Employed,44289.36,576,23317.23,8.06,24,Education,0.411,2024-10-01,0,Active
L01246,C01605,26,Unemployed,69195.45,608,26179.7,4.99,36,Debt Consolidation,0.342,2024-10-01,1,Default
L01914,C00160,42,Self-Employed,76566.65,689,61053.27,5.94,60,Personal,0.524,2024-10-02,0,Active
L03350,C02529,33,Employed,24548.32,754,29607.03,3.0,72,Education,0.648,2024-10-02,1,Default
L03321,C02814,60,Self-Employed,67592.52,668,11870.77,3.67,48,Vehicle,0.193,2024-10-02,0,Active
L01984,C02864,43,Employed,63199.42,776,14424.8,3.29,48,Personal,0.333,2024-10-02,0,Active
L03672,C00265,24,Employed,52521.37,655,11973.14,4.66,36,Debt Consolidation,0.293,2024-10-03,1,Default
L03218,C01068,64,Employed,45508.17,639,37120.93,5.92,36,Debt Consolidation,0.638,2024-10-03,0,Active
L04920,C00271,69,Employed,49570.34,661,20195.24,4.48,60,Education,0.273,2024-10-03,0,Active
L00027,C00956,52,Self-Employed,46850.33,807,26517.5,3.0,48,Education,0.542,2024-10-04,0,Active
L02257,C02055,44,Employed,53923.21,550,19219.47,6.3,48,Personal,0.268,2024-10-04,0,Active
L04381,C03260,64,Employed,50635.73,743,65933.49,4.2,60,Home Improvement,0.7,2024-10-04,1,Default
L04194,C03181,31,Self-Employed,80658.0,648,19088.38,6.51,48,Debt Consolidation,0.317,2024-10-04,0,Active
L03972,C00907,43,Employed,49539.1,579,63173.11,6.27,36,Vehicle,0.62,2024-10-04,0,Active
L03469,C02002,68,Employed,34855.05,651,15461.45,5.71,12,Personal,0.328,2024-10-04,0,Active
L00702,C02503,63,Employed,30615.59,539,19835.53,7.01,60,Vehicle,0.552,2024-10-04,0,Active
L03656,C01126,37,Employed,68663.22,698,31637.04,4.95,48,Personal,0.465,2024-10-04,0,Active
L01723,C02914,53,Employed,58078.19,782,29849.79,3.49,48,Debt Consolidation,0.493,2024-10-05,0,Active
L01775,C00935,57,Employed,52080.25,710,18758.98,3.96,60,Personal,0.285,2024-10-05,0,Active
L01987,C00363,67,Employed,64540.21,724,21894.32,3.0,48,Home Improvement,0.365,2024-10-05,0,Active
L03085,C02149,33,Employed,83621.17,640,19178.72,5.71,60,Home Improvement,0.271,2024-10-05,0,Active
L03691,C00986,37,Employed,77495.36,731,16271.24,5.27,36,Personal,0.208,2024-10-05,0,Active
L01841,C02625,39,Employed,43567.11,746,7645.96,3.0,48,Home Improvement,0.321,2024-10-05,0,Active
L02151,C02947,65,Self-Employed,71905.21,735,33379.21,3.84,36,Debt Consolidation,0.391,2024-10-06,0,Active
L01436,C00475,25,Employed,37831.22,740,28881.86,3.03,48,Personal,0.428,2024-10-06,0,Active
L01496,C02638,67,Employed,25768.14,738,42716.36,4.29,36,Education,0.7,2024-10-06,0,Active
L04242,C03212,36,Employed,58187.48,631,19684.97,5.32,60,Vehicle,0.194,2024-10-07,1,Default
L04671,C03403,59,Employed,52829.51,713,21981.38,3.5,24,Debt Consolidation,0.301,2024-10-07,0,Active
L00439,C00128,37,Employed,35831.64,634,95594.51,6.13,24,Debt Consolidation,0.7,2024-10-07,0,Active
L02988,C00768,68,Unemployed,38190.63,676,35732.01,3.57,36,Personal,0.487,2024-10-07,0,Active
L01959,C00593,24,Employed,42560.98,751,24888.43,3.0,36,Home Improvement,0.53,2024-10-07,1,Default
L03445,C00632,29,Employed,71546.05,762,27009.01,3.0,60,Debt Consolidation,0.292,2024-10-08,0,Active
L02980,C00820,38,Self-Employed,27473.86,747,16722.5,3.88,72,Personal,0.417,2024-10-08,1,Default
L04182,C02353,35,Employed,104366.36,659,65668.14,4.72,24,Personal,0.346,2024-10-08,0,Active
L01217,C01918,51,Employed,38395.51,763,16049.58,3.0,12,Personal,0.451,2024-10-08,1,Default
L03660,C00247,27,Employed,36748.46,614,63255.74,7.07,48,Debt Consolidation,0.7,2024-10-08,1,Default
L02575,C02990,58,Employed,48843.35,643,22305.81,5.0,36,Vehicle,0.378,2024-10-09,0,Active
L03308,C00941,44,Employed,55184.41,595,76123.07,7.3,60,Education,0.7,2024-10-09,0,Active
L01083,C00526,29,Employed,37615.35,709,16788.29,3.01,36,Personal,0.394,2024-10-10,0,Active
L00973,C02123,68,Employed,26448.0,772,12188.27,3.0,60,Debt Consolidation,0.406,2024-10-10,0,Active
L00453,C00155,59,Employed,47255.34,731,20362.88,3.29,36,Debt Consolidation,0.398,2024-10-10,0,Active
L04323,C01310,65,Employed,48602.91,598,24334.54,8.49,72,Debt Consolidation,0.363,2024-10-10,0,Active
L02748,C00036,62,Employed,73173.61,688,19515.03,3.8,36,Home Improvement,0.375,2024-10-10,0,Active
L01455,C00063,26,Employed,48619.02,799,12762.73,3.0,48,Debt Consolidation,0.444,2024-10-10,1,Default
L00750,C02994,40,Self-Employed,46799.8,757,12282.6,3.0,36,Vehicle,0.226,2024-10-10,0,Active
L02711,C00631,42,Employed,61485.51,592,12846.02,5.69,60,Personal,0.241,2024-10-11,0,Active
L02233,C01896,33,Self-Employed,69254.17,735,65438.9,3.94,36,Debt Consolidation,0.641,2024-10-11,0,Active
L00477,C02369,49,Self-Employed,32289.53,632,11230.86,7.06,12,Home Improvement,0.191,2024-10-12,0,Active
L01169,C02591,62,Employed,52107.35,609,5465.06,6.8,36,Personal,0.23,2024-10-12,0,Active
L02294,C00549,32,Employed,42265.41,582,92013.0,7.81,36,Debt Consolidation,0.7,2024-10-12,0,Active
L00820,C03285,69,Employed,37182.7,707,18495.37,3.55,48,Debt Consolidation,0.331,2024-10-12,0,Active
L02800,C02494,54,Employed,42855.91,610,49540.95,6.76,24,Home Improvement,0.687,2024-10-12,0,Active
L02728,C01344,52,Employed,100694.72,776,19242.1,4.16,36,Personal,0.139,2024-10-12,0,Active
L03529,C03138,36,Employed,41549.39,719,14942.66,3.24,36,Debt Consolidation,0.249,2024-10-12,0,Active
L00909,C01485,42,Employed,54044.19,624,5260.12,7.25,60,Personal,0.134,2024-10-12,0,Active
L02340,C01395,35,Employed,62678.44,443,15868.12,10.34,12,Vehicle,0.217,2024-10-13,1,Default
L04046,C02344,28,Employed,43804.0,589,25691.69,6.29,48,Personal,0.363,2024-10-13,0,Active
L00364,C00957,27,Self-Employed,139613.7,535,74756.37,10.92,60,Vehicle,0.539,2024-10-13,1,Default
L04045,C03422,46,Employed,82589.76,654,10312.35,5.69,60,Education,0.179,2024-10-13,0,Active
L00297,C00147,68,Self-Employed,43617.28,619,71919.47,6.53,36,Personal,0.7,2024-10-14,0,Active
L03110,C02490,32,Self-Employed,37412.0,679,143813.23,4.49,48,Debt Consolidation,0.7,2024-10-14,1,Default
L04120,C02443,25,Employed,66237.86,696,61666.96,5.42,36,Vehicle,0.7,2024-10-14,0,Active
L03355,C02811,27,Employed,78622.63,677,17515.13,4.94,12,Vehicle,0.162,2024-10-14,0,Active
L00528,C00636,23,Employed,68789.04,623,4316.39,7.08,60,Education,0.289,2024-10-14,0,Active
L01529,C01859,62,Employed,41026.72,685,39954.49,4.74,36,Personal,0.682,2024-10-15,0,Active
L00701,C00265,32,Unemployed,137205.91,647,21326.7,4.98,60,Personal,0.174,2024-10-15,0,Active
L01590,C01758,39,Self-Employed,70024.14,635,44348.23,4.01,60,Vehicle,0.334,2024-10-15,0,Active
L03100,C00366,35,Self-Employed,48080.84,650,41500.44,6.07,24,Vehicle,0.522,2024-10-15,0,Active
L03923,C02141,69,Employed,32332.55,648,38661.07,4.02,48,Debt Consolidation,0.7,2024-10-15,0,Active
L01120,C00537,49,Employed,122558.39,675,8805.21,5.75,36,Vehicle,0.2,2024-10-16,0,Active
L02126,C00793,51,Employed,55337.87,760,15416.87,3.0,60,Education,0.157,2024-10-16,0,Active
L01345,C03229,69,Employed,139133.11,747,11372.19,3.48,60,Personal,0.05,2024-10-16,0,Active
L02885,C02626,65,Self-Employed,60021.78,562,37465.0,7.62,48,Home Improvement,0.403,2024-10-16,0,Active
L03663,C02401,56,Employed,73697.81,735,59474.6,4.31,36,Debt Consolidation,0.548,2024-10-16,0,Active
L02343,C00637,59,Self-Employed,47708.45,618,48196.22,5.1,36,Education,0.547,2024-10-16,0,Active
L03854,C01791,61,Unemployed,30183.1,574,58815.19,7.7,36,Home Improvement,0.7,2024-10-16,0,Active
L04315,C01834,64,Self-Employed,31905.3,721,13116.54,3.35,36,Home Improvement,0.312,2024-10-17,1,Default
L00400,C02927,65,Employed,82884.88,708,8797.86,3.75,72,Debt Consolidation,0.173,2024-10-17,0,Active
L02822,C02369,26,Self-Employed,27622.28,850,41843.84,3.0,24,Debt Consolidation,0.7,2024-10-17,0,Active
L01890,C00937,53,Employed,71751.36,646,8418.22,6.21,48,Education,0.185,2024-10-17,0,Active
L00242,C03459,21,Employed,72812.66,740,10487.89,4.63,60,Personal,0.197,2024-10-17,0,Active
L01891,C02801,23,Employed,97990.4,631,21092.16,5.37,24,Debt Consolidation,0.311,2024-10-17,0,Active
L02292,C02962,39,Unemployed,44808.24,732,50150.36,4.71,36,Home Improvement,0.528,2024-10-17,0,Active
L04073,C02659,41,Employed,57866.53,756,27584.44,3.0,48,Home Improvement,0.376,2024-10-17,0,Active
L04576,C03385,22,Self-Employed,22198.83,729,46650.86,3.72,60,Education,0.7,2024-10-17,0,Active
L04060,C01151,22,Employed,29120.67,657,34126.33,6.01,12,Vehicle,0.7,2024-10-17,1,Default
L01224,C02040,68,Employed,45540.03,542,62024.11,8.37,48,Debt Consolidation,0.7,2024-10-17,0,Active
L04169,C00797,21,Employed,31487.84,801,21094.04,3.0,60,Personal,0.252,2024-10-18,0,Active
L00635,C03374,38,Unemployed,45464.96,651,25402.59,5.39,36,Personal,0.465,2024-10-18,1,Default
L00996,C03178,33,Employed,18000.0,679,43971.85,3.0,36,Vehicle,0.7,2024-10-18,0,Active
L02801,C02718,21,Self-Employed,75514.99,760,27238.65,3.97,12,Debt Consolidation,0.307,2024-10-19,0,Active
L01221,C02307,24,Employed,51096.09,744,8767.66,3.0,48,Debt Consolidation,0.321,2024-10-19,0,Active
L00170,C00864,27,Employed,46754.61,795,23066.83,3.0,12,Home Improvement,0.414,2024-10-20,0,Active
L01750,C01562,54,Employed,19835.26,598,14687.66,6.44,60,Debt Consolidation,0.53,2024-10-20,0,Active
L04928,C01983,23,Employed,28036.58,678,93493.29,6.14,48,Debt Consolidation,0.7,2024-10-20,0,Active
L04458,C02342,69,Employed,76980.38,772,49930.29,3.0,48,Debt Consolidation,0.44,2024-10-21,0,Active
L04051,C02283,36,Employed,43052.06,726,49836.6,3.0,24,Debt Consolidation,0.658,2024-10-21,0,Active
L04834,C01462,29,Employed,40010.29,721,19334.75,3.03,60,Debt Consolidation,0.366,2024-10-21,1,Default
L01166,C00759,60,Unemployed,53197.31,691,38924.78,4.9,60,Home Improvement,0.43,2024-10-21,0,Active
L03760,C01139,24,Employed,53304.69,692,25730.76,3.67,48,Education,0.405,2024-10-21,1,Default
L00379,C03105,45,Employed,41008.09,669,19193.54,3.64,48,Vehicle,0.555,2024-10-21,0,Active
L04803,C00187,26,Unemployed,70713.96,724,51330.2,3.22,48,Home Improvement,0.568,2024-10-22,0,Active
L01574,C01921,32,Employed,36790.51,568,22837.73,7.26,48,Home Improvement,0.485,2024-10-22,1,Default
L00779,C00091,64,Employed,98058.43,713,54305.76,3.9,60,Personal,0.434,2024-10-23,0,Active
L00480,C02702,33,Employed,38626.62,755,21793.73,3.26,60,Debt Consolidation,0.425,2024-10-24,0,Active
L04693,C02911,44,Employed,72277.42,652,39072.36,5.23,24,Vehicle,0.299,2024-10-25,1,Default
L04218,C02321,56,Unemployed,48908.12,704,88600.93,3.04,60,Home Improvement,0.7,2024-10-25,0,Active
L03126,C00921,50,Self-Employed,65239.8,525,12765.34,8.87,24,Debt Consolidation,0.24,2024-10-25,1,Default
L03272,C03084,38,Employed,90885.89,736,19179.99,3.36,72,Debt Consolidation,0.316,2024-10-25,0,Active
L02227,C00143,26,Employed,33278.29,747,43745.24,3.0,48,Personal,0.7,2024-10-26,1,Default
L01439,C02688,66,Self-Employed,103440.27,683,21547.58,3.68,60,Home Improvement,0.309,2024-10-26,0,Active
L04914,C00615,55,Self-Employed,96429.79,589,25708.35,5.64,60,Education,0.321,2024-10-26,0,Active
L00594,C02071,48,Self-Employed,27702.04,725,33970.91,3.61,48,Debt Consolidation,0.684,2024-10-26,0,Active
L01206,C00225,36,Employed,115182.53,520,14021.6,8.79,60,Vehicle,0.153,2024-10-27,1,Default
L02986,C01509,38,Employed,31621.89,624,29533.88,4.91,60,Home Improvement,0.592,2024-10-27,0,Active
L04604,C02906,60,Employed,27780.19,626,10669.88,6.22,12,Personal,0.293,2024-10-27,0,Active
L00602,C02810,51,Self-Employed,80958.27,775,28985.52,3.08,48,Debt Consolidation,0.228,2024-10-27,0,Active
L01951,C00914,21,Employed,39607.19,594,47882.58,8.74,48,Education,0.7,2024-10-27,1,Default
L02921,C03151,27,Employed,31079.9,756,48410.93,3.0,60,Vehicle,0.7,2024-10-27,1,Default
L02519,C01328,39,Unemployed,20393.2,714,35790.85,3.56,48,Vehicle,0.7,2024-10-28,0,Active
L02785,C02402,69,Employed,20741.95,653,12777.92,3.46,36,Personal,0.509,2024-10-28,0,Active
L00506,C02492,52,Self-Employed,60641.73,729,18056.85,3.27,12,Vehicle,0.302,2024-10-28,0,Active
L03275,C01038,57,Employed,54729.39,675,13745.15,4.58,36,Debt Consolidation,0.23,2024-10-28,0,Active
L01030,C01888,42,Employed,101795.22,621,41596.04,4.45,36,Home Improvement,0.232,2024-10-28,0,Active
L02144,C02435,34,Self-Employed,68086.42,769,51067.62,3.0,60,Vehicle,0.606,2024-10-28,0,Active
L04409,C01077,56,Employed,61366.66,610,11766.76,5.3,60,Debt Consolidation,0.077,2024-10-28,0,Active
L03150,C02422,26,Employed,47349.61,733,17354.7,3.12,36,Vehicle,0.209,2024-10-28,0,Active
L00979,C02854,52,Employed,40229.28,616,12844.13,8.22,24,Vehicle,0.315,2024-10-28,0,Active
L02171,C01368,55,Employed,33765.04,731,65289.88,3.0,48,Education,0.7,2024-10-29,0,Active
L00199,C01052,50,Employed,109950.91,704,24543.56,5.3,12,Personal,0.294,2024-10-29,0,Active
L01684,C00098,31,Employed,24525.35,733,25277.16,4.72,60,Home Improvement,0.676,2024-10-29,0,Active
L04676,C01553,51,Self-Employed,69175.05,639,12790.11,6.53,36,Debt Consolidation,0.242,2024-10-30,1,Default
L04225,C00165,50,Self-Employed,34733.95,690,102123.13,5.74,36,Vehicle,0.7,2024-10-30,0,Active
L03190,C03469,22,Employed,42992.38,706,19073.63,4.39,36,Debt Consolidation,0.371,2024-10-30,0,Active
L00824,C01700,46,Self-Employed,45057.96,722,9449.0,3.04,60,Home Improvement,0.3,2024-10-30,0,Active
L01456,C01003,68,Self-Employed,28052.97,739,14554.37,3.0,72,Personal,0.41,2024-10-31,0,Active
L00991,C03032,51,Employed,41697.82,613,18882.25,6.78,60,Vehicle,0.408,2024-10-31,0,Active
L03035,C02558,69,Employed,50454.84,721,34305.78,3.33,60,Vehicle,0.582,2024-10-31,0,Active
L01296,C03055,67,Employed,18000.0,716,21688.63,4.27,72,Home Improvement,0.7,2024-10-31,0,Active
L01176,C03394,44,Self-Employed,36539.13,734,33032.43,3.0,36,Education,0.366,2024-10-31,0,Active
L03407,C00704,33,Self-Employed,46276.52,780,8547.52,3.0,36,Vehicle,0.219,2024-11-01,0,Active
L00782,C00039,61,Employed,46009.15,646,38133.2,4.52,36,Vehicle,0.522,2024-11-01,0,Active
L04755,C01891,55,Unemployed,75811.81,640,23794.12,5.83,12,Personal,0.337,2024-11-01,0,Active
L03636,C03014,26,Employed,42556.56,622,18036.29,4.72,48,Personal,0.281,2024-11-01,0,Active
L00256,C02433,47,Employed,45129.6,659,16301.38,5.95,60,Personal,0.219,2024-11-01,0,Active
L03657,C01530,25,Employed,180000.0,696,20731.09,3.81,36,Debt Consolidation,0.294,2024-11-01,0,Active
L00550,C00513,33,Unemployed,49236.8,729,18510.42,3.0,60,Vehicle,0.323,2024-11-01,0,Active
L01474,C00327,21,Employed,38151.63,818,24791.83,3.0,24,Debt Consolidation,0.379,2024-11-02,0,Active
L04207,C01628,46,Employed,59631.71,504,15105.55,9.26,60,Vehicle,0.275,2024-11-02,0,Active
L01706,C02761,23,Employed,59665.38,778,61527.67,3.0,60,Education,0.606,2024-11-02,0,Active
L03792,C02947,64,Self-Employed,42105.28,642,40668.76,5.27,60,Home Improvement,0.49,2024-11-02,0,Active
L02914,C03189,61,Employed,45092.73,721,23996.89,4.61,60,Vehicle,0.47,2024-11-02,0,Active
L03412,C00638,34,Employed,107182.78,808,30212.68,3.0,48,Personal,0.413,2024-11-02,0,Active
L02203,C01334,42,Employed,80007.69,754,51527.86,3.0,36,Home Improvement,0.48,2024-11-02,0,Active
L02541,C01638,36,Employed,49551.41,770,17975.29,4.11,24,Education,0.173,2024-11-02,0,Active
L01952,C00454,55,Employed,62924.12,757,21189.88,3.65,36,Personal,0.203,2024-11-03,0,Active
L01736,C00339,36,Employed,28891.71,723,20564.22,3.0,36,Personal,0.449,2024-11-03,0,Active
L03026,C00497,62,Employed,34133.99,628,15100.67,5.58,48,Home Improvement,0.27,2024-11-04,0,Active
L03680,C02991,38,Self-Employed,133658.11,781,15765.1,3.0,72,Vehicle,0.131,2024-11-05,0,Active
L01792,C00183,53,Employed,54909.52,612,43866.46,7.05,60,Vehicle,0.519,2024-11-05,0,Active
L02049,C00484,52,Employed,44063.61,685,41652.89,6.1,12,Personal,0.635,2024-11-05,0,Active
L01641,C01402,54,Employed,66446.49,725,35363.3,5.13,36,Vehicle,0.388,2024-11-05,0,Active
L02278,C01561,39,Employed,39658.43,737,26709.27,3.75,48,Vehicle,0.34,2024-11-06,0,Active
L02505,C02792,65,Self-Employed,36045.58,701,29031.65,4.3,48,Debt Consolidation,0.641,2024-11-06,0,Active
L04021,C00959,29,Employed,33950.45,652,26679.16,7.59,60,Personal,0.455,2024-11-06,0,Active
L01074,C00625,63,Self-Employed,31386.46,579,69144.03,6.31,60,Home Improvement,0.7,2024-11-06,1,Default
L00731,C01239,52,Employed,71272.35,522,150000.0,8.07,60,Vehicle,0.7,2024-11-07,0,Active
L02552,C01625,33,Employed,30991.06,654,14683.41,5.56,36,Vehicle,0.409,2024-11-07,0,Active
L03900,C00579,61,Employed,53504.11,687,18404.42,4.33,36,Debt Consolidation,0.118,2024-11-07,0,Active
L03464,C00690,21,Employed,32426.44,797,33920.65,3.0,36,Debt Consolidation,0.629,2024-11-07,0,Active
L04987,C03451,44,Self-Employed,131715.17,818,22064.63,3.0,24,Education,0.175,2024-11-07,0,Active
L01389,C03205,26,Employed,44475.11,679,11932.52,4.91,24,Education,0.162,2024-11-08,1,Default
L00559,C01213,23,Employed,61430.39,541,27719.55,9.26,36,Home Improvement,0.294,2024-11-08,0,Active
L02821,C00364,49,Self-Employed,22180.7,671,60341.81,5.45,60,Debt Consolidation,0.7,2024-11-09,0,Active
L02791,C01466,55,Employed,28495.85,675,40821.76,6.21,36,Personal,0.7,2024-11-09,0,Active
L03291,C01930,56,Employed,55435.3,815,24532.37,3.0,60,Home Improvement,0.347,2024-11-09,0,Active
L00116,C00065,32,Employed,47167.8,657,19496.88,4.16,60,Debt Consolidation,0.29,2024-11-09,0,Active
L00389,C02278,66,Employed,58607.33,679,12884.78,3.87,60,Education,0.218,2024-11-09,0,Active
L00722,C02157,55,Employed,24730.04,719,23110.78,3.0,36,Debt Consolidation,0.586,2024-11-09,1,Default
L03094,C03089,56,Employed,44432.78,676,41851.71,3.78,36,Vehicle,0.583,2024-11-09,0,Active
L04117,C03055,28,Employed,101505.94,691,23759.23,4.3,72,Education,0.162,2024-11-10,0,Active
L04276,C02547,57,Employed,39868.42,646,38785.77,5.23,12,Vehicle,0.662,2024-11-10,0,Active
L00201,C01364,42,Unemployed,60207.24,609,21731.73,6.77,60,Debt Consolidation,0.382,2024-11-10,0,Active
L03947,C00602,58,Employed,90692.54,769,94262.27,3.0,12,Vehicle,0.614,2024-11-10,0,Active
L03197,C00647,31,Employed,38515.16,760,47970.72,3.0,60,Personal,0.7,2024-11-11,0,Active
L00561,C01471,60,Employed,50339.32,645,15758.79,5.57,48,Debt Consolidation,0.4,2024-11-11,1,Default
L02434,C01940,59,Employed,68889.72,708,31377.41,3.26,24,Vehicle,0.263,2024-11-11,0,Active
L02024,C03295,27,Self-Employed,48287.33,626,20201.92,8.32,36,Home Improvement,0.412,2024-11-11,1,Default
L04644,C02777,65,Unemployed,93972.75,605,6269.83,7.44,36,Debt Consolidation,0.133,2024-11-12,0,Active
L01367,C02598,67,Employed,37454.92,779,31401.95,3.0,24,Education,0.667,2024-11-12,0,Active
L01703,C00154,65,Employed,64371.63,666,36902.73,5.0,60,Personal,0.335,2024-11-12,0,Active
L04813,C03228,51,Employed,28988.83,620,24384.17,4.9,24,Personal,0.479,2024-11-12,1,Default
L01050,C02394,66,Employed,48044.26,578,20823.4,7.4,48,Education,0.289,2024-11-13,0,Active
L03454,C00841,61,Employed,121235.27,827,19491.57,3.0,60,Home Improvement,0.192,2024-11-13,0,Active
L00337,C02256,54,Employed,44518.46,630,7813.47,6.17,60,Personal,0.176,2024-11-13,1,Default
L03707,C03001,41,Employed,91273.72,680,27592.22,3.76,48,Personal,0.34,2024-11-13,0,Active
L00296,C01535,50,Self-Employed,110741.63,706,52537.64,3.0,48,Home Improvement,0.329,2024-11-13,0,Active
L04663,C01626,68,Unemployed,44600.95,656,24131.07,4.44,60,Debt Consolidation,0.333,2024-11-13,0,Active
L01521,C01824,41,Employed,74641.37,665,61438.71,4.19,48,Personal,0.538,2024-11-14,0,Active
L04329,C02312,58,Employed,86179.1,646,11829.13,5.68,48,Vehicle,0.05,2024-11-14,0,Active
L00967,C03375,32,Self-Employed,29558.87,712,9182.89,3.76,36,Vehicle,0.315,2024-11-14,0,Active
L03049,C02602,30,Employed,38975.63,635,15899.04,6.73,60,Education,0.361,2024-11-14,0,Active
L04593,C02159,41,Employed,76745.53,641,47805.05,4.98,12,Debt Consolidation,0.288,2024-11-14,0,Active
L01398,C01014,48,Employed,70609.7,637,13448.36,4.57,48,Education,0.333,2024-11-15,0,Active
L04867,C00315,35,Employed,24420.03,673,19050.64,3.24,36,Personal,0.62,2024-11-15,0,Active
L01501,C02550,54,Unemployed,35029.06,786,28185.1,3.0,60,Education,0.455,2024-11-15,0,Active
L02904,C02384,61,Self-Employed,49212.12,554,55946.27,6.79,72,Education,0.683,2024-11-15,0,Active
L00251,C02268,26,Employed,159444.75,741,27986.23,3.45,72,Vehicle,0.147,2024-11-15,0,Active
L02639,C00002,35,Employed,70157.44,602,13494.3,4.5,36,Vehicle,0.174,2024-11-15,0,Active
L03348,C02161,31,Employed,34025.73,739,20628.04,4.73,36,Debt Consolidation,0.354,2024-11-15,0,Active
L02140,C01051,45,Employed,28270.74,782,29186.44,3.02,60,Home Improvement,0.603,2024-11-15,0,Active
L02882,C00073,53,Unemployed,19175.02,690,27563.7,5.05,12,Personal,0.7,2024-11-16,1,Default
L03001,C01207,40,Unemployed,118183.77,702,13690.34,5.41,12,Education,0.182,2024-11-16,0,Active
L04178,C01302,36,Employed,75795.88,710,19748.9,4.09,60,Vehicle,0.341,2024-11-16,0,Active
L03455,C01837,65,Employed,45038.47,679,13938.51,3.34,48,Personal,0.363,2024-11-16,0,Active
L02588,C01157,29,Employed,51589.3,658,46834.97,6.27,60,Vehicle,0.458,2024-11-16,0,Active
L04251,C00558,67,Employed,21735.91,675,55058.09,3.97,12,Home Improvement,0.7,2024-11-16,1,Default
L01884,C01390,49,Self-Employed,32419.57,737,18651.58,3.11,36,Personal,0.368,2024-11-16,0,Active
L00488,C01824,27,Employed,53149.19,642,22806.18,5.15,60,Vehicle,0.45,2024-11-17,0,Active
L04600,C02457,56,Self-Employed,59595.47,746,30162.25,3.98,48,Debt Consolidation,0.348,2024-11-17,0,Active
L00865,C03007,32,Self-Employed,29734.88,771,26069.65,3.48,48,Vehicle,0.479,2024-11-17,1,Default
L04434,C01054,46,Unemployed,42672.8,670,110735.14,4.83,72,Debt Consolidation,0.7,2024-11-18,0,Active
L00329,C03109,58,Employed,42856.27,721,15663.48,3.64,24,Vehicle,0.208,2024-11-18,0,Active
L03341,C02975,60,Employed,46067.89,830,46235.35,3.0,36,Debt Consolidation,0.565,2024-11-18,0,Active
L02842,C01602,27,Employed,45151.25,594,23408.52,7.45,24,Vehicle,0.4,2024-11-18,0,Active
L00155,C01486,37,Employed,61727.52,778,29113.97,3.0,24,Debt Consolidation,0.241,2024-11-19,0,Active
L00452,C03010,34,Employed,62302.88,671,17109.07,6.27,36,Debt Consolidation,0.314,2024-11-20,0,Active
L00205,C01530,47,Employed,58945.68,683,18040.73,4.98,60,Personal,0.28,2024-11-20,0,Active
L00496,C02198,59,Self-Employed,31350.34,645,23066.92,6.18,36,Debt Consolidation,0.472,2024-11-20,0,Active
L01677,C02724,27,Employed,45653.37,617,16926.34,4.08,36,Home Improvement,0.211,2024-11-20,0,Active
L02290,C00307,42,Employed,53581.84,769,20587.06,3.86,36,Home Improvement,0.407,2024-11-21,0,Active
L01249,C01970,68,Employed,52887.71,850,16942.42,3.0,36,Debt Consolidation,0.286,2024-11-21,0,Active
L02498,C03290,25,Self-Employed,45207.99,728,17015.25,3.0,24,Personal,0.372,2024-11-21,0,Active
L00435,C02007,50,Self-Employed,27313.8,736,17373.12,3.0,60,Debt Consolidation,0.385,2024-11-22,0,Active
L02345,C03309,47,Self-Employed,63639.04,741,49070.94,3.06,72,Education,0.488,2024-11-22,0,Active
L03097,C02325,62,Employed,69204.13,815,15589.15,3.0,72,Home Improvement,0.224,2024-11-22,0,Active
L01240,C01995,35,Employed,43020.76,592,37155.84,7.59,48,Personal,0.462,2024-11-22,1,Default
L04204,C00836,32,Employed,62373.3,765,79320.64,3.0,72,Vehicle,0.7,2024-11-22,0,Active
L04396,C01591,63,Employed,73503.4,756,88224.26,3.0,72,Home Improvement,0.692,2024-11-22,0,Active
L01158,C02672,52,Employed,53957.82,589,32285.36,5.42,36,Vehicle,0.473,2024-11-22,0,Active
L02194,C00214,29,Employed,61231.79,611,9749.59,6.67,60,Vehicle,0.143,2024-11-22,0,Active
L01410,C01646,44,Self-Employed,30893.59,672,14519.28,4.33,12,Personal,0.329,2024-11-23,0,Active
L01975,C01313,52,Employed,40726.37,741,28421.24,3.0,72,Home Improvement,0.546,2024-11-24,0,Active
L04299,C02195,56,Employed,100890.96,801,32479.07,3.0,36,Home Improvement,0.444,2024-11-24,0,Active
L03406,C03146,54,Employed,24356.09,615,15465.41,5.29,48,Debt Consolidation,0.473,2024-11-24,0,Active
L04970,C00420,48,Employed,46138.61,719,32683.73,3.0,60,Vehicle,0.417,2024-11-24,0,Active
L02068,C00285,24,Employed,76430.37,571,25096.56,7.97,12,Home Improvement,0.154,2024-11-24,0,Active
L03493,C00384,51,Employed,66013.3,575,10010.08,7.35,24,Debt Consolidation,0.196,2024-11-25,0,Active
L03572,C00881,50,Employed,66703.07,700,19039.32,4.19,60,Debt Consolidation,0.284,2024-11-25,0,Active
L03674,C01458,49,Self-Employed,84087.66,745,38730.23,3.09,48,Vehicle,0.411,2024-11-26,0,Active
L02043,C02085,28,Self-Employed,59820.44,634,49352.55,6.65,60,Home Improvement,0.585,2024-11-26,0,Active
L00639,C02083,67,Employed,84895.83,596,15025.39,6.13,24,Personal,0.156,2024-11-26,0,Active
L03259,C00923,45,Self-Employed,82371.88,638,20526.58,5.56,24,Personal,0.214,2024-11-26,1,Default
L04388,C01951,27,Employed,48578.73,611,24568.23,7.26,60,Vehicle,0.322,2024-11-26,0,Active
L02743,C02602,33,Self-Employed,49655.47,647,31444.15,4.62,36,Debt Consolidation,0.537,2024-11-26,0,Active
L00855,C02746,37,Employed,66661.63,597,42021.74,8.14,60,Education,0.498,2024-11-26,0,Active
L00033,C02301,59,Employed,64086.89,732,25677.76,4.23,60,Personal,0.311,2024-11-26,0,Active
L03561,C02261,30,Unemployed,74830.22,579,15477.03,7.27,60,Personal,0.065,2024-11-26,0,Active
L01872,C00011,49,Employed,39491.93,640,25341.84,5.34,48,Personal,0.262,2024-11-26,0,Active
L00546,C01013,69,Employed,38647.95,760,14095.34,3.25,60,Debt Consolidation,0.268,2024-11-27,0,Active
L00166,C01039,69,Employed,47552.43,674,19931.06,4.66,48,Personal,0.443,2024-11-27,0,Active
L03596,C02556,21,Employed,120084.2,772,22223.2,4.3,36,Personal,0.179,2024-11-27,0,Active
L02407,C01800,54,Self-Employed,28042.84,651,7518.3,6.56,36,Debt Consolidation,0.337,2024-11-27,0,Active
L03708,C02327,69,Employed,44585.35,850,10811.53,3.0,36,Home Improvement,0.231,2024-11-27,0,Active
L02943,C02335,27,Employed,42543.57,781,18709.93,3.0,48,Debt Consolidation,0.265,2024-11-28,0,Active
L02819,C02004,21,Self-Employed,27727.68,642,17279.87,5.05,24,Vehicle,0.413,2024-11-28,0,Active
L01396,C03450,60,Unemployed,28058.42,693,13123.05,4.86,48,Vehicle,0.299,2024-11-28,0,Active
L04720,C02063,46,Unemployed,50820.78,751,15973.39,4.47,60,Personal,0.149,2024-11-29,0,Active
L00570,C03158,22,Unemployed,40969.29,723,7494.72,3.13,36,Personal,0.271,2024-11-29,0,Active
L04921,C02469,37,Self-Employed,18156.2,684,24890.81,3.43,36,Debt Consolidation,0.7,2024-11-30,0,Active
L02076,C00029,50,Employed,40681.07,624,21341.45,5.89,48,Home Improvement,0.308,2024-11-30,0,Active
L04709,C01777,30,Employed,60973.4,767,11245.87,3.09,24,Personal,0.267,2024-11-30,0,Active
L03804,C00633,32,Employed,44633.73,786,59828.21,3.0,48,Education,0.7,2024-11-30,0,Active
L00943,C01824,45,Employed,70246.11,785,22873.09,3.0,60,Education,0.322,2024-11-30,1,Default
L01781,C01183,42,Employed,24182.85,668,18046.94,3.84,48,Education,0.574,2024-12-01,1,Default
L01000,C02948,48,Employed,53148.05,663,6674.17,6.75,24,Personal,0.276,2024-12-01,0,Active
L01663,C01600,44,Employed,25754.03,741,22680.43,3.0,48,Vehicle,0.484,2024-12-01,0,Active
L01458,C02714,62,Employed,69774.55,713,13037.56,4.33,72,Personal,0.206,2024-12-01,0,Active
L00563,C02838,31,Employed,40569.26,835,24375.72,3.0,24,Personal,0.46,2024-12-01,0,Active
L01712,C00939,36,Self-Employed,43370.96,740,22501.96,4.22,12,Home Improvement,0.214,2024-12-01,0,Active
L03297,C01493,24,Employed,31546.27,661,30382.4,5.83,24,Personal,0.598,2024-12-01,0,Active
L02626,C03056,51,Employed,54719.79,578,29772.81,7.19,36,Personal,0.513,2024-12-03,0,Active
L03229,C00023,58,Employed,37733.22,631,13212.65,4.28,36,Personal,0.257,2024-12-03,0,Active
L01419,C00936,27,Employed,60738.58,667,30114.22,5.52,60,Personal,0.396,2024-12-03,0,Active
L04112,C03274,49,Employed,29807.31,663,20950.39,4.49,24,Personal,0.338,2024-12-03,0,Active
L04932,C02013,65,Self-Employed,59149.81,633,34180.41,6.45,12,Personal,0.398,2024-12-04,0,Active
L04075,C02121,41,Employed,42580.91,691,48237.82,3.0,60,Home Improvement,0.649,2024-12-04,0,Active
L03336,C01100,46,Self-Employed,92820.99,655,99939.43,4.43,60,Debt Consolidation,0.7,2024-12-04,0,Active
L00465,C00538,39,Employed,40181.92,747,150000.0,3.11,36,Personal,0.7,2024-12-04,0,Active
L03408,C02309,59,Employed,32758.57,690,26894.2,5.59,60,Debt Consolidation,0.485,2024-12-04,1,Default
L03160,C00522,44,Employed,60470.14,657,31447.86,4.84,24,Vehicle,0.291,2024-12-04,0,Active
L03223,C01377,43,Self-Employed,81615.65,802,33118.67,3.0,36,Education,0.484,2024-12-04,0,Active
L03192,C02709,37,Employed,49748.65,598,42018.76,6.01,60,Vehicle,0.537,2024-12-04,0,Active
L01284,C01319,64,Employed,45024.8,656,22307.83,3.29,48,Personal,0.433,2024-12-05,0,Active
L03910,C01111,65,Employed,64256.2,774,100585.79,3.66,36,Debt Consolidation,0.7,2024-12-05,0,Active
L02651,C03007,33,Employed,45011.81,638,27058.34,4.77,60,Vehicle,0.345,2024-12-06,0,Active
L03977,C00019,46,Self-Employed,52867.13,775,9745.3,3.0,36,Home Improvement,0.348,2024-12-06,1,Default
L04280,C00082,32,Employed,43883.93,577,80008.73,5.57,36,Personal,0.7,2024-12-06,0,Active
L04124,C00576,56,Employed,36827.38,731,5362.3,4.56,36,Home Improvement,0.183,2024-12-07,0,Active
L01054,C01102,67,Employed,56340.66,603,39177.02,7.8,72,Vehicle,0.385,2024-12-07,0,Active
L03452,C00582,24,Self-Employed,41208.7,626,24408.25,5.57,36,Personal,0.426,2024-12-07,0,Active
L03878,C02607,53,Self-Employed,109426.99,719,35126.85,3.0,36,Personal,0.297,2024-12-07,1,Default
L04467,C02988,43,Self-Employed,65009.22,628,11434.22,6.22,60,Education,0.242,2024-12-08,0,Active
L01052,C02594,28,Employed,72722.45,427,67863.62,9.78,60,Debt Consolidation,0.469,2024-12-08,1,Default
L00497,C02362,21,Self-Employed,84916.1,769,18042.07,4.1,36,Personal,0.344,2024-12-08,0,Active
L03256,C02350,52,Self-Employed,20745.71,757,28609.06,3.73,60,Education,0.7,2024-12-08,0,Active
L04336,C01089,28,Employed,53087.1,784,13046.74,3.0,48,Vehicle,0.334,2024-12-09,0,Active
L04862,C03130,63,Employed,115746.81,603,32860.91,6.35,24,Vehicle,0.362,2024-12-09,0,Active
L04989,C01910,62,Unemployed,126023.45,546,30234.49,8.18,60,Debt Consolidation,0.283,2024-12-09,1,Default
L02717,C03232,38,Employed,32419.96,649,19229.64,5.18,60,Vehicle,0.419,2024-12-09,0,Active
L03866,C00977,32,Employed,30211.47,676,73770.62,5.55,48,Personal,0.7,2024-12-09,0,Active
L02321,C03454,41,Self-Employed,161228.03,717,16631.78,3.0,36,Vehicle,0.18,2024-12-10,0,Active
L04005,C01348,55,Self-Employed,44627.57,743,36963.19,3.0,24,Education,0.606,2024-12-10,0,Active
L03282,C01015,28,Unemployed,28041.14,615,17826.64,8.18,60,Vehicle,0.294,2024-12-10,1,Default
L02228,C03042,67,Employed,78942.95,650,25379.24,5.62,48,Education,0.23,2024-12-10,0,Active
L00735,C00751,23,Employed,78644.72,621,14709.62,7.75,12,Personal,0.295,2024-12-10,1,Default
L00629,C01192,37,Employed,63243.78,612,39395.02,7.63,48,Personal,0.298,2024-12-10,0,Active
L03907,C02999,27,Self-Employed,26576.34,630,21778.19,6.4,24,Home Improvement,0.469,2024-12-10,0,Active
L01738,C02709,52,Self-Employed,30348.86,741,27465.85,3.01,60,Personal,0.52,2024-12-10,0,Active
L00339,C00404,31,Self-Employed,32768.77,732,23813.02,3.0,48,Vehicle,0.492,2024-12-10,0,Active
L03884,C02653,25,Unemployed,30137.32,609,58285.6,8.02,36,Personal,0.7,2024-12-11,0,Active
L00024,C02854,22,Unemployed,52014.61,751,36109.5,3.0,60,Debt Consolidation,0.494,2024-12-11,0,Active
L04643,C03031,25,Employed,57782.24,822,31824.31,3.0,48,Personal,0.411,2024-12-11,0,Active
L01108,C01216,32,Employed,34162.16,850,27876.04,3.0,24,Vehicle,0.619,2024-12-11,0,Active
L00811,C02106,58,Unemployed,31844.91,565,8404.18,7.58,48,Home Improvement,0.24,2024-12-12,1,Default
L00303,C02977,33,Employed,51661.11,624,20596.5,5.48,60,Education,0.392,2024-12-12,0,Active
L02650,C02207,69,Employed,68943.26,683,101114.84,4.49,60,Home Improvement,0.7,2024-12-12,0,Active
L04286,C00903,25,Self-Employed,50220.32,758,15615.35,3.0,24,Home Improvement,0.303,2024-12-12,0,Active
L00832,C01550,28,Employed,78056.48,696,26865.01,4.77,48,Vehicle,0.291,2024-12-12,0,Active
L04608,C02832,32,Employed,49833.72,704,9305.41,3.31,36,Education,0.135,2024-12-12,1,Default
L02596,C00944,65,Self-Employed,28733.22,662,24331.62,5.38,60,Debt Consolidation,0.612,2024-12-13,0,Active
L03768,C02606,62,Self-Employed,18000.0,789,18776.44,3.0,36,Personal,0.674,2024-12-13,0,Active
L03268,C02282,60,Self-Employed,56490.62,624,16884.47,5.48,48,Education,0.301,2024-12-13,0,Active
L03573,C00447,41,Employed,39187.84,711,13745.58,3.0,48,Personal,0.439,2024-12-13,0,Active
L02008,C02130,45,Employed,53897.0,797,14599.62,3.0,36,Personal,0.323,2024-12-13,0,Active
L04629,C01552,57,Self-Employed,31593.56,791,20081.22,3.0,60,Debt Consolidation,0.374,2024-12-13,0,Active
L00385,C01046,52,Employed,62032.2,568,15510.08,6.61,36,Debt Consolidation,0.314,2024-12-13,1,Default
L04269,C01240,55,Self-Employed,47969.74,685,13981.33,3.47,72,Debt Consolidation,0.366,2024-12-14,0,Active
L01161,C02891,56,Employed,32975.31,696,15478.43,3.35,48,Personal,0.282,2024-12-14,0,Active
L03099,C01951,43,Employed,32595.79,712,70060.7,3.0,36,Debt Consolidation,0.7,2024-12-14,0,Active
L03730,C02249,54,Employed,29787.41,718,36438.31,4.25,60,Vehicle,0.7,2024-12-14,0,Active
L02255,C00251,26,Employed,30414.6,562,27578.01,7.46,12,Vehicle,0.579,2024-12-15,1,Default
L03896,C02588,27,Self-Employed,70851.44,656,26591.74,4.89,36,Home Improvement,0.277,2024-12-15,0,Active
L02323,C00956,60,Self-Employed,89096.96,685,31925.93,4.24,72,Education,0.328,2024-12-15,0,Active
L03533,C01904,37,Unemployed,49621.57,735,25350.41,3.0,60,Personal,0.382,2024-12-15,1,Default
L02431,C00620,61,Employed,29040.82,779,19797.49,3.0,48,Debt Consolidation,0.316,2024-12-15,0,Active
L00315,C03370,29,Unemployed,35930.94,672,45854.31,3.91,24,Personal,0.7,2024-12-16,0,Active
L01048,C02281,65,Self-Employed,32345.78,590,39878.27,8.09,72,Debt Consolidation,0.661,2024-12-16,0,Active
L02489,C03424,43,Employed,57926.67,612,7569.41,7.1,36,Education,0.169,2024-12-16,0,Active
L00719,C01168,31,Employed,45704.69,741,28573.03,3.63,72,Personal,0.454,2024-12-16,0,Active
L02538,C03174,39,Unemployed,49163.53,639,27677.34,4.06,36,Debt Consolidation,0.401,2024-12-16,0,Active
L02918,C03042,26,Self-Employed,61262.66,692,21348.85,4.72,60,Education,0.158,2024-12-16,0,Active
L03587,C02427,53,Employed,50943.96,620,52742.88,5.23,36,Personal,0.518,2024-12-16,1,Default
L02107,C03454,41,Employed,28271.3,765,24265.33,3.0,60,Debt Consolidation,0.553,2024-12-17,0,Active
L00344,C00628,63,Employed,48967.25,672,16889.06,3.5,48,Debt Consolidation,0.369,2024-12-17,0,Active
L01690,C02117,62,Employed,27998.66,625,14997.61,6.86,12,Personal,0.331,2024-12-17,0,Active
L02059,C02753,57,Self-Employed,80746.88,614,18813.44,7.01,48,Debt Consolidation,0.203,2024-12-17,0,Active
L03222,C01725,44,Employed,29732.26,710,28400.79,3.99,60,Personal,0.7,2024-12-17,1,Default
L03669,C02693,25,Employed,65813.77,679,34921.58,4.07,60,Debt Consolidation,0.328,2024-12-18,0,Active
L02044,C00989,44,Employed,35855.43,692,12261.7,4.09,48,Debt Consolidation,0.32,2024-12-18,0,Active
L04833,C03337,46,Employed,18000.0,629,28017.85,4.88,36,Debt Consolidation,0.7,2024-12-18,1,Default
L01097,C01647,36,Employed,38526.65,734,15875.5,3.0,60,Debt Consolidation,0.458,2024-12-18,0,Active
L00330,C01184,60,Employed,69467.75,820,17005.28,3.0,36,Debt Consolidation,0.34,2024-12-18,0,Active
L00866,C03217,69,Employed,28068.29,669,50243.09,4.77,12,Home Improvement,0.7,2024-12-19,0,Active
L02664,C01400,58,Employed,69171.83,550,32965.93,7.8,60,Personal,0.339,2024-12-19,0,Active
L00398,C00798,29,Employed,42450.0,705,49056.6,4.85,36,Debt Consolidation,0.7,2024-12-19,1,Default
L01530,C02008,38,Employed,64926.53,632,106310.37,5.56,36,Vehicle,0.7,2024-12-20,0,Active
L01363,C00011,64,Self-Employed,47536.55,774,8645.11,3.0,24,Vehicle,0.167,2024-12-20,0,Active
L01433,C02123,63,Employed,73900.99,590,87613.84,4.81,72,Debt Consolidation,0.645,2024-12-20,0,Active
L01832,C01772,60,Self-Employed,51655.75,591,18423.24,8.0,36,Home Improvement,0.324,2024-12-21,0,Active
L03922,C00441,35,Employed,74955.69,744,150000.0,3.0,24,Home Improvement,0.7,2024-12-21,0,Active
L03430,C00985,30,Self-Employed,33058.57,735,84874.75,4.12,36,Home Improvement,0.7,2024-12-21,1,Default
L04018,C02703,64,Self-Employed,69140.41,778,11034.02,3.0,24,Vehicle,0.275,2024-12-21,0,Active
L00698,C02493,68,Employed,65841.61,642,21033.45,5.11,60,Debt Consolidation,0.245,2024-12-21,0,Active
L03934,C01713,58,Self-Employed,29217.47,534,43962.37,7.76,36,Education,0.7,2024-12-22,0,Active
L03831,C00041,23,Employed,130875.97,682,39458.46,3.24,36,Vehicle,0.396,2024-12-22,0,Active
L00752,C02682,39,Employed,80373.61,671,30816.18,3.77,12,Education,0.273,2024-12-23,0,Active
L04869,C00105,42,Employed,49250.02,740,36334.0,3.22,36,Vehicle,0.511,2024-12-23,0,Active
L02550,C00822,37,Self-Employed,48492.67,636,24072.53,4.8,36,Home Improvement,0.437,2024-12-23,1,Default
L04647,C03286,40,Employed,34774.45,708,8237.9,4.65,60,Debt Consolidation,0.341,2024-12-23,0,Active
L02394,C03082,69,Employed,50844.0,718,17746.33,3.0,72,Education,0.351,2024-12-23,0,Active
L03211,C00213,62,Self-Employed,21110.05,826,15176.06,3.0,60,Personal,0.468,2024-12-23,0,Active
L01454,C00285,40,Self-Employed,51697.35,802,62315.25,3.0,60,Debt Consolidation,0.614,2024-12-24,1,Default
L00809,C01141,40,Employed,89175.59,758,37185.76,3.0,36,Home Improvement,0.395,2024-12-24,0,Active
L01994,C02470,34,Employed,58018.43,612,58466.9,5.15,48,Personal,0.513,2024-12-24,1,Default
L03544,C02291,39,Unemployed,95296.83,582,15216.41,6.95,24,Debt Consolidation,0.319,2024-12-24,1,Default
L00928,C00714,44,Unemployed,45384.08,765,9381.19,3.95,36,Personal,0.184,2024-12-24,0,Active
L00531,C01683,50,Employed,28018.97,647,14582.51,6.36,24,Vehicle,0.33,2024-12-25,0,Active
L03234,C03439,26,Employed,30297.27,691,30157.89,5.54,60,Debt Consolidation,0.697,2024-12-25,1,Default
L04359,C03332,66,Unemployed,72275.55,632,12893.77,4.26,48,Personal,0.232,2024-12-26,0,Active
L01793,C03031,65,Employed,59441.25,644,37195.12,4.92,36,Vehicle,0.336,2024-12-26,1,Default
L02779,C01154,44,Employed,45336.03,797,79489.37,3.0,24,Vehicle,0.7,2024-12-26,0,Active
L03210,C02589,49,Employed,73372.81,676,24903.43,5.41,36,Debt Consolidation,0.347,2024-12-26,1,Default
L03995,C00859,51,Employed,43288.91,660,46165.64,5.61,12,Personal,0.639,2024-12-26,0,Active
L01835,C00266,63,Employed,36592.62,633,20523.05,5.38,72,Education,0.428,2024-12-26,0,Active
L01621,C02052,59,Employed,50034.75,694,83252.54,4.19,48,Debt Consolidation,0.7,2024-12-26,0,Active
L01028,C00281,40,Employed,36254.54,641,15493.12,4.05,24,Vehicle,0.311,2024-12-26,0,Active
L03889,C01812,62,Employed,34014.24,633,11795.51,4.92,48,Vehicle,0.318,2024-12-27,0,Active
L03539,C01318,38,Employed,41420.64,619,22811.15,7.96,36,Debt Consolidation,0.489,2024-12-27,0,Active
L01152,C01461,42,Employed,30069.25,586,11106.51,6.42,24,Personal,0.286,2024-12-27,0,Active
L00939,C01470,54,Self-Employed,31702.94,650,14996.44,4.43,48,Personal,0.39,2024-12-27,0,Active
L00219,C01283,46,Employed,55534.75,683,32085.6,6.15,12,Personal,0.356,2024-12-28,0,Active
L02876,C03288,33,Employed,103133.33,628,37741.49,6.88,36,Personal,0.29,2024-12-28,0,Active
L03532,C03216,35,Employed,28920.01,558,9932.14,7.29,36,Home Improvement,0.268,2024-12-28,0,Active
L03716,C00931,38,Employed,43142.13,716,62979.59,4.41,36,Vehicle,0.7,2024-12-28,0,Active
L00707,C00851,23,Employed,32760.06,686,12952.93,3.89,36,Home Improvement,0.361,2024-12-29,0,Active
L00118,C01368,26,Employed,43028.27,727,119476.25,3.92,24,Personal,0.7,2024-12-29,0,Active
L03592,C00779,64,Unemployed,29570.88,701,88163.07,4.14,24,Debt Consolidation,0.7,2024-12-29,0,Active
L02705,C02735,22,Employed,57379.5,741,43580.95,3.0,60,Debt Consolidation,0.447,2024-12-30,0,Active
L04055,C03034,51,Employed,49267.94,623,18833.49,5.65,24,Debt Consolidation,0.25,2024-12-30,0,Active
L04079,C03436,51,Unemployed,21356.78,694,44369.84,4.6,72,Debt Consolidation,0.7,2024-12-30,1,Default
L04115,C01443,48,Employed,96889.32,827,26368.36,3.0,36,Personal,0.214,2024-12-30,1,Default
L00301,C01844,39,Self-Employed,68574.98,716,47833.74,3.0,12,Home Improvement,0.605,2024-12-31,0,Active
L04538,C02789,31,Employed,41536.65,684,29956.45,4.62,60,Debt Consolidation,0.438,2024-12-31,0,Active
L04232,C02212,42,Employed,36715.38,792,28255.83,3.0,12,Education,0.469,2024-12-31,0,Active
L04148,C01842,59,Employed,55984.07,517,14617.61,8.49,36,Education,0.123,2025-01-01,0,Active
L01536,C02809,46,Employed,52629.51,689,39161.12,5.09,48,Vehicle,0.636,2025-01-01,0,Active
L03021,C00173,38,Employed,72801.45,581,21410.7,8.73,36,Debt Consolidation,0.297,2025-01-01,0,Active
L03125,C00360,32,Employed,27239.84,655,77432.57,6.15,48,Education,0.7,2025-01-01,1,Default
L02229,C00106,25,Employed,78504.03,768,56659.62,3.0,12,Education,0.582,2025-01-01,0,Active
L04824,C02838,44,Employed,18000.0,747,39440.44,3.0,36,Education,0.7,2025-01-02,0,Active
L04072,C02468,58,Employed,52059.71,699,16303.31,4.92,60,Debt Consolidation,0.355,2025-01-02,0,Active
L02085,C01454,65,Employed,52102.79,694,33898.32,3.0,36,Vehicle,0.356,2025-01-02,1,Default
L04006,C00990,55,Unemployed,59397.72,648,10726.74,6.55,24,Home Improvement,0.186,2025-01-02,0,Active
L00687,C02110,49,Employed,61269.99,699,14403.5,3.97,24,Vehicle,0.301,2025-01-02,0,Active
L02090,C03171,44,Employed,39115.72,613,42060.77,7.24,36,Debt Consolidation,0.7,2025-01-02,0,Active
L04362,C01382,33,Employed,51497.56,631,16584.11,6.24,60,Education,0.255,2025-01-02,0,Active
L01102,C01532,53,Employed,43450.79,626,11524.69,5.19,48,Home Improvement,0.254,2025-01-02,1,Default
L02706,C01585,29,Employed,46042.48,685,22043.62,4.87,60,Personal,0.4,2025-01-03,1,Default
L02074,C02508,64,Unemployed,66692.99,723,14568.36,4.2,24,Debt Consolidation,0.302,2025-01-03,0,Active
L03422,C02857,30,Employed,62818.37,666,21836.67,5.4,48,Debt Consolidation,0.306,2025-01-04,0,Active
L04503,C03085,32,Employed,54454.44,685,14625.28,5.13,36,Vehicle,0.342,2025-01-04,1,Default
L03542,C00611,56,Employed,38780.09,703,71382.32,3.44,12,Education,0.7,2025-01-04,0,Active
L03260,C03138,31,Unemployed,48461.89,683,6318.29,5.55,12,Education,0.196,2025-01-04,0,Active
L04455,C03226,62,Employed,21620.72,673,17284.66,4.8,12,Vehicle,0.516,2025-01-04,0,Active
L02915,C02530,21,Self-Employed,68954.77,734,33252.19,3.21,36,Vehicle,0.352,2025-01-04,0,Active
L01085,C00028,64,Employed,36608.04,624,32371.32,3.82,12,Debt Consolidation,0.542,2025-01-05,0,Active
L00958,C01078,60,Employed,39211.27,681,25205.41,3.89,48,Personal,0.374,2025-01-05,1,Default
L03411,C03332,68,Self-Employed,33605.26,693,23830.45,3.69,36,Vehicle,0.471,2025-01-05,0,Active
L03363,C00161,41,Employed,27813.84,661,48590.74,5.14,48,Personal,0.7,2025-01-05,1,Default
L01440,C00939,64,Self-Employed,97720.75,587,7898.8,8.01,36,Personal,0.131,2025-01-05,0,Active
L03217,C00088,41,Employed,54900.63,655,11844.27,4.61,72,Personal,0.215,2025-01-05,0,Active
L02021,C01257,61,Self-Employed,132713.79,578,27947.66,5.94,48,Education,0.13,2025-01-05,0,Active
L03558,C01679,59,Self-Employed,21943.59,704,30183.36,3.87,48,Debt Consolidation,0.674,2025-01-06,1,Default
L00730,C03235,56,Employed,31222.41,763,34322.07,3.0,12,Vehicle,0.641,2025-01-06,0,Active
L01044,C02582,37,Employed,37285.82,749,23583.78,3.0,72,Debt Consolidation,0.428,2025-01-06,0,Active
L04626,C02567,59,Self-Employed,35314.87,726,11759.15,3.0,60,Debt Consolidation,0.321,2025-01-06,0,Active
L04365,C00910,55,Unemployed,30252.5,691,33213.46,4.64,36,Vehicle,0.512,2025-01-06,0,Active
L04402,C02961,22,Employed,68901.9,785,23999.08,3.0,60,Vehicle,0.242,2025-01-06,0,Active
L02991,C02567,65,Employed,56429.27,684,11992.81,4.29,36,Vehicle,0.262,2025-01-07,0,Active
L00063,C02042,55,Employed,49472.8,738,26617.88,3.19,36,Home Improvement,0.495,2025-01-07,0,Active
L02356,C00940,47,Employed,48822.09,670,44326.26,3.82,36,Vehicle,0.573,2025-01-07,1,Default
L00012,C01483,67,Self-Employed,44050.43,690,23375.73,4.95,60,Debt Consolidation,0.269,2025-01-07,1,Default
L03913,C01937,43,Employed,41964.98,746,37903.83,3.0,36,Home Improvement,0.57,2025-01-07,0,Active
L01093,C01336,64,Employed,68572.73,607,87027.68,5.06,36,Personal,0.7,2025-01-07,0,Active
L04386,C02232,57,Employed,142941.31,717,39038.73,3.1,36,Vehicle,0.182,2025-01-07,0,Active
L00904,C00063,33,Unemployed,35630.98,758,61194.8,3.0,36,Personal,0.7,2025-01-08,0,Active
L00742,C03325,24,Self-Employed,51447.13,766,27075.51,3.0,60,Debt Consolidation,0.415,2025-01-08,0,Active
L02889,C03278,53,Employed,65446.69,585,38584.16,6.34,60,Vehicle,0.332,2025-01-09,1,Default
L03405,C02965,66,Employed,77960.86,683,81531.05,4.15,48,Education,0.673,2025-01-09,0,Active
L01003,C03473,48,Unemployed,45112.92,664,15296.46,5.27,60,Home Improvement,0.234,2025-01-09,0,Active
L02712,C02709,54,Employed,120786.73,804,33908.85,3.0,12,Debt Consolidation,0.234,2025-01-09,0,Active
L04615,C02223,29,Employed,60604.56,614,46221.54,5.62,72,Debt Consolidation,0.425,2025-01-09,0,Active
L04278,C01973,36,Employed,61158.9,662,24057.35,5.39,36,Vehicle,0.265,2025-01-09,0,Active
L00709,C00144,47,Employed,86631.51,659,60751.71,5.38,36,Home Improvement,0.511,2025-01-10,0,Active
L00015,C03172,57,Unemployed,29699.12,711,24621.39,5.02,12,Personal,0.494,2025-01-10,0,Active
L00808,C00934,60,Employed,47510.68,779,18395.19,3.0,36,Education,0.266,2025-01-10,0,Active
L02976,C01383,60,Unemployed,44969.25,745,31774.1,3.0,36,Vehicle,0.392,2025-01-10,1,Default
L02038,C00994,21,Employed,59342.04,653,15344.34,6.59,36,Home Improvement,0.291,2025-01-10,0,Active
L04335,C00579,57,Employed,26200.95,730,23702.47,3.0,24,Personal,0.609,2025-01-11,0,Active
L02619,C00141,52,Employed,78431.02,725,28401.88,3.24,48,Debt Consolidation,0.33,2025-01-11,0,Active
L03838,C01656,64,Employed,41153.32,813,61284.41,3.0,36,Debt Consolidation,0.7,2025-01-11,0,Active
L04044,C01936,64,Employed,56650.29,648,38892.6,6.3,72,Debt Consolidation,0.403,2025-01-11,1,Default
L03649,C01911,29,Employed,47884.03,619,32910.22,5.69,36,Debt Consolidation,0.474,2025-01-11,0,Active
L02843,C02409,64,Employed,67328.21,716,45312.62,3.67,48,Vehicle,0.425,2025-01-12,0,Active
L02510,C00814,48,Employed,63294.68,747,21620.35,4.64,24,Personal,0.322,2025-01-12,0,Active
L00462,C01501,67,Employed,25946.16,570,74690.83,6.97,24,Personal,0.7,2025-01-12,1,Default
L03174,C02004,23,Unemployed,40997.73,716,24292.21,3.0,72,Personal,0.517,2025-01-12,0,Active
L01907,C02467,63,Employed,46644.69,776,38930.65,3.05,72,Personal,0.505,2025-01-13,0,Active
L02308,C00903,58,Employed,59924.26,575,15069.9,7.76,48,Debt Consolidation,0.334,2025-01-13,1,Default
L03523,C02890,51,Employed,24565.9,572,22044.11,6.24,12,Education,0.504,2025-01-13,1,Default
L02115,C01977,64,Employed,64203.33,648,56678.46,5.58,60,Vehicle,0.624,2025-01-13,1,Default
L02869,C00561,38,Employed,180000.0,715,23340.82,3.0,60,Vehicle,0.201,2025-01-13,0,Active
L02745,C01191,57,Employed,25967.9,710,20372.02,4.24,36,Debt Consolidation,0.416,2025-01-14,0,Active
L01732,C01521,40,Unemployed,38023.94,744,8603.94,3.0,24,Personal,0.178,2025-01-14,0,Active
L00264,C01734,49,Employed,65443.87,709,36022.03,5.61,48,Vehicle,0.35,2025-01-14,0,Active
L00021,C02392,37,Employed,32879.13,657,11265.32,4.65,12,Debt Consolidation,0.396,2025-01-14,0,Active
L03028,C02443,37,Employed,32969.01,769,60807.01,3.0,48,Debt Consolidation,0.7,2025-01-14,0,Active
L04023,C00202,54,Employed,54261.91,682,33874.52,3.8,48,Personal,0.553,2025-01-14,0,Active
L04149,C02310,44,Employed,27403.09,790,35317.52,3.0,60,Vehicle,0.7,2025-01-15,0,Active
L00688,C00596,27,Employed,65684.88,787,41394.28,3.0,60,Debt Consolidation,0.375,2025-01-15,0,Active
L03949,C00341,54,Employed,54858.77,769,38193.94,3.4,72,Home Improvement,0.501,2025-01-15,0,Active
L00064,C02825,60,Self-Employed,44188.43,696,70850.56,5.06,60,Personal,0.7,2025-01-15,0,Active
L04800,C03499,53,Employed,90190.15,536,24019.55,7.4,36,Home Improvement,0.332,2025-01-16,0,Active
L04150,C01851,68,Self-Employed,25358.76,729,6352.19,3.18,60,Debt Consolidation,0.272,2025-01-16,0,Active
L04321,C02242,62,Employed,57560.47,844,35820.01,3.0,48,Education,0.501,2025-01-16,0,Active
L00940,C00449,29,Employed,39301.32,560,52006.42,6.77,60,Debt Consolidation,0.7,2025-01-16,0,Active
L02274,C03062,67,Self-Employed,37038.94,657,8372.57,5.55,48,Debt Consolidation,0.329,2025-01-17,0,Active
L02514,C03219,55,Employed,68872.21,690,30689.66,5.28,48,Home Improvement,0.354,2025-01-17,0,Active
L02747,C01006,59,Employed,69707.11,723,16918.68,4.87,48,Debt Consolidation,0.147,2025-01-17,0,Active
L01991,C01194,39,Employed,46943.35,632,14193.75,6.21,36,Education,0.45,2025-01-17,0,Active
L03994,C03225,59,Unemployed,25119.93,765,96364.4,3.0,36,Personal,0.7,2025-01-18,0,Active
L04947,C00681,52,Self-Employed,34632.9,717,35867.77,3.18,36,Education,0.659,2025-01-18,0,Active
L01776,C03043,38,Employed,70155.23,658,26770.76,4.86,60,Debt Consolidation,0.277,2025-01-18,0,Active
L00919,C02001,31,Self-Employed,18000.0,819,19757.08,3.0,36,Education,0.686,2025-01-19,0,Active
L00417,C02566,67,Employed,31710.54,799,11680.66,3.0,36,Personal,0.28,2025-01-19,0,Active
L04544,C00329,48,Employed,56690.88,655,74566.7,5.74,36,Debt Consolidation,0.646,2025-01-19,0,Active
L03960,C00817,40,Self-Employed,58606.87,621,15949.68,5.66,60,Personal,0.26,2025-01-19,0,Active
L03326,C02207,48,Employed,63525.26,675,16540.34,4.2,36,Vehicle,0.22,2025-01-19,0,Active
L00342,C03192,42,Self-Employed,35680.12,569,26848.19,7.81,36,Debt Consolidation,0.535,2025-01-19,0,Active
L00248,C02161,62,Self-Employed,86275.01,564,19084.31,7.81,48,Debt Consolidation,0.182,2025-01-20,1,Default
L01956,C03021,27,Employed,47856.24,665,32858.69,4.46,36,Debt Consolidation,0.437,2025-01-20,0,Active
L00860,C00869,51,Employed,58591.02,743,27514.81,3.0,12,Personal,0.315,2025-01-20,0,Active
L03771,C02660,62,Employed,51257.59,624,2669.39,6.52,48,Personal,0.149,2025-01-20,1,Default
L04852,C00116,43,Employed,50930.7,672,17503.04,5.75,36,Education,0.317,2025-01-20,1,Default
L01245,C01119,25,Employed,24465.33,641,23668.9,5.77,48,Personal,0.492,2025-01-21,0,Active
L04603,C03260,37,Employed,37615.64,553,35503.11,7.53,36,Personal,0.632,2025-01-21,1,Default
L03927,C01448,69,Employed,85784.52,705,17211.39,3.91,36,Personal,0.341,2025-01-21,0,Active
L02605,C00407,64,Unemployed,59949.08,818,25010.32,3.0,24,Personal,0.3,2025-01-21,0,Active
L00119,C01153,53,Self-Employed,25016.18,717,5285.74,4.17,60,Education,0.296,2025-01-21,0,Active
L04523,C02588,55,Employed,48607.45,722,32458.12,3.62,60,Personal,0.378,2025-01-22,0,Active
L02013,C01548,43,Employed,32843.35,772,41520.17,3.0,24,Debt Consolidation,0.7,2025-01-22,0,Active
L01520,C00055,31,Unemployed,63807.76,660,15085.97,5.09,48,Debt Consolidation,0.392,2025-01-22,0,Active
L00212,C01409,61,Employed,31111.76,652,16461.81,4.7,60,Personal,0.364,2025-01-22,0,Active
L04197,C02990,59,Employed,32058.32,735,61032.17,3.0,12,Vehicle,0.7,2025-01-22,0,Active
L01042,C00604,35,Self-Employed,74928.13,764,26014.0,3.0,60,Education,0.473,2025-01-23,1,Default
L03968,C00397,62,Employed,78962.79,845,10313.1,3.0,36,Vehicle,0.282,2025-01-23,0,Active
L04571,C00356,69,Employed,56561.29,648,94005.19,6.09,36,Personal,0.7,2025-01-24,1,Default
L03689,C00476,55,Employed,50443.96,626,34870.71,3.72,36,Vehicle,0.525,2025-01-24,1,Default
L00380,C02736,41,Employed,20001.2,619,37211.33,6.16,48,Home Improvement,0.7,2025-01-24,0,Active
L04570,C01089,30,Employed,118482.79,706,29966.72,3.0,60,Vehicle,0.322,2025-01-24,0,Active
L02412,C00576,45,Employed,43147.36,701,23787.73,3.06,36,Debt Consolidation,0.336,2025-01-25,0,Active
L00124,C01163,53,Employed,94930.64,698,38808.77,4.46,36,Education,0.307,2025-01-25,0,Active
L02806,C00657,37,Employed,83411.56,647,49745.08,4.77,36,Home Improvement,0.387,2025-01-25,0,Active
L00059,C00601,38,Employed,68414.65,587,8289.0,6.47,60,Debt Consolidation,0.074,2025-01-25,0,Active
L04184,C02722,31,Employed,40886.72,738,24473.59,3.0,36,Vehicle,0.35,2025-01-25,0,Active
L00789,C01684,27,Employed,43770.65,610,95352.32,4.55,60,Vehicle,0.7,2025-01-25,1,Default
L01611,C00521,43,Employed,54385.53,697,19312.92,5.37,48,Debt Consolidation,0.421,2025-01-25,0,Active
L00774,C01811,47,Unemployed,18000.0,759,41595.51,3.42,36,Vehicle,0.7,2025-01-25,0,Active
L01393,C03178,35,Employed,42937.25,536,43904.74,9.52,36,Home Improvement,0.583,2025-01-25,1,Default
L01069,C00337,49,Employed,18000.0,664,7155.56,4.8,72,Debt Consolidation,0.276,2025-01-26,0,Active
L02301,C00755,57,Unemployed,49606.99,678,16839.49,3.91,12,Vehicle,0.286,2025-01-26,0,Active
L02212,C00002,66,Employed,35309.63,617,17360.77,6.18,36,Personal,0.365,2025-01-26,0,Active
L00071,C03004,49,Employed,60877.52,651,8860.19,4.17,24,Debt Consolidation,0.211,2025-01-26,0,Active
L04850,C00274,56,Employed,37322.22,628,3813.68,7.6,60,Personal,0.174,2025-01-26,0,Active
L03895,C02396,65,Employed,110244.99,630,30463.51,4.72,12,Education,0.262,2025-01-26,0,Active
L03065,C02280,46,Unemployed,25534.49,808,16598.54,3.0,60,Personal,0.309,2025-01-27,0,Active
L00401,C00960,55,Employed,110325.47,659,23638.81,6.22,24,Education,0.232,2025-01-27,0,Active
L04474,C01643,33,Self-Employed,20800.76,661,76855.75,5.02,36,Personal,0.7,2025-01-27,0,Active
L04214,C02187,27,Employed,94299.9,710,31934.24,4.99,60,Personal,0.271,2025-01-27,0,Active
L00868,C00929,62,Employed,126462.53,806,16151.31,3.0,36,Education,0.355,2025-01-27,0,Active
L04052,C01857,57,Employed,58265.47,764,28493.39,3.92,72,Debt Consolidation,0.352,2025-01-28,0,Active
L01761,C00391,34,Self-Employed,82834.56,606,24737.61,5.75,12,Education,0.169,2025-01-28,1,Default
L00378,C00640,43,Self-Employed,55860.07,689,19694.2,3.0,48,Personal,0.272,2025-01-28,0,Active
L02248,C01288,24,Unemployed,82250.1,774,52377.13,4.69,60,Home Improvement,0.517,2025-01-29,0,Active
L03853,C01493,37,Self-Employed,78710.97,683,46283.73,4.01,48,Education,0.453,2025-01-29,0,Active
L00534,C00831,68,Employed,58738.21,773,16676.29,3.0,60,Personal,0.23,2025-01-29,0,Active
L04611,C02746,42,Unemployed,77640.86,813,44363.36,3.0,48,Vehicle,0.355,2025-01-29,0,Active
L02108,C02796,32,Employed,45571.59,729,106029.42,3.08,36,Home Improvement,0.7,2025-01-29,0,Active
L02888,C02979,22,Employed,23022.94,712,42808.11,3.93,36,Home Improvement,0.7,2025-01-29,0,Active
L04859,C03009,57,Employed,48642.74,644,36056.56,5.85,48,Vehicle,0.511,2025-01-30,1,Default
L00705,C02783,52,Employed,139510.53,666,13625.9,5.48,48,Vehicle,0.222,2025-01-30,0,Active
L01922,C01934,46,Employed,51429.79,595,14352.1,8.59,24,Debt Consolidation,0.302,2025-01-30,0,Active
L02263,C03386,25,Unemployed,83544.48,565,73662.95,6.69,60,Vehicle,0.574,2025-01-30,1,Default
L01406,C02862,22,Employed,119503.74,700,24383.16,4.47,48,Vehicle,0.202,2025-01-30,0,Active
L02470,C00919,28,Employed,33538.23,850,30227.86,3.0,60,Debt Consolidation,0.51,2025-01-30,0,Active
L04814,C03327,44,Employed,78413.65,723,17944.76,3.0,36,Debt Consolidation,0.319,2025-01-31,0,Active
L03339,C00998,36,Self-Employed,37671.46,772,30084.84,3.0,36,Debt Consolidation,0.645,2025-01-31,0,Active
L04514,C01747,61,Employed,55568.14,738,30570.28,4.49,12,Vehicle,0.472,2025-01-31,0,Active
L00915,C00405,43,Employed,52892.32,716,43294.98,4.51,24,Vehicle,0.548,2025-01-31,0,Active
L04042,C01702,46,Self-Employed,40293.27,746,23100.41,3.06,48,Education,0.412,2025-01-31,0,Active
L04727,C03366,53,Employed,53695.57,601,30439.01,6.09,72,Vehicle,0.292,2025-01-31,0,Active
L00764,C01681,69,Employed,83377.4,654,14407.29,4.83,12,Personal,0.253,2025-01-31,0,Active
L02561,C01497,38,Employed,59039.56,664,16778.42,4.93,36,Personal,0.372,2025-01-31,0,Active
L01805,C01450,41,Self-Employed,44939.1,688,17246.89,4.55,36,Education,0.327,2025-01-31,0,Active
L01615,C03431,49,Employed,67343.13,624,36934.14,5.79,24,Home Improvement,0.419,2025-01-31,0,Active
L01303,C00198,60,Employed,43752.65,679,13876.43,6.56,60,Education,0.206,2025-02-01,0,Active
L00177,C01758,22,Employed,34969.54,689,108474.58,5.5,48,Vehicle,0.7,2025-02-01,0,Active
L02562,C01441,43,Self-Employed,18808.23,745,18352.65,3.5,60,Debt Consolidation,0.529,2025-02-01,0,Active
L01646,C03359,51,Employed,40853.44,701,66762.96,3.0,24,Personal,0.7,2025-02-01,0,Active
L02206,C02721,57,Employed,26099.77,705,29532.76,3.96,48,Vehicle,0.681,2025-02-01,0,Active
L02056,C00918,67,Employed,30515.71,562,35369.04,7.48,36,Personal,0.601,2025-02-01,1,Default
L03550,C02325,54,Employed,53355.88,635,23540.64,5.63,36,Vehicle,0.351,2025-02-01,0,Active
L00971,C02901,27,Employed,29597.74,653,23879.94,3.0,60,Vehicle,0.39,2025-02-02,0,Active
L02037,C01248,24,Employed,38237.11,758,51970.25,3.0,60,Debt Consolidation,0.631,2025-02-02,0,Active
L04271,C00399,67,Unemployed,86697.1,773,32426.18,4.05,36,Education,0.295,2025-02-02,0,Active
L03645,C03088,27,Employed,41219.26,657,35770.63,4.5,60,Home Improvement,0.549,2025-02-02,0,Active
L04395,C00632,26,Self-Employed,63453.63,682,13817.44,3.3,36,Home Improvement,0.331,2025-02-02,0,Active
L02856,C03268,30,Employed,42263.11,696,17953.66,3.96,24,Home Improvement,0.291,2025-02-02,0,Active
L02259,C01108,59,Self-Employed,21080.35,646,31994.96,4.37,60,Personal,0.7,2025-02-02,1,Default
L04442,C01036,39,Employed,47666.51,661,8272.36,4.8,72,Home Improvement,0.161,2025-02-03,1,Default
L00288,C01795,54,Employed,64539.93,724,23044.74,3.25,36,Personal,0.387,2025-02-03,0,Active
L00579,C00958,56,Employed,48560.59,579,25574.09,5.96,60,Vehicle,0.307,2025-02-03,0,Active
L04463,C01800,33,Employed,60285.97,727,111690.81,4.11,60,Education,0.7,2025-02-03,0,Active
L00023,C03486,44,Self-Employed,48293.59,751,3973.24,3.0,60,Vehicle,0.153,2025-02-03,0,Active
L02551,C00455,65,Employed,58262.25,680,19325.29,3.43,72,Debt Consolidation,0.388,2025-02-03,0,Active
L00616,C02208,28,Employed,60401.74,739,18817.83,3.0,36,Debt Consolidation,0.417,2025-02-03,0,Active
L02188,C02849,28,Employed,31419.03,756,33252.27,3.15,48,Vehicle,0.475,2025-02-03,0,Active
L03868,C00728,25,Employed,50523.44,656,16331.1,3.87,60,Vehicle,0.377,2025-02-03,0,Active
L02077,C00907,56,Employed,44151.19,761,31588.76,3.0,36,Debt Consolidation,0.435,2025-02-03,0,Active
L03723,C00483,59,Self-Employed,33625.0,634,27908.74,5.53,36,Education,0.542,2025-02-03,0,Active
L03860,C03061,46,Employed,35590.75,779,19308.68,3.0,60,Vehicle,0.424,2025-02-04,0,Active
L04948,C00825,66,Employed,44254.23,605,30491.5,5.26,48,Personal,0.389,2025-02-04,0,Active
L00081,C03460,36,Employed,25886.59,627,37378.22,5.72,36,Education,0.7,2025-02-04,0,Active
L01640,C03046,64,Employed,80480.82,554,35976.02,6.26,48,Home Improvement,0.417,2025-02-04,1,Default
L01801,C02770,65,Employed,62270.95,675,23955.27,5.68,36,Debt Consolidation,0.433,2025-02-04,1,Default
L03829,C02382,44,Employed,64780.33,574,40800.32,7.22,12,Vehicle,0.386,2025-02-04,0,Active
L00685,C01822,66,Employed,37432.21,800,137719.15,3.0,60,Vehicle,0.7,2025-02-04,0,Active
L03559,C02424,25,Employed,56114.98,742,25922.98,3.0,60,Personal,0.334,2025-02-04,0,Active
L04341,C02959,25,Self-Employed,134409.44,751,23813.21,3.11,12,Home Improvement,0.205,2025-02-05,0,Active
L03354,C01137,62,Employed,47112.88,715,8009.92,3.79,60,Debt Consolidation,0.186,2025-02-05,0,Active
L02600,C02412,21,Employed,178980.08,668,50982.37,5.98,24,Vehicle,0.249,2025-02-05,1,Default
L01586,C02309,35,Unemployed,54548.07,767,36468.16,3.0,36,Debt Consolidation,0.536,2025-02-05,0,Active
L00846,C03020,68,Employed,91586.27,600,9633.47,6.86,48,Debt Consolidation,0.268,2025-02-05,0,Active
L02589,C00304,65,Self-Employed,47851.21,717,50145.23,4.01,36,Education,0.551,2025-02-05,0,Active
L01846,C02372,33,Unemployed,35491.12,626,9060.52,4.21,60,Debt Consolidation,0.217,2025-02-05,0,Active
L00879,C02931,58,Employed,39482.41,709,62665.36,4.42,36,Vehicle,0.7,2025-02-05,0,Active
L03858,C01300,48,Unemployed,32567.96,809,14223.37,3.0,12,Vehicle,0.377,2025-02-06,1,Default
L03818,C00265,25,Employed,98433.42,649,31109.54,4.94,48,Home Improvement,0.282,2025-02-06,0,Active
L02972,C01639,37,Unemployed,69791.88,660,20407.28,5.48,36,Personal,0.311,2025-02-06,1,Default
L00892,C03191,43,Self-Employed,27768.92,631,22756.73,5.43,36,Personal,0.43,2025-02-06,0,Active
L01177,C00468,36,Employed,81853.42,748,43712.56,3.0,12,Education,0.382,2025-02-07,0,Active
L02716,C00988,53,Employed,59627.25,712,28620.72,3.72,12,Debt Consolidation,0.385,2025-02-07,0,Active
L03429,C01688,39,Employed,25695.98,670,10654.36,6.6,24,Debt Consolidation,0.539,2025-02-07,0,Active
L01753,C00778,59,Self-Employed,60142.48,713,18801.28,3.52,60,Vehicle,0.18,2025-02-07,0,Active
L04034,C03449,69,Employed,31083.23,730,27417.4,3.74,36,Debt Consolidation,0.565,2025-02-07,0,Active
L03106,C01415,40,Employed,160072.81,643,7910.02,4.31,48,Debt Consolidation,0.265,2025-02-08,0,Active
L04617,C01698,31,Employed,84983.4,648,25706.7,7.83,36,Vehicle,0.291,2025-02-08,0,Active
L04208,C01983,53,Self-Employed,31173.34,702,10516.23,3.72,36,Home Improvement,0.332,2025-02-08,0,Active
L03070,C02850,65,Employed,42197.76,693,7467.91,3.86,60,Vehicle,0.25,2025-02-08,1,Default
L00146,C01752,49,Employed,59169.17,668,26826.23,3.48,48,Education,0.299,2025-02-08,0,Active
L01172,C02596,60,Employed,64507.74,785,84095.52,3.0,24,Debt Consolidation,0.7,2025-02-08,1,Default
L04550,C03172,22,Employed,23519.8,722,16180.08,3.0,48,Education,0.379,2025-02-08,0,Active
L02570,C02915,46,Employed,67123.77,715,56179.76,3.78,36,Vehicle,0.481,2025-02-09,0,Active
L03301,C02453,57,Self-Employed,61389.62,712,29305.58,4.15,36,Home Improvement,0.382,2025-02-09,0,Active
L00403,C00453,42,Self-Employed,28084.42,758,51370.52,4.1,36,Debt Consolidation,0.7,2025-02-09,0,Active
L03805,C01532,49,Employed,31844.63,620,53211.57,6.68,24,Education,0.7,2025-02-09,0,Active
L02929,C00846,30,Employed,36249.26,707,22509.07,4.2,36,Debt Consolidation,0.48,2025-02-10,0,Active
L01649,C00168,39,Unemployed,67667.08,700,26895.53,3.9,60,Debt Consolidation,0.417,2025-02-10,0,Active
L02630,C02799,38,Unemployed,64688.8,712,34899.31,3.71,36,Debt Consolidation,0.286,2025-02-10,0,Active
L01506,C01702,30,Employed,30044.34,638,11299.02,6.32,60,Vehicle,0.36,2025-02-10,0,Active
L03231,C01054,42,Self-Employed,41185.7,686,5624.97,4.07,48,Vehicle,0.137,2025-02-10,0,Active
L04443,C01951,57,Employed,55218.39,627,19523.7,6.05,36,Home Improvement,0.328,2025-02-11,0,Active
L03581,C01012,63,Employed,70838.58,699,20749.49,3.64,36,Personal,0.278,2025-02-11,0,Active
L04973,C01989,43,Employed,38382.35,569,44354.79,7.66,36,Debt Consolidation,0.7,2025-02-11,0,Active
L00923,C02819,25,Employed,95028.52,801,24585.05,3.0,60,Personal,0.237,2025-02-12,1,Default
L04482,C00819,22,Self-Employed,47319.35,686,115992.91,4.52,24,Home Improvement,0.7,2025-02-12,0,Active
L02448,C02885,29,Employed,96685.8,619,150000.0,6.43,36,Debt Consolidation,0.7,2025-02-12,0,Active
L03664,C02244,60,Employed,29037.87,760,20072.0,3.46,36,Home Improvement,0.438,2025-02-13,0,Active
L03499,C00629,44,Employed,70792.97,681,7875.49,6.87,36,Debt Consolidation,0.336,2025-02-13,0,Active
L04968,C03110,32,Employed,50128.73,623,14286.31,4.13,60,Debt Consolidation,0.214,2025-02-13,1,Default
L02158,C03345,52,Employed,36754.41,660,57543.38,5.68,60,Debt Consolidation,0.7,2025-02-13,0,Active
L02899,C00164,23,Employed,42504.47,691,13061.96,4.81,48,Debt Consolidation,0.186,2025-02-13,0,Active
L01450,C00710,52,Employed,61371.73,611,25883.86,7.66,12,Debt Consolidation,0.238,2025-02-13,0,Active
L02192,C01416,23,Employed,31274.69,704,44211.36,3.0,60,Vehicle,0.7,2025-02-13,0,Active
L04187,C01403,46,Employed,45435.33,641,15077.38,3.92,48,Personal,0.239,2025-02-13,1,Default
L04830,C01197,66,Employed,55467.21,587,16777.71,5.22,60,Personal,0.341,2025-02-14,1,Default
L03639,C01811,43,Employed,39286.76,753,12802.5,4.91,60,Personal,0.226,2025-02-14,0,Active
L00230,C01999,45,Unemployed,32354.29,713,24398.35,3.6,36,Debt Consolidation,0.397,2025-02-14,0,Active
L04696,C00491,64,Employed,37761.08,678,114227.66,3.21,60,Education,0.7,2025-02-14,1,Default
L02877,C01694,27,Self-Employed,43370.45,681,13989.04,5.94,60,Personal,0.234,2025-02-14,0,Active
L02567,C02150,66,Employed,58505.29,660,31113.76,5.3,36,Vehicle,0.336,2025-02-14,1,Default
L03557,C02262,33,Employed,41132.97,718,12079.33,4.63,72,Debt Consolidation,0.294,2025-02-14,0,Active
L02601,C00891,47,Employed,42647.6,654,24077.99,6.99,36,Personal,0.427,2025-02-14,1,Default
L00995,C00759,45,Employed,29381.28,738,14132.93,4.83,60,Education,0.373,2025-02-14,0,Active
L01179,C00075,58,Employed,39224.42,607,53796.97,7.23,36,Education,0.7,2025-02-15,0,Active
L03732,C00124,56,Employed,71316.48,724,36256.33,3.0,36,Personal,0.409,2025-02-15,0,Active
L04556,C01752,55,Employed,51678.17,661,12833.51,3.96,12,Personal,0.183,2025-02-15,0,Active
L04577,C02097,58,Employed,33331.74,700,48911.48,4.02,36,Debt Consolidation,0.7,2025-02-15,0,Active
L02805,C03084,38,Self-Employed,50286.38,648,26093.47,6.19,36,Personal,0.422,2025-02-15,0,Active
L02240,C02822,52,Employed,27281.23,657,14895.36,5.83,60,Education,0.465,2025-02-16,0,Active
L00160,C02815,61,Self-Employed,56608.91,564,52434.08,8.23,48,Personal,0.468,2025-02-16,0,Active
L04296,C00881,29,Employed,70786.4,716,24884.89,3.0,36,Home Improvement,0.35,2025-02-17,0,Active
L01143,C01306,37,Self-Employed,116868.31,619,38394.05,6.2,36,Vehicle,0.232,2025-02-17,0,Active
L03510,C03426,64,Self-Employed,131436.81,629,32373.22,7.29,12,Education,0.243,2025-02-17,0,Active
L03002,C00386,67,Self-Employed,67475.42,628,48089.53,7.21,36,Personal,0.466,2025-02-18,0,Active
L00402,C01505,59,Employed,113791.96,732,9428.37,3.0,24,Personal,0.151,2025-02-18,0,Active
L01139,C02473,60,Self-Employed,55127.46,708,11840.09,5.52,12,Debt Consolidation,0.256,2025-02-18,0,Active
L01051,C03118,28,Employed,18229.17,701,41331.2,4.04,72,Education,0.7,2025-02-18,1,Default
L00610,C02840,62,Employed,59007.77,749,60231.52,4.08,72,Personal,0.569,2025-02-18,0,Active
L01701,C00482,63,Employed,34777.7,755,19693.7,3.0,60,Vehicle,0.424,2025-02-18,0,Active
L02086,C00738,26,Self-Employed,69922.43,577,26767.77,7.54,36,Vehicle,0.355,2025-02-19,1,Default
L04963,C01715,42,Employed,36611.39,641,40435.93,6.6,36,Education,0.685,2025-02-19,0,Active
L00309,C00641,47,Unemployed,40272.69,677,34426.42,3.0,36,Home Improvement,0.492,2025-02-19,0,Active
L03374,C02126,68,Employed,72025.56,554,25579.4,8.57,24,Personal,0.337,2025-02-19,0,Active
L02503,C03217,64,Employed,44128.0,648,9770.39,4.15,60,Vehicle,0.216,2025-02-19,0,Active
L00299,C02912,38,Employed,43884.46,689,37427.32,3.73,48,Vehicle,0.596,2025-02-19,1,Default
L02012,C02013,58,Employed,32245.13,647,5186.37,4.33,36,Debt Consolidation,0.182,2025-02-20,0,Active
L04648,C01083,58,Employed,44921.41,536,14665.7,8.34,60,Personal,0.247,2025-02-20,0,Active
L02566,C01964,37,Employed,80288.45,760,8165.33,3.84,48,Personal,0.295,2025-02-20,0,Active
L02022,C02065,30,Employed,46407.75,651,18977.91,3.87,36,Debt Consolidation,0.462,2025-02-20,0,Active
L01266,C02846,69,Employed,30304.79,766,32987.07,3.0,12,Personal,0.572,2025-02-20,1,Default
L04501,C00023,46,Employed,64848.1,850,16308.08,3.0,60,Debt Consolidation,0.322,2025-02-21,0,Active
L02402,C00862,69,Employed,62769.03,703,5320.83,3.46,36,Personal,0.29,2025-02-21,0,Active
L04216,C02483,24,Employed,28797.62,662,9182.68,3.55,36,Debt Consolidation,0.276,2025-02-21,0,Active
L01874,C01869,36,Self-Employed,40332.27,667,12831.15,5.08,48,Vehicle,0.247,2025-02-21,0,Active
L00853,C02724,57,Employed,27599.91,752,26497.09,3.0,60,Vehicle,0.524,2025-02-21,0,Active
L04258,C02668,51,Self-Employed,79780.8,622,26804.88,4.63,48,Vehicle,0.361,2025-02-22,0,Active
L03487,C03032,22,Self-Employed,21128.84,680,7595.96,4.52,60,Personal,0.349,2025-02-22,0,Active
L04091,C03147,65,Employed,29450.76,721,19453.14,3.92,36,Debt Consolidation,0.426,2025-02-22,0,Active
L01256,C02561,41,Self-Employed,53820.97,713,26467.85,3.2,24,Home Improvement,0.366,2025-02-22,0,Active
L02213,C02273,28,Employed,27681.05,656,48674.6,4.46,36,Vehicle,0.7,2025-02-22,1,Default
L03381,C01529,33,Employed,38385.45,773,26887.61,3.0,36,Vehicle,0.45,2025-02-22,0,Active
L00511,C01596,29,Employed,38760.53,610,14180.92,7.15,60,Education,0.4,2025-02-23,0,Active
L03202,C00256,31,Employed,63585.19,674,12719.15,4.46,60,Education,0.274,2025-02-23,0,Active
L00022,C01516,61,Self-Employed,35458.73,683,18552.44,5.54,36,Education,0.263,2025-02-23,0,Active
L01652,C01773,51,Employed,18000.0,652,36992.67,4.32,24,Debt Consolidation,0.7,2025-02-23,0,Active
L03391,C02029,64,Employed,126782.58,723,12846.77,4.54,60,Personal,0.063,2025-02-23,0,Active
L01830,C00697,47,Self-Employed,48685.01,672,25674.42,4.97,60,Personal,0.412,2025-02-23,0,Active
L02560,C02653,44,Unemployed,23902.45,664,29150.09,5.76,72,Home Improvement,0.7,2025-02-23,0,Active
L04317,C00126,36,Employed,52137.4,759,6722.7,3.0,60,Debt Consolidation,0.23,2025-02-24,0,Active
L04170,C00077,44,Employed,39384.55,688,23338.82,4.25,48,Personal,0.393,2025-02-24,0,Active
L00320,C02394,69,Employed,30271.84,810,7811.29,3.0,48,Debt Consolidation,0.199,2025-02-24,0,Active
L03778,C01531,35,Employed,29590.86,758,50945.24,4.0,60,Debt Consolidation,0.7,2025-02-24,0,Active
L04294,C02989,65,Employed,54767.37,675,27186.55,5.46,48,Personal,0.378,2025-02-24,0,Active
L00975,C02151,36,Employed,41761.17,803,28691.79,3.0,72,Debt Consolidation,0.37,2025-02-25,0,Active
L04266,C03174,66,Self-Employed,180000.0,657,18416.47,3.0,48,Personal,0.212,2025-02-25,0,Active
L00094,C01982,51,Employed,30138.4,616,31062.42,7.5,48,Personal,0.583,2025-02-25,1,Default
L03117,C01344,54,Self-Employed,93302.53,678,35756.61,3.0,12,Vehicle,0.39,2025-02-25,0,Active
L03871,C01032,59,Employed,77554.79,623,17707.86,4.82,36,Vehicle,0.229,2025-02-25,0,Active
L04462,C00818,35,Employed,65756.24,692,73488.46,3.37,48,Education,0.618,2025-02-25,0,Active
L02967,C00400,22,Employed,48418.39,631,30355.52,4.47,60,Debt Consolidation,0.431,2025-02-25,0,Active
L02504,C00303,37,Employed,50799.96,688,25229.8,3.63,36,Debt Consolidation,0.397,2025-02-25,0,Active
L01411,C02468,35,Employed,31150.61,583,13138.86,5.6,60,Vehicle,0.311,2025-02-25,1,Default
L03043,C01769,56,Employed,18000.0,726,10928.26,3.23,24,Debt Consolidation,0.302,2025-02-27,0,Active
L03294,C00227,33,Employed,26177.22,709,19887.78,4.92,48,Home Improvement,0.489,2025-02-28,0,Active
L01110,C00485,63,Employed,42015.46,653,48818.83,3.91,36,Vehicle,0.664,2025-02-28,0,Active
L04926,C03355,42,Employed,54378.39,663,16499.3,3.0,24,Debt Consolidation,0.289,2025-02-28,0,Active
L02642,C02138,33,Employed,63320.77,717,29772.4,4.55,48,Education,0.463,2025-03-01,1,Default
L00606,C01016,56,Unemployed,62249.8,683,16300.11,4.54,60,Education,0.306,2025-03-01,0,Active
L04029,C00910,41,Unemployed,24374.31,691,73478.24,4.13,60,Vehicle,0.7,2025-03-01,0,Active
L04620,C03463,47,Employed,50719.47,830,12191.66,3.0,72,Vehicle,0.208,2025-03-02,0,Active
L02053,C02240,49,Employed,23559.74,643,35230.49,5.47,72,Personal,0.7,2025-03-02,0,Active
L02168,C02549,48,Employed,73977.72,724,36308.81,3.0,36,Home Improvement,0.345,2025-03-02,0,Active
L01756,C00401,56,Employed,46077.35,693,38846.88,3.72,36,Debt Consolidation,0.505,2025-03-03,0,Active
L02134,C02478,44,Self-Employed,52290.98,661,22802.04,4.51,36,Debt Consolidation,0.52,2025-03-03,0,Active
L04691,C01092,66,Employed,70107.34,655,63483.15,4.5,48,Vehicle,0.651,2025-03-03,0,Active
L04874,C03350,48,Unemployed,30734.61,651,19286.9,4.87,36,Debt Consolidation,0.325,2025-03-03,0,Active
L02799,C02666,62,Employed,83619.09,724,19780.35,3.0,60,Debt Consolidation,0.272,2025-03-03,0,Active
L02939,C03202,37,Employed,30240.08,731,6259.75,3.0,36,Debt Consolidation,0.219,2025-03-04,0,Active
L03942,C01160,64,Unemployed,55495.25,664,18549.64,7.53,24,Personal,0.375,2025-03-04,0,Active
L00530,C01694,66,Employed,34366.61,670,40020.5,4.81,24,Vehicle,0.7,2025-03-04,1,Default
L02087,C03357,26,Employed,71742.86,645,40494.21,5.48,60,Education,0.411,2025-03-04,0,Active
L00115,C02063,47,Self-Employed,71938.24,638,25569.43,5.9,36,Home Improvement,0.294,2025-03-04,0,Active
L01705,C02121,32,Self-Employed,70525.29,679,144950.85,3.72,60,Vehicle,0.7,2025-03-04,1,Default
L03476,C01450,46,Employed,37287.87,603,13865.99,7.94,60,Education,0.197,2025-03-05,0,Active
L03682,C01900,39,Self-Employed,34272.48,592,21232.29,5.84,48,Education,0.531,2025-03-06,0,Active
L04448,C02921,43,Employed,73540.78,782,49275.86,3.0,24,Education,0.471,2025-03-06,0,Active
L04897,C02202,30,Employed,69935.69,810,49131.58,3.0,60,Vehicle,0.552,2025-03-07,0,Active
L01969,C01592,44,Employed,32709.61,585,15941.99,6.96,36,Personal,0.379,2025-03-07,0,Active
L04536,C01037,25,Employed,22025.2,667,44508.63,4.92,48,Vehicle,0.7,2025-03-07,0,Active
L01560,C02002,33,Employed,57904.46,609,43355.72,5.16,60,Personal,0.37,2025-03-07,0,Active
L02900,C00095,43,Employed,96365.66,753,14685.76,3.13,24,Education,0.194,2025-03-07,0,Active
L03362,C01837,56,Employed,65608.12,696,6189.0,4.22,24,Education,0.228,2025-03-08,0,Active
L01010,C02101,58,Self-Employed,53642.56,776,33807.18,3.0,36,Vehicle,0.456,2025-03-08,0,Active
L00171,C02791,23,Self-Employed,21321.71,727,16515.44,5.06,12,Home Improvement,0.543,2025-03-08,0,Active
L01938,C01561,62,Self-Employed,91010.27,803,37798.43,3.0,48,Vehicle,0.407,2025-03-08,0,Active
L04539,C00397,50,Employed,93340.94,689,36901.33,4.22,36,Personal,0.261,2025-03-08,0,Active
L02895,C00793,49,Employed,61198.44,712,25512.86,4.55,60,Personal,0.33,2025-03-09,0,Active
L03394,C02611,57,Employed,75812.65,652,12116.63,5.01,60,Debt Consolidation,0.1,2025-03-09,0,Active
L04248,C01208,56,Employed,56316.4,653,49758.0,5.48,24,Vehicle,0.561,2025-03-09,0,Active
L01819,C01632,66,Employed,43628.27,605,62118.96,6.61,60,Personal,0.7,2025-03-09,0,Active
L00895,C00374,66,Unemployed,55473.86,651,13875.84,4.25,60,Education,0.29,2025-03-09,0,Active
L00653,C01650,56,Unemployed,21803.28,700,48942.33,3.84,72,Personal,0.7,2025-03-09,1,Default
L01299,C00821,45,Self-Employed,57918.29,576,22929.25,8.82,12,Debt Consolidation,0.185,2025-03-10,0,Active
L03418,C02840,27,Employed,46477.35,742,23085.81,3.0,36,Vehicle,0.34,2025-03-10,0,Active
L02280,C01267,59,Unemployed,35292.9,678,54292.59,4.14,24,Vehicle,0.7,2025-03-10,1,Default
L01505,C03294,45,Unemployed,52737.66,665,36257.06,5.45,48,Debt Consolidation,0.446,2025-03-10,0,Active
L01983,C02619,65,Employed,96329.38,666,26021.47,3.84,12,Debt Consolidation,0.388,2025-03-11,0,Active
L01034,C00672,62,Self-Employed,57500.91,795,20773.1,3.0,48,Personal,0.205,2025-03-11,0,Active
L01960,C01138,45,Employed,58500.96,638,42635.49,4.42,24,Vehicle,0.467,2025-03-11,0,Active
L00348,C01446,35,Employed,53253.14,773,60476.87,3.0,48,Debt Consolidation,0.571,2025-03-11,0,Active
L00089,C02450,36,Employed,56800.39,723,12997.22,3.0,72,Personal,0.333,2025-03-12,0,Active
L04334,C02695,48,Employed,64322.51,595,12569.01,5.77,60,Personal,0.329,2025-03-12,1,Default
L00885,C00010,40,Employed,53029.99,605,55000.76,5.72,60,Personal,0.7,2025-03-12,0,Active
L02163,C01702,49,Employed,50418.89,636,21108.5,7.47,36,Personal,0.394,2025-03-13,0,Active
L03414,C03367,62,Employed,41463.16,603,27516.74,6.59,48,Debt Consolidation,0.344,2025-03-13,0,Active
L00470,C00525,62,Employed,35271.88,673,99431.56,6.13,60,Vehicle,0.7,2025-03-13,1,Default
L01033,C00093,65,Self-Employed,73697.78,723,18416.18,4.07,60,Personal,0.248,2025-03-13,0,Active
L02533,C03231,39,Employed,39169.31,611,39983.76,6.17,48,Debt Consolidation,0.505,2025-03-15,1,Default
L03562,C02127,58,Employed,53400.39,769,31060.35,3.0,36,Vehicle,0.395,2025-03-15,0,Active
L02962,C01180,66,Employed,35462.73,748,37415.91,3.35,60,Debt Consolidation,0.617,2025-03-15,0,Active
L00352,C03184,58,Employed,41137.46,669,19109.74,5.65,36,Education,0.24,2025-03-16,0,Active
L00840,C01036,66,Self-Employed,55421.69,714,63079.78,4.7,60,Personal,0.577,2025-03-16,0,Active
L02365,C02366,68,Self-Employed,59245.22,657,28752.58,5.62,36,Debt Consolidation,0.443,2025-03-16,1,Default
L00633,C00012,46,Employed,108434.08,737,45778.91,3.0,60,Personal,0.319,2025-03-16,0,Active
L00693,C00699,22,Employed,32489.38,745,26994.38,3.0,60,Education,0.577,2025-03-17,0,Active
L03215,C01487,41,Employed,78414.76,805,10136.35,3.0,12,Debt Consolidation,0.206,2025-03-18,0,Active
L04004,C01682,21,Employed,47259.23,791,12073.49,3.0,24,Vehicle,0.305,2025-03-18,0,Active
L02732,C03446,61,Employed,41807.68,607,15439.28,6.0,36,Personal,0.407,2025-03-18,0,Active
L02912,C01049,63,Self-Employed,37454.41,624,14821.41,5.67,24,Debt Consolidation,0.361,2025-03-19,0,Active
L04535,C01479,32,Employed,69049.15,647,13395.68,3.62,60,Debt Consolidation,0.255,2025-03-20,0,Active
L01417,C00567,22,Unemployed,44236.65,765,26529.73,3.0,48,Education,0.338,2025-03-20,0,Active
L00104,C00338,23,Employed,55441.38,778,18446.22,3.56,48,Home Improvement,0.234,2025-03-20,0,Active
L04348,C00201,23,Employed,31664.83,710,42815.76,3.0,60,Debt Consolidation,0.695,2025-03-20,0,Active
L02708,C03180,56,Employed,82439.08,601,22973.45,6.52,48,Home Improvement,0.304,2025-03-20,0,Active
L03111,C01285,60,Employed,26515.41,651,37950.51,3.81,60,Personal,0.7,2025-03-21,0,Active
L00946,C02143,32,Employed,43384.99,701,56748.0,3.71,60,Debt Consolidation,0.7,2025-03-21,0,Active
L00147,C00805,44,Employed,54666.78,615,100582.62,6.86,60,Personal,0.7,2025-03-21,1,Default
L00295,C01987,38,Self-Employed,32964.13,726,23315.81,3.99,60,Personal,0.533,2025-03-21,0,Active
L04759,C01856,45,Employed,34656.9,541,18264.92,6.85,36,Education,0.283,2025-03-22,0,Active
L01490,C00286,29,Employed,30841.73,669,19607.86,3.67,36,Personal,0.578,2025-03-22,0,Active
L00607,C01349,62,Unemployed,37229.08,637,21905.46,5.18,36,Vehicle,0.406,2025-03-22,0,Active
L00243,C03185,30,Employed,52755.02,777,36513.67,3.71,60,Vehicle,0.357,2025-03-22,0,Active
L00050,C02880,21,Unemployed,34050.63,707,14451.46,4.56,36,Debt Consolidation,0.376,2025-03-22,0,Active
L02987,C01598,62,Employed,18000.0,653,16148.64,7.12,60,Home Improvement,0.447,2025-03-23,0,Active
L00233,C01496,21,Employed,80792.28,710,73381.71,4.6,24,Debt Consolidation,0.546,2025-03-23,0,Active
L03921,C00362,45,Employed,50131.5,673,15533.51,5.14,36,Debt Consolidation,0.356,2025-03-23,0,Active
L02578,C02376,68,Employed,88513.69,840,22416.45,3.0,12,Debt Consolidation,0.279,2025-03-24,0,Active
L02265,C00410,40,Employed,94600.36,561,13672.92,7.61,24,Personal,0.204,2025-03-24,0,Active
L03823,C02137,33,Employed,49281.15,772,6157.56,3.0,60,Personal,0.298,2025-03-24,0,Active
L04000,C00727,56,Employed,64920.71,586,27953.68,5.76,60,Debt Consolidation,0.413,2025-03-25,0,Active
L01257,C01320,48,Employed,66882.51,562,11735.45,7.14,24,Personal,0.125,2025-03-25,0,Active
L04957,C01958,58,Employed,37520.6,687,20588.42,3.0,24,Debt Consolidation,0.395,2025-03-26,0,Active
L03061,C02077,61,Employed,43893.96,665,46346.9,6.74,36,Debt Consolidation,0.605,2025-03-26,0,Active
L02937,C00043,47,Employed,33208.44,695,11578.47,4.14,60,Education,0.359,2025-03-26,0,Active
L00451,C01687,31,Self-Employed,81981.15,748,26209.51,3.34,36,Home Improvement,0.35,2025-03-26,0,Active
L02244,C01440,52,Unemployed,28046.46,679,37611.95,5.97,60,Personal,0.7,2025-03-26,0,Active
L03227,C01654,46,Employed,82089.15,621,32230.55,6.59,60,Personal,0.163,2025-03-26,0,Active
L00292,C01956,53,Self-Employed,44070.66,755,73228.11,3.0,48,Debt Consolidation,0.7,2025-03-26,0,Active
L04497,C02680,26,Self-Employed,43938.03,661,13152.39,5.83,60,Debt Consolidation,0.281,2025-03-26,0,Active
L01558,C00823,60,Employed,26096.67,706,36877.21,3.4,24,Vehicle,0.7,2025-03-27,0,Active
L03389,C01886,62,Self-Employed,83145.82,690,14879.81,5.95,36,Debt Consolidation,0.158,2025-03-27,0,Active
L02946,C01954,45,Self-Employed,132040.71,580,28190.32,5.78,60,Debt Consolidation,0.13,2025-03-27,1,Default
L01625,C03181,67,Employed,78597.87,564,17259.23,5.12,36,Personal,0.245,2025-03-28,0,Active
L03575,C01784,29,Employed,28107.36,706,7411.89,4.04,48,Home Improvement,0.188,2025-03-28,0,Active
L01174,C01247,32,Employed,87129.84,747,23022.38,3.32,72,Education,0.226,2025-03-29,0,Active
L02272,C00971,67,Employed,78416.93,771,116538.09,3.0,48,Debt Consolidation,0.7,2025-03-29,0,Active
L04993,C00310,47,Employed,18000.0,748,58001.68,3.02,12,Personal,0.7,2025-03-29,0,Active
L03946,C02913,36,Employed,37915.14,557,38342.43,7.66,60,Home Improvement,0.664,2025-03-29,1,Default
L04885,C00947,55,Self-Employed,59254.22,745,21970.38,3.0,48,Home Improvement,0.271,2025-03-29,0,Active
L03442,C01975,56,Employed,65873.8,707,15201.6,5.53,60,Vehicle,0.3,2025-03-29,0,Active
L00362,C02870,48,Employed,31425.52,694,37220.36,3.0,60,Home Improvement,0.681,2025-03-30,0,Active
L03466,C03142,52,Employed,24430.9,733,12871.96,4.17,12,Debt Consolidation,0.446,2025-03-30,0,Active
L02649,C02957,50,Employed,18834.33,697,27220.35,3.0,36,Education,0.7,2025-03-30,0,Active
L01674,C00149,31,Employed,53547.38,656,20374.1,4.17,24,Personal,0.251,2025-03-30,1,Default
L00565,C02295,63,Employed,55156.47,776,28256.67,3.0,36,Personal,0.375,2025-03-30,0,Active
L01880,C01608,67,Employed,87813.13,750,7133.17,4.69,24,Personal,0.198,2025-03-30,0,Active
L03142,C02815,23,Self-Employed,73943.54,667,57627.4,5.06,24,Home Improvement,0.413,2025-03-30,0,Active
L04949,C00700,26,Employed,33470.33,834,28542.68,3.0,24,Education,0.527,2025-03-31,1,Default
L03214,C00283,68,Self-Employed,94122.43,704,21135.86,3.0,48,Home Improvement,0.307,2025-03-31,0,Active
L03286,C00698,43,Employed,57487.19,598,18909.04,6.8,24,Personal,0.197,2025-03-31,0,Active
L04532,C01260,38,Employed,77366.47,632,29206.0,7.67,60,Debt Consolidation,0.348,2025-03-31,0,Active
L03618,C00259,23,Employed,41220.62,726,13840.52,3.67,36,Debt Consolidation,0.258,2025-03-31,0,Active
L01696,C01763,64,Employed,45324.46,665,15998.88,4.45,36,Debt Consolidation,0.252,2025-03-31,1,Default
L00143,C03120,39,Employed,84652.76,732,14258.09,3.16,60,Debt Consolidation,0.33,2025-03-31,0,Active
L04483,C02189,69,Employed,46079.11,712,18322.82,3.47,36,Debt Consolidation,0.355,2025-04-01,0,Active
L03392,C02758,32,Employed,108019.84,800,20069.15,3.0,24,Personal,0.133,2025-04-01,0,Active
L03265,C02548,49,Employed,73455.34,688,7529.68,3.63,60,Personal,0.166,2025-04-01,1,Default
L04740,C02568,33,Employed,61940.76,656,20000.21,4.3,36,Vehicle,0.298,2025-04-01,0,Active
L03384,C00138,50,Employed,60800.81,665,8438.36,5.28,60,Personal,0.24,2025-04-02,0,Active
L04171,C00059,30,Unemployed,42961.34,660,10152.96,4.9,36,Education,0.39,2025-04-02,0,Active
L04887,C02147,64,Employed,54306.32,783,35218.28,3.0,60,Vehicle,0.444,2025-04-03,0,Active
L00876,C03325,64,Employed,20383.49,735,11845.64,5.08,36,Home Improvement,0.415,2025-04-03,0,Active
L04308,C01138,62,Employed,30288.64,727,102671.94,3.0,60,Personal,0.7,2025-04-03,0,Active
L02527,C03233,35,Employed,65243.7,753,15173.31,3.0,60,Personal,0.374,2025-04-03,0,Active
L01779,C00615,54,Employed,46922.03,751,56048.61,3.3,48,Vehicle,0.7,2025-04-03,1,Default
L02764,C00956,21,Self-Employed,77371.62,699,30654.75,4.32,36,Debt Consolidation,0.364,2025-04-03,0,Active
L01809,C00739,51,Employed,82710.55,664,20497.52,5.33,48,Personal,0.322,2025-04-04,0,Active
L01370,C02071,37,Employed,70270.5,680,8835.9,4.19,60,Debt Consolidation,0.05,2025-04-04,0,Active
L03062,C01121,34,Employed,50184.72,696,9952.9,4.71,36,Debt Consolidation,0.255,2025-04-04,0,Active
L01899,C02737,40,Employed,48411.87,573,8765.58,6.11,60,Vehicle,0.345,2025-04-04,0,Active
L00111,C00380,69,Employed,38813.35,660,64040.81,3.32,60,Personal,0.7,2025-04-04,1,Default
L02544,C01001,28,Employed,23490.54,599,47560.09,6.51,60,Personal,0.7,2025-04-04,0,Active
L01978,C03219,66,Employed,49485.93,707,36706.01,3.57,60,Education,0.432,2025-04-04,0,Active
L03882,C02074,55,Employed,26593.65,625,10322.7,4.8,60,Personal,0.358,2025-04-05,0,Active
L04666,C00631,32,Employed,51620.32,780,10313.12,3.58,60,Vehicle,0.31,2025-04-05,0,Active
L04008,C00420,48,Employed,26323.58,743,11820.94,3.7,60,Personal,0.427,2025-04-05,1,Default
L03577,C01992,25,Employed,32556.66,746,95860.93,3.2,12,Personal,0.7,2025-04-05,0,Active
L00535,C01811,22,Employed,43576.0,648,18231.92,4.34,36,Home Improvement,0.407,2025-04-05,0,Active
L00464,C02807,53,Employed,38518.25,780,12742.29,3.0,36,Personal,0.304,2025-04-05,0,Active
L01546,C03150,33,Employed,73812.23,695,11088.34,4.8,48,Personal,0.217,2025-04-05,0,Active
L03749,C00949,48,Employed,38964.92,606,16845.56,5.83,60,Personal,0.404,2025-04-05,1,Default
L01409,C03418,28,Employed,34091.82,732,57388.27,3.0,60,Debt Consolidation,0.7,2025-04-05,0,Active
L03048,C02069,45,Self-Employed,27690.3,567,28027.03,6.62,36,Home Improvement,0.561,2025-04-05,1,Default
L00514,C01127,42,Employed,40919.9,596,13218.03,7.15,36,Debt Consolidation,0.223,2025-04-05,0,Active
L03344,C00432,35,Self-Employed,74844.61,814,16257.29,3.0,36,Education,0.303,2025-04-06,0,Active
L00931,C03157,68,Employed,46610.08,711,56376.21,3.0,48,Education,0.7,2025-04-06,1,Default
L00768,C01325,45,Self-Employed,78495.79,738,20280.75,3.0,36,Debt Consolidation,0.225,2025-04-06,0,Active
L02633,C01672,35,Employed,38404.31,718,11202.54,4.29,60,Debt Consolidation,0.291,2025-04-07,0,Active
L01662,C02682,22,Employed,28314.89,655,35614.12,5.7,12,Vehicle,0.7,2025-04-07,1,Default
L00392,C02486,62,Unemployed,41521.36,806,40188.19,3.0,60,Debt Consolidation,0.529,2025-04-08,0,Active
L02427,C02204,26,Employed,71854.64,513,15948.76,10.59,60,Debt Consolidation,0.232,2025-04-08,0,Active
L04642,C00225,41,Self-Employed,51737.12,683,46355.22,4.4,24,Personal,0.611,2025-04-08,0,Active
L01634,C00041,43,Employed,37274.38,596,24210.62,5.31,60,Personal,0.36,2025-04-08,0,Active
L01906,C01915,65,Employed,119964.5,678,43226.98,4.95,72,Debt Consolidation,0.442,2025-04-09,0,Active
L00577,C02142,68,Employed,46485.98,594,24982.45,6.46,60,Home Improvement,0.364,2025-04-09,1,Default
L01596,C01524,49,Employed,63627.19,695,16739.26,4.16,60,Debt Consolidation,0.272,2025-04-09,0,Active
L04493,C02266,48,Employed,56555.89,712,23919.22,5.95,36,Home Improvement,0.318,2025-04-09,0,Active
L02935,C02720,52,Employed,50898.96,551,33801.13,7.73,36,Vehicle,0.415,2025-04-09,0,Active
L00668,C02240,32,Unemployed,53351.65,777,35851.99,3.0,48,Vehicle,0.525,2025-04-10,0,Active
L04089,C02071,56,Self-Employed,86871.83,621,8887.67,5.06,36,Personal,0.146,2025-04-10,0,Active
L03072,C02774,23,Employed,34557.07,677,7285.12,3.86,60,Vehicle,0.256,2025-04-11,0,Active
L03113,C02398,56,Self-Employed,68515.21,762,38870.53,3.0,12,Debt Consolidation,0.421,2025-04-11,0,Active
L03446,C00906,38,Employed,53885.72,667,35243.67,4.78,60,Debt Consolidation,0.436,2025-04-11,0,Active
L01275,C02622,25,Employed,26417.54,569,40734.41,7.6,36,Vehicle,0.7,2025-04-12,0,Active
L01587,C00805,56,Employed,32344.22,589,26186.52,5.93,12,Personal,0.533,2025-04-12,1,Default
L01009,C02594,52,Unemployed,40742.13,678,10816.29,4.89,36,Vehicle,0.277,2025-04-12,0,Active
L04952,C01381,47,Employed,28128.47,573,22683.72,7.22,36,Education,0.41,2025-04-12,0,Active
L01418,C02419,28,Employed,87097.4,539,87750.91,8.87,60,Debt Consolidation,0.509,2025-04-13,1,Default
L01718,C01253,45,Employed,56860.79,560,18050.76,8.31,48,Vehicle,0.294,2025-04-13,0,Active
L00236,C01854,24,Employed,36497.49,725,13942.96,4.32,36,Personal,0.285,2025-04-14,0,Active
L02772,C01586,34,Self-Employed,56688.03,708,16649.16,5.03,48,Debt Consolidation,0.263,2025-04-14,1,Default
L04518,C00913,22,Employed,73678.0,721,17210.65,3.77,48,Vehicle,0.251,2025-04-14,0,Active
L03887,C02581,27,Employed,47187.52,727,8151.68,3.2,60,Vehicle,0.217,2025-04-15,0,Active
L02028,C02904,53,Employed,24090.12,746,11704.42,3.0,48,Debt Consolidation,0.24,2025-04-15,0,Active
L01965,C02397,32,Employed,36365.22,730,12778.77,3.0,36,Debt Consolidation,0.37,2025-04-15,0,Active
L00557,C00897,23,Employed,74393.37,520,21346.7,8.32,36,Personal,0.288,2025-04-15,0,Active
L04188,C02391,24,Unemployed,34517.89,589,43435.74,5.94,24,Debt Consolidation,0.7,2025-04-15,0,Active
L02606,C02667,43,Employed,62907.61,719,7434.15,3.0,48,Vehicle,0.123,2025-04-16,0,Active
L00756,C03237,66,Employed,26556.4,704,100936.32,3.0,48,Debt Consolidation,0.7,2025-04-16,0,Active
L03449,C02015,54,Self-Employed,71145.18,718,28492.29,3.97,60,Debt Consolidation,0.368,2025-04-16,1,Default
L01682,C01251,37,Employed,19648.16,637,20744.69,5.58,36,Vehicle,0.606,2025-04-17,0,Active
L02381,C02114,58,Employed,39491.28,653,22455.65,3.84,48,Personal,0.318,2025-04-17,0,Active
L04864,C01901,64,Unemployed,38202.25,709,50299.49,3.38,48,Vehicle,0.595,2025-04-17,1,Default
L02339,C00755,43,Employed,44799.71,668,56000.0,5.51,24,Debt Consolidation,0.7,2025-04-17,0,Active
L03219,C00461,50,Employed,73076.8,645,20516.12,5.76,36,Personal,0.362,2025-04-17,0,Active
L02823,C00286,57,Employed,73389.85,714,14968.29,4.55,60,Vehicle,0.235,2025-04-18,0,Active
L02247,C00716,53,Self-Employed,75623.88,744,10228.08,3.43,24,Home Improvement,0.165,2025-04-18,0,Active
L00135,C02089,53,Employed,72823.25,728,17089.96,3.0,24,Debt Consolidation,0.447,2025-04-18,0,Active
L02033,C02515,37,Self-Employed,59746.9,691,25500.32,3.87,60,Home Improvement,0.27,2025-04-18,0,Active
L02780,C02775,47,Employed,92925.35,727,20530.89,4.58,36,Home Improvement,0.188,2025-04-18,0,Active
L02169,C00117,49,Employed,57451.8,581,41188.34,5.47,60,Home Improvement,0.436,2025-04-18,1,Default
L00604,C01632,41,Employed,43035.75,647,13827.78,5.85,36,Debt Consolidation,0.21,2025-04-18,0,Active
L04221,C01238,33,Employed,36237.55,541,23764.6,9.86,48,Vehicle,0.451,2025-04-18,0,Active
L02252,C01108,23,Employed,20774.44,641,34942.49,4.99,24,Debt Consolidation,0.7,2025-04-19,0,Active
L04640,C00331,59,Self-Employed,45491.92,599,20093.31,6.05,24,Debt Consolidation,0.354,2025-04-19,0,Active
L03083,C02497,64,Employed,39551.49,677,30405.95,3.0,36,Debt Consolidation,0.622,2025-04-19,0,Active
L04575,C01549,43,Employed,59244.07,769,36067.08,3.0,12,Personal,0.414,2025-04-19,0,Active
L00972,C00578,55,Employed,37990.54,676,28193.77,5.23,24,Personal,0.439,2025-04-19,0,Active
L00986,C00447,26,Employed,55871.35,454,21775.02,9.51,36,Personal,0.407,2025-04-19,1,Default
L03305,C01796,36,Employed,38369.48,588,31567.39,5.69,24,Personal,0.58,2025-04-19,0,Active
L03460,C02298,32,Unemployed,97086.95,777,39669.88,3.0,36,Personal,0.353,2025-04-20,0,Active
L00549,C00634,22,Unemployed,33450.3,752,31666.0,3.0,48,Personal,0.543,2025-04-20,0,Active
L01383,C00828,63,Employed,45117.86,564,56866.49,6.06,36,Vehicle,0.7,2025-04-20,1,Default
L04837,C02594,40,Self-Employed,51352.51,754,19784.64,3.0,60,Vehicle,0.389,2025-04-20,0,Active
L01831,C00272,43,Employed,48377.92,597,41650.64,8.8,48,Debt Consolidation,0.534,2025-04-20,0,Active
L04569,C01462,36,Employed,30873.07,667,15276.72,4.8,24,Vehicle,0.412,2025-04-21,0,Active
L04982,C01435,48,Employed,51973.45,638,19414.04,4.81,36,Vehicle,0.376,2025-04-21,0,Active
L02156,C02254,25,Employed,52371.94,668,64882.04,4.79,24,Vehicle,0.7,2025-04-21,1,Default
L00907,C02843,57,Self-Employed,73791.97,555,65358.85,7.91,24,Vehicle,0.55,2025-04-21,1,Default
L02543,C02445,60,Employed,30422.46,691,33717.06,5.62,48,Education,0.567,2025-04-21,0,Active
L00227,C01258,56,Employed,64212.63,596,45229.54,5.99,48,Debt Consolidation,0.469,2025-04-21,1,Default
L02594,C02831,55,Employed,41571.21,717,27267.93,5.66,48,Personal,0.472,2025-04-22,0,Active
L02304,C02141,54,Employed,75779.51,719,7317.95,3.0,24,Home Improvement,0.184,2025-04-22,0,Active
L02763,C02876,42,Employed,62860.36,773,21531.27,3.0,48,Debt Consolidation,0.298,2025-04-23,0,Active
L03141,C00190,35,Employed,63070.16,709,22392.05,3.22,48,Debt Consolidation,0.413,2025-04-23,0,Active
L00856,C03388,67,Employed,67093.58,621,27714.03,6.74,48,Personal,0.368,2025-04-23,0,Active
L00536,C01082,52,Employed,45598.85,650,7292.3,4.86,12,Home Improvement,0.217,2025-04-23,0,Active
L02568,C02010,44,Employed,39925.12,625,17870.44,4.83,12,Home Improvement,0.393,2025-04-23,0,Active
L01390,C02936,34,Employed,33794.04,605,17107.77,8.55,12,Home Improvement,0.326,2025-04-23,0,Active
L03505,C03063,35,Employed,61130.52,776,28075.01,3.58,60,Personal,0.328,2025-04-24,0,Active
L01502,C00988,65,Employed,74072.99,663,21803.87,5.63,48,Personal,0.375,2025-04-24,0,Active
L02661,C01846,49,Employed,29694.92,763,21841.43,3.11,60,Home Improvement,0.559,2025-04-24,0,Active
L02891,C02002,43,Self-Employed,58859.62,710,7738.16,4.29,60,Debt Consolidation,0.172,2025-04-26,0,Active
L04774,C02202,55,Employed,36273.26,604,14080.73,5.96,24,Debt Consolidation,0.332,2025-04-26,0,Active
L04513,C03027,41,Employed,40917.63,691,22303.27,3.0,60,Home Improvement,0.434,2025-04-26,0,Active
L02796,C01017,40,Employed,86594.39,651,51748.79,5.66,48,Home Improvement,0.333,2025-04-27,0,Active
L03569,C02728,59,Self-Employed,40953.49,602,35261.08,7.48,36,Debt Consolidation,0.661,2025-04-27,0,Active
L04203,C00359,23,Employed,176340.65,690,13496.85,3.76,36,Debt Consolidation,0.174,2025-04-27,0,Active
L00715,C02996,69,Employed,52111.71,593,23681.88,5.42,48,Vehicle,0.385,2025-04-27,0,Active
L01871,C03416,31,Self-Employed,49570.74,703,72003.24,3.16,60,Home Improvement,0.7,2025-04-27,0,Active
L03298,C00822,62,Employed,94803.75,691,120736.51,3.0,48,Debt Consolidation,0.7,2025-04-27,0,Active
L04155,C02533,21,Unemployed,96612.47,634,26482.49,4.14,48,Vehicle,0.316,2025-04-28,0,Active
L03039,C00624,56,Employed,25647.94,713,18355.02,4.63,72,Debt Consolidation,0.435,2025-04-28,0,Active
L04349,C03199,50,Self-Employed,45499.83,718,29240.9,3.0,36,Vehicle,0.541,2025-04-28,0,Active
L03675,C00646,29,Employed,42252.49,591,52088.53,6.46,60,Debt Consolidation,0.7,2025-04-28,0,Active
L02344,C01292,43,Employed,89259.41,789,58593.53,3.0,60,Debt Consolidation,0.385,2025-04-28,1,Default
L01375,C02444,55,Self-Employed,50452.38,685,34491.65,5.53,36,Personal,0.508,2025-04-28,1,Default
L02349,C02915,44,Employed,28857.8,705,23472.72,5.12,60,Home Improvement,0.459,2025-04-28,0,Active
L01544,C02144,62,Employed,54795.2,727,12059.36,4.44,48,Vehicle,0.264,2025-04-28,0,Active
L04461,C01112,42,Employed,83315.26,742,27340.74,3.89,36,Education,0.354,2025-04-28,0,Active
L00085,C02614,68,Employed,35666.67,638,59320.94,5.94,24,Education,0.7,2025-04-29,1,Default
L00409,C03121,32,Employed,37119.84,757,23216.03,3.0,60,Home Improvement,0.411,2025-04-29,1,Default
L00608,C00516,57,Employed,54478.58,689,29170.61,5.38,24,Personal,0.394,2025-04-29,0,Active
L00842,C02784,27,Self-Employed,22429.61,783,42183.16,3.0,72,Debt Consolidation,0.7,2025-04-29,0,Active
L04201,C00300,27,Employed,48689.09,725,53573.77,3.0,24,Home Improvement,0.602,2025-04-30,0,Active
L01391,C01864,57,Employed,53720.46,664,22186.66,4.7,48,Home Improvement,0.293,2025-04-30,0,Active
L01017,C00761,30,Employed,66310.58,646,45804.4,5.13,48,Vehicle,0.418,2025-04-30,0,Active
L03810,C01144,22,Unemployed,23529.07,576,12509.85,5.99,72,Vehicle,0.464,2025-04-30,1,Default
L03800,C03145,42,Employed,49677.59,718,45312.99,3.0,48,Home Improvement,0.454,2025-05-01,0,Active
L02910,C01961,51,Employed,74154.43,550,90035.99,7.02,48,Debt Consolidation,0.678,2025-05-01,0,Active
L02385,C02047,34,Self-Employed,104712.96,642,3851.74,6.97,36,Debt Consolidation,0.197,2025-05-01,0,Active
L02180,C00338,28,Employed,50599.98,769,42739.86,3.23,24,Debt Consolidation,0.556,2025-05-01,0,Active
L01812,C02462,32,Employed,35791.22,704,33541.61,3.0,60,Vehicle,0.583,2025-05-01,0,Active
L03902,C01516,40,Employed,63996.25,712,20632.83,4.11,36,Home Improvement,0.232,2025-05-02,0,Active
L03436,C00618,60,Employed,90570.84,748,22516.32,3.0,60,Personal,0.358,2025-05-02,1,Default
L01426,C02361,30,Employed,50985.45,703,18557.73,4.5,60,Vehicle,0.425,2025-05-02,0,Active
L02354,C01623,68,Employed,39383.19,633,47433.05,6.23,12,Education,0.7,2025-05-02,0,Active
L03074,C02993,46,Employed,40986.26,807,33148.05,3.0,60,Vehicle,0.546,2025-05-02,0,Active
L03794,C01299,34,Self-Employed,33508.74,640,49427.07,6.88,60,Home Improvement,0.7,2025-05-02,0,Active
L02867,C00012,26,Self-Employed,31366.67,606,26641.82,8.32,36,Personal,0.541,2025-05-02,1,Default
L00405,C00816,25,Employed,38803.06,660,12706.4,5.49,36,Vehicle,0.242,2025-05-03,0,Active
L03186,C00780,24,Employed,94625.41,711,71643.77,3.43,60,Education,0.468,2025-05-03,0,Active
L00048,C01900,67,Self-Employed,40652.85,762,17171.15,3.0,12,Personal,0.361,2025-05-04,0,Active
L04469,C01856,63,Employed,156956.84,550,6457.41,8.29,36,Personal,0.109,2025-05-04,0,Active
L02587,C00012,27,Unemployed,29876.26,842,13444.5,3.0,36,Personal,0.311,2025-05-05,0,Active
L00440,C02066,63,Employed,42036.46,715,12843.92,3.0,12,Vehicle,0.368,2025-05-05,0,Active
L00700,C00076,40,Employed,87099.35,666,15887.0,5.15,24,Vehicle,0.297,2025-05-05,0,Active
L02902,C02881,54,Unemployed,22847.41,589,13682.68,5.87,60,Vehicle,0.402,2025-05-05,1,Default
L02127,C00792,31,Employed,107294.67,660,17269.99,6.26,60,Home Improvement,0.222,2025-05-05,0,Active
L01515,C01482,68,Employed,57705.41,691,22415.71,5.71,24,Home Improvement,0.291,2025-05-05,1,Default
L04943,C00581,34,Employed,47759.77,685,30508.3,3.28,48,Debt Consolidation,0.518,2025-05-05,0,Active
L04354,C03176,50,Employed,91450.44,588,48932.46,7.18,36,Vehicle,0.35,2025-05-06,0,Active
L04111,C01811,46,Employed,43541.32,594,13106.83,5.98,24,Vehicle,0.153,2025-05-06,0,Active
L00077,C02254,39,Employed,19520.59,808,21529.99,3.0,24,Personal,0.7,2025-05-06,0,Active
L03030,C01941,53,Employed,73754.76,655,21084.85,4.95,60,Home Improvement,0.242,2025-05-07,0,Active
L03046,C03494,21,Employed,48572.39,545,30482.5,8.4,24,Vehicle,0.476,2025-05-07,1,Default
L02585,C01178,52,Employed,41467.32,767,26740.52,3.0,36,Vehicle,0.436,2025-05-07,0,Active
L00009,C00467,37,Employed,108022.13,651,20560.99,5.03,36,Personal,0.297,2025-05-07,0,Active
L00182,C01679,46,Employed,55780.48,615,73357.92,6.05,60,Personal,0.7,2025-05-07,0,Active
L02849,C02497,34,Employed,47677.25,688,14956.04,3.42,12,Debt Consolidation,0.347,2025-05-07,1,Default
L00827,C01556,64,Employed,53820.7,838,36135.7,3.0,60,Personal,0.413,2025-05-07,0,Active
L04962,C00384,31,Employed,64788.72,742,8842.53,3.0,12,Vehicle,0.211,2025-05-07,0,Active
L03156,C03360,31,Employed,62637.23,547,58415.81,9.58,48,Vehicle,0.526,2025-05-08,1,Default
L03068,C00715,53,Self-Employed,50935.94,712,24492.45,3.52,24,Personal,0.406,2025-05-08,0,Active
L01655,C00455,51,Employed,76272.77,760,24888.1,3.04,12,Vehicle,0.226,2025-05-08,0,Active
L04522,C02919,54,Employed,39834.12,629,26312.63,4.71,48,Vehicle,0.568,2025-05-08,0,Active
L00002,C00861,54,Employed,115092.56,737,20888.82,3.0,24,Vehicle,0.229,2025-05-09,0,Active
L04912,C03219,28,Employed,18276.78,623,24715.93,7.95,12,Home Improvement,0.64,2025-05-09,0,Active
L02977,C01404,31,Self-Employed,31813.67,780,134371.65,3.0,48,Vehicle,0.7,2025-05-09,0,Active
L01595,C01891,47,Employed,60153.37,462,19174.91,10.1,60,Debt Consolidation,0.22,2025-05-09,1,Default
L02408,C01707,49,Employed,43424.71,568,33470.37,8.17,48,Debt Consolidation,0.568,2025-05-10,1,Default
L02755,C01377,24,Employed,30827.84,609,18773.4,6.44,72,Education,0.415,2025-05-10,1,Default
L03037,C00546,55,Employed,30162.04,760,12272.24,3.0,72,Debt Consolidation,0.452,2025-05-10,0,Active
L02312,C00159,36,Employed,129367.43,656,19485.71,4.24,60,Education,0.312,2025-05-10,0,Active
L03034,C00629,63,Employed,37369.74,641,77900.06,5.99,48,Vehicle,0.7,2025-05-10,0,Active
L01638,C01701,24,Employed,20605.74,751,37544.09,3.17,48,Vehicle,0.7,2025-05-11,0,Active
L04809,C00137,46,Employed,31409.54,592,33441.44,7.02,36,Personal,0.627,2025-05-11,0,Active
L04742,C00493,43,Employed,127527.83,670,29509.39,5.2,36,Vehicle,0.148,2025-05-11,0,Active
L00867,C01225,37,Employed,41384.33,701,8815.46,3.04,48,Personal,0.357,2025-05-11,0,Active
L04158,C01573,61,Unemployed,93378.59,637,11221.73,7.03,36,Debt Consolidation,0.241,2025-05-12,0,Active
L04253,C01606,49,Employed,94779.54,652,27941.33,6.67,60,Home Improvement,0.371,2025-05-12,0,Active
L00106,C01077,39,Employed,61950.57,742,15463.13,3.29,60,Education,0.377,2025-05-13,0,Active
L01038,C03123,37,Employed,29996.62,741,9589.0,3.0,24,Debt Consolidation,0.367,2025-05-13,1,Default
L03288,C01405,31,Employed,38113.56,689,33775.09,3.76,60,Debt Consolidation,0.451,2025-05-13,0,Active
L00797,C02435,67,Employed,94801.59,755,7937.09,3.42,60,Education,0.147,2025-05-13,0,Active
L02268,C03199,38,Self-Employed,41155.76,584,10434.09,6.05,12,Vehicle,0.302,2025-05-14,0,Active
L01037,C02682,33,Unemployed,71830.61,604,20301.54,5.7,48,Personal,0.333,2025-05-15,1,Default
L04202,C00139,59,Employed,44263.39,614,33598.97,6.94,36,Debt Consolidation,0.493,2025-05-15,1,Default
L02735,C02507,36,Self-Employed,38347.69,605,23340.87,5.62,36,Home Improvement,0.383,2025-05-16,0,Active
L01135,C00623,44,Employed,38105.69,691,14320.18,3.57,24,Vehicle,0.37,2025-05-16,0,Active
L02911,C02950,38,Employed,91036.36,687,35480.49,3.55,12,Debt Consolidation,0.327,2025-05-16,0,Active
L01098,C00919,29,Employed,97645.53,687,7337.74,3.0,60,Home Improvement,0.205,2025-05-17,0,Active
L04662,C00516,32,Employed,78464.43,738,22438.47,3.0,60,Home Improvement,0.28,2025-05-17,1,Default
L04199,C01004,62,Self-Employed,32673.43,621,15716.95,5.99,48,Vehicle,0.447,2025-05-17,0,Active
L00837,C02704,37,Employed,22699.98,690,116575.78,3.0,48,Education,0.7,2025-05-17,1,Default
L02688,C03226,59,Employed,43932.4,764,37796.05,3.32,12,Debt Consolidation,0.434,2025-05-17,0,Active
L03918,C00283,22,Employed,67896.91,656,22086.22,4.72,36,Vehicle,0.265,2025-05-17,0,Active
L00076,C00035,60,Unemployed,91913.41,661,40004.25,7.0,48,Home Improvement,0.43,2025-05-17,1,Default
L03303,C02086,39,Employed,41550.46,808,25676.98,3.0,72,Vehicle,0.504,2025-05-18,0,Active
L04162,C03159,31,Self-Employed,82049.35,625,9959.69,6.42,48,Debt Consolidation,0.293,2025-05-18,0,Active
L04964,C00342,44,Self-Employed,82357.05,745,142994.36,3.0,36,Vehicle,0.7,2025-05-18,0,Active
L02204,C01110,44,Employed,37936.12,785,12652.32,3.0,36,Education,0.219,2025-05-19,0,Active
L03756,C01788,43,Unemployed,85551.38,648,46458.16,6.19,36,Vehicle,0.358,2025-05-19,0,Active
L02324,C02200,41,Employed,180000.0,678,12611.33,3.96,60,Education,0.155,2025-05-19,0,Active
L04478,C00428,68,Self-Employed,43483.31,684,44271.93,4.27,72,Debt Consolidation,0.662,2025-05-20,0,Active
L02174,C01088,67,Employed,26787.28,682,40904.47,3.16,48,Vehicle,0.7,2025-05-20,0,Active
L00727,C03295,44,Employed,46030.27,759,13131.34,3.36,48,Debt Consolidation,0.259,2025-05-21,0,Active
L00189,C03315,40,Self-Employed,65334.72,674,15221.27,4.67,36,Education,0.345,2025-05-21,0,Active
L03992,C03322,53,Employed,89942.58,658,9633.94,5.03,12,Debt Consolidation,0.127,2025-05-21,0,Active
L03376,C00075,65,Self-Employed,57890.05,631,92847.01,7.59,36,Debt Consolidation,0.7,2025-05-21,0,Active
L03285,C01125,30,Self-Employed,58475.18,688,22289.44,3.14,24,Debt Consolidation,0.41,2025-05-21,0,Active
L04441,C01490,53,Employed,28556.88,604,62865.59,5.42,72,Home Improvement,0.7,2025-05-21,0,Active
L04717,C02994,25,Self-Employed,37605.75,673,82434.42,4.09,60,Vehicle,0.7,2025-05-22,1,Default
L04048,C01105,35,Self-Employed,72084.45,713,23983.93,4.91,48,Vehicle,0.322,2025-05-22,1,Default
L04372,C00358,64,Self-Employed,36683.33,544,5932.63,9.07,60,Education,0.32,2025-05-22,0,Active
L03264,C01417,43,Employed,83240.91,619,21189.72,6.68,60,Personal,0.214,2025-05-22,0,Active
L04545,C03238,49,Employed,53462.0,765,23961.87,3.0,24,Vehicle,0.358,2025-05-23,0,Active
L03987,C01953,31,Employed,66810.07,747,12425.62,3.0,36,Personal,0.146,2025-05-23,1,Default
L01947,C02376,58,Employed,48393.62,721,10920.69,3.0,36,Debt Consolidation,0.277,2025-05-23,0,Active
L00970,C01253,39,Employed,29906.37,632,15849.2,6.47,48,Vehicle,0.285,2025-05-23,1,Default
L02485,C00129,30,Self-Employed,48220.29,726,42432.54,3.21,24,Debt Consolidation,0.464,2025-05-23,0,Active
L03967,C01575,27,Employed,41570.88,641,26985.42,5.43,12,Vehicle,0.455,2025-05-23,1,Default
L04831,C00010,38,Employed,59268.03,780,29908.56,3.0,60,Home Improvement,0.319,2025-05-23,0,Active
L02371,C00504,57,Self-Employed,50010.62,576,39278.4,7.06,60,Vehicle,0.495,2025-05-24,1,Default
L01035,C01970,69,Unemployed,94023.37,714,15122.98,3.0,60,Home Improvement,0.12,2025-05-24,0,Active
L02122,C01981,58,Employed,35824.74,621,19609.87,4.64,48,Personal,0.403,2025-05-24,0,Active
L04754,C00580,26,Employed,36550.48,628,48191.31,5.11,36,Home Improvement,0.651,2025-05-24,1,Default
L02660,C01799,27,Employed,52532.73,684,31526.97,4.34,72,Personal,0.439,2025-05-25,0,Active
L03342,C00868,29,Employed,39450.22,743,20026.56,3.0,60,Personal,0.391,2025-05-25,0,Active
L02804,C02960,68,Employed,26675.25,525,83605.6,9.36,36,Debt Consolidation,0.7,2025-05-25,1,Default
L03776,C01566,22,Employed,30272.35,740,22990.43,3.0,60,Debt Consolidation,0.513,2025-05-25,0,Active
L01999,C00826,37,Employed,54734.69,691,18386.89,3.31,36,Vehicle,0.274,2025-05-25,0,Active
L01773,C00990,66,Self-Employed,31983.11,648,18538.21,4.25,60,Home Improvement,0.413,2025-05-26,0,Active
L02030,C00675,64,Employed,35931.52,610,49919.46,5.37,48,Debt Consolidation,0.7,2025-05-26,1,Default
L00141,C02978,34,Employed,79088.79,725,21956.99,3.0,24,Home Improvement,0.3,2025-05-26,0,Active
L02727,C00770,63,Unemployed,52190.73,813,48876.78,3.0,48,Home Improvement,0.497,2025-05-26,0,Active
L02078,C03105,38,Self-Employed,40931.99,689,13177.22,5.73,48,Home Improvement,0.208,2025-05-26,0,Active
L03267,C02646,27,Self-Employed,71017.11,702,35636.48,4.67,60,Debt Consolidation,0.379,2025-05-26,1,Default
L03246,C00449,38,Self-Employed,107758.64,581,33566.69,9.08,24,Debt Consolidation,0.16,2025-05-26,0,Active
L01757,C01818,44,Unemployed,50351.76,619,7209.17,7.46,36,Education,0.16,2025-05-26,0,Active
L02201,C01696,54,Employed,103834.43,685,13455.8,3.8,60,Debt Consolidation,0.293,2025-05-27,0,Active
L00045,C02735,69,Self-Employed,57472.83,612,24231.02,6.4,72,Vehicle,0.438,2025-05-27,0,Active
L04410,C03385,60,Self-Employed,53965.8,695,27502.65,3.0,60,Education,0.315,2025-05-27,1,Default
L04624,C00033,51,Self-Employed,105505.36,753,25040.13,3.0,36,Vehicle,0.285,2025-05-27,0,Active
L02058,C00886,24,Employed,65184.7,765,13926.32,3.0,24,Vehicle,0.208,2025-05-27,0,Active
L00977,C00764,24,Employed,51861.38,747,38894.6,3.0,60,Debt Consolidation,0.494,2025-05-28,0,Active
L03872,C03373,33,Self-Employed,31891.54,588,82287.54,7.04,72,Personal,0.7,2025-05-28,0,Active
L03767,C02936,32,Unemployed,38059.18,647,10418.47,4.4,60,Debt Consolidation,0.406,2025-05-28,1,Default
L01958,C00973,59,Employed,74431.48,636,11223.94,5.71,24,Home Improvement,0.144,2025-05-29,0,Active
L00019,C03381,45,Self-Employed,47694.6,783,5767.32,3.0,12,Debt Consolidation,0.284,2025-05-29,0,Active
L01784,C02668,65,Self-Employed,55272.97,688,38495.99,3.92,36,Personal,0.412,2025-05-29,0,Active
L01047,C02693,47,Employed,55746.04,654,24641.22,6.14,12,Vehicle,0.335,2025-05-29,0,Active
L02774,C03062,67,Employed,25239.89,642,26989.59,6.08,36,Home Improvement,0.7,2025-05-29,0,Active
L03560,C02792,30,Employed,43381.37,746,13448.97,3.0,24,Home Improvement,0.36,2025-05-29,0,Active
L02372,C02279,48,Employed,45907.96,694,28008.47,3.38,24,Vehicle,0.517,2025-05-29,0,Active
L02778,C00342,40,Employed,96026.26,653,9277.45,5.21,36,Vehicle,0.247,2025-05-30,0,Active
L03322,C02584,32,Employed,56051.57,776,26021.22,3.0,48,Personal,0.321,2025-05-30,0,Active
L01839,C00340,37,Employed,33230.96,660,39706.4,6.79,48,Home Improvement,0.7,2025-05-30,1,Default
L03494,C01932,67,Employed,86686.15,593,10997.13,5.63,36,Debt Consolidation,0.203,2025-05-30,0,Active
L04460,C03415,25,Self-Employed,69426.1,681,56331.61,5.22,36,Vehicle,0.536,2025-05-30,0,Active
L04633,C00484,43,Employed,39257.53,704,15360.57,3.01,60,Debt Consolidation,0.36,2025-05-30,0,Active
L03901,C02902,52,Employed,87060.83,740,23594.33,4.03,36,Home Improvement,0.337,2025-05-31,0,Active
L03789,C01968,58,Self-Employed,70717.37,663,33698.21,6.4,36,Vehicle,0.29,2025-05-31,0,Active
L00658,C03492,35,Self-Employed,44310.4,566,25115.99,8.24,60,Vehicle,0.553,2025-05-31,1,Default
L01162,C02398,66,Employed,40563.11,589,7822.2,9.12,60,Debt Consolidation,0.199,2025-05-31,1,Default
L04426,C03086,31,Employed,39995.64,678,14279.16,3.97,36,Vehicle,0.275,2025-06-01,0,Active
L03706,C01099,21,Employed,58069.24,642,28142.49,5.28,36,Vehicle,0.356,2025-06-01,1,Default
L02307,C00353,36,Employed,56620.54,662,17188.68,6.12,60,Education,0.258,2025-06-01,0,Active
L01472,C01384,55,Employed,101283.41,599,59088.73,6.13,48,Vehicle,0.389,2025-06-02,0,Active
L00503,C00838,35,Employed,23773.18,646,29431.66,5.29,48,Personal,0.605,2025-06-02,0,Active
L04726,C03462,69,Employed,69092.19,675,16439.61,4.84,36,Personal,0.05,2025-06-02,0,Active
L02871,C02726,65,Unemployed,38972.79,682,20945.64,4.49,60,Debt Consolidation,0.302,2025-06-03,0,Active
L01357,C03364,24,Self-Employed,34614.84,494,18974.32,10.19,60,Home Improvement,0.317,2025-06-03,1,Default
L00993,C01020,59,Self-Employed,96381.83,526,23414.55,8.95,60,Personal,0.192,2025-06-03,0,Active
L01011,C01474,28,Employed,34148.95,679,40821.28,3.51,36,Debt Consolidation,0.631,2025-06-04,1,Default
L01170,C01064,38,Employed,36949.91,624,9930.97,5.36,48,Education,0.283,2025-06-04,0,Active
L03541,C00571,56,Unemployed,53178.11,624,54015.65,5.99,12,Vehicle,0.641,2025-06-04,0,Active
L00674,C02144,42,Employed,59094.91,629,21397.69,6.12,48,Personal,0.199,2025-06-04,0,Active
L02941,C02711,22,Employed,43804.81,762,47824.58,3.12,24,Vehicle,0.7,2025-06-05,0,Active
L00041,C00976,26,Employed,74251.16,717,33715.46,3.0,12,Vehicle,0.318,2025-06-05,0,Active
L00961,C03038,47,Self-Employed,35276.13,642,67972.54,3.7,36,Education,0.7,2025-06-05,0,Active
L02440,C00282,44,Employed,94564.28,716,17988.42,4.58,36,Personal,0.205,2025-06-05,0,Active
L01057,C03145,57,Employed,34386.24,702,18065.55,3.14,36,Debt Consolidation,0.243,2025-06-05,1,Default
L04521,C01328,54,Employed,50323.25,671,12577.97,3.55,60,Home Improvement,0.353,2025-06-05,0,Active
L02518,C03125,25,Employed,38774.3,683,36978.04,3.46,48,Personal,0.444,2025-06-06,0,Active
L03537,C00588,50,Self-Employed,18874.74,641,21152.85,5.46,72,Vehicle,0.663,2025-06-06,1,Default
L04121,C00817,62,Employed,55987.14,561,31767.78,7.45,48,Vehicle,0.452,2025-06-07,0,Active
L01953,C00037,60,Employed,37710.84,652,10571.35,5.43,36,Debt Consolidation,0.296,2025-06-07,1,Default
L04227,C02568,45,Unemployed,90375.31,709,18728.62,3.03,60,Personal,0.247,2025-06-07,0,Active
L02193,C00779,68,Employed,26582.98,616,83475.14,6.16,36,Debt Consolidation,0.7,2025-06-07,0,Active
L00472,C01530,49,Employed,45130.06,727,33150.84,3.06,36,Vehicle,0.442,2025-06-07,0,Active
L04450,C01465,46,Employed,62533.97,580,19830.05,6.38,24,Vehicle,0.219,2025-06-07,0,Active
L02936,C01885,35,Employed,85755.83,698,17394.21,3.06,36,Home Improvement,0.276,2025-06-08,0,Active
L02940,C01084,66,Unemployed,75810.33,660,79767.38,4.99,72,Personal,0.63,2025-06-08,1,Default
L00889,C03323,28,Employed,27345.32,705,27737.06,3.67,48,Home Improvement,0.627,2025-06-08,0,Active
L00245,C03000,29,Employed,40995.19,548,11839.38,8.83,60,Personal,0.206,2025-06-08,0,Active
L04723,C02325,43,Employed,19507.12,562,28793.71,7.03,60,Home Improvement,0.7,2025-06-08,0,Active
L04627,C02804,50,Employed,38542.01,692,28422.91,4.46,60,Debt Consolidation,0.523,2025-06-08,0,Active
L00916,C02871,42,Employed,29017.71,703,27506.81,3.0,12,Personal,0.621,2025-06-08,1,Default
L00011,C00331,68,Unemployed,93547.18,659,17040.07,4.52,60,Education,0.222,2025-06-09,0,Active
L03694,C01242,52,Employed,25241.26,687,25952.4,4.66,72,Home Improvement,0.561,2025-06-09,0,Active
L02383,C01253,65,Employed,35454.38,663,15645.32,6.52,48,Debt Consolidation,0.257,2025-06-09,0,Active
L01810,C03242,34,Self-Employed,53848.39,749,39903.88,3.0,60,Debt Consolidation,0.429,2025-06-09,0,Active
L00676,C02711,41,Unemployed,41813.38,671,45864.83,5.04,48,Debt Consolidation,0.7,2025-06-10,0,Active
L00569,C00997,63,Self-Employed,44316.97,710,21959.45,3.0,60,Home Improvement,0.362,2025-06-10,0,Active
L02262,C03462,33,Employed,114432.25,719,52983.55,4.68,36,Vehicle,0.263,2025-06-10,0,Active
L03095,C01669,60,Employed,79459.86,709,26049.69,3.0,24,Debt Consolidation,0.206,2025-06-10,0,Active
L04428,C02460,28,Employed,43757.18,596,20344.79,7.16,60,Personal,0.412,2025-06-10,0,Active
L03750,C03374,32,Self-Employed,35460.87,629,11653.75,7.55,36,Vehicle,0.34,2025-06-10,0,Active
L01015,C01907,52,Employed,32503.13,771,39751.4,3.0,60,Home Improvement,0.656,2025-06-11,0,Active
L01882,C00885,37,Employed,66437.31,670,18478.54,3.18,48,Education,0.228,2025-06-11,0,Active
L04040,C00629,41,Employed,24713.16,606,13640.95,7.0,24,Vehicle,0.33,2025-06-11,0,Active
L04761,C02494,30,Self-Employed,78203.19,666,13640.78,4.31,24,Debt Consolidation,0.231,2025-06-12,0,Active
L01199,C01669,30,Employed,41701.62,727,48963.51,3.39,48,Debt Consolidation,0.63,2025-06-12,0,Active
L03440,C00903,32,Unemployed,38831.91,620,18675.11,5.3,36,Home Improvement,0.359,2025-06-12,0,Active
L01838,C03431,55,Self-Employed,49562.84,722,18017.74,3.34,48,Personal,0.225,2025-06-12,0,Active
L03453,C01580,49,Self-Employed,57979.29,617,7833.79,5.4,36,Home Improvement,0.218,2025-06-13,0,Active
L03164,C03474,30,Employed,70183.4,652,49575.33,3.78,12,Personal,0.517,2025-06-13,0,Active
L00908,C00689,46,Employed,30041.14,728,22240.49,3.11,48,Debt Consolidation,0.439,2025-06-13,0,Active
L04658,C01103,21,Unemployed,39820.92,613,50966.16,6.93,36,Personal,0.7,2025-06-13,1,Default
L03703,C00943,65,Employed,49743.95,692,39264.99,3.0,72,Vehicle,0.598,2025-06-14,0,Active
L01863,C02109,40,Employed,43146.21,599,6726.13,5.95,36,Debt Consolidation,0.167,2025-06-14,0,Active
L04905,C01423,52,Employed,108243.61,668,35286.85,6.03,36,Vehicle,0.168,2025-06-14,0,Active
L00769,C01156,34,Employed,65138.98,615,46641.87,6.63,72,Debt Consolidation,0.488,2025-06-14,1,Default
L02313,C01978,48,Employed,43977.94,850,48980.87,3.0,48,Vehicle,0.616,2025-06-14,0,Active
L00888,C03314,60,Employed,43758.45,713,37978.72,3.13,24,Personal,0.473,2025-06-14,0,Active
L04767,C02322,36,Employed,77243.76,729,48788.38,3.0,48,Vehicle,0.523,2025-06-14,0,Active
L00125,C01523,68,Employed,30171.72,677,6156.74,5.06,60,Debt Consolidation,0.223,2025-06-14,0,Active
L04520,C01526,33,Self-Employed,30819.29,783,25414.14,3.0,48,Vehicle,0.591,2025-06-14,0,Active
L02275,C03084,33,Employed,79222.89,728,22660.87,4.26,60,Home Improvement,0.232,2025-06-14,0,Active
L04981,C01136,62,Employed,65698.5,587,27493.55,6.96,48,Personal,0.381,2025-06-16,0,Active
L00412,C01244,23,Employed,27878.31,740,8975.95,3.55,60,Vehicle,0.321,2025-06-16,0,Active
L01059,C02297,48,Self-Employed,66338.57,610,47736.79,4.99,48,Home Improvement,0.415,2025-06-16,0,Active
L02432,C01275,68,Self-Employed,80885.55,717,17394.66,4.18,24,Vehicle,0.249,2025-06-16,0,Active
L02790,C00662,42,Employed,36888.97,737,47501.41,3.0,12,Vehicle,0.7,2025-06-16,0,Active
L00215,C02681,49,Unemployed,68831.22,809,6926.98,3.0,24,Debt Consolidation,0.16,2025-06-17,0,Active
L04110,C03220,33,Employed,79718.04,598,37224.49,7.13,36,Debt Consolidation,0.344,2025-06-17,0,Active
L01476,C01760,42,Employed,51273.98,747,41512.86,3.0,12,Education,0.534,2025-06-17,0,Active
L00254,C01760,37,Employed,63234.8,684,12271.37,4.24,36,Home Improvement,0.237,2025-06-17,0,Active
L04525,C01577,23,Self-Employed,53615.55,612,73270.68,6.69,60,Vehicle,0.7,2025-06-17,1,Default
L02456,C02741,25,Employed,27447.07,653,20851.69,5.03,60,Vehicle,0.492,2025-06-17,0,Active
L02922,C01604,46,Employed,62469.38,656,7823.15,5.94,72,Debt Consolidation,0.31,2025-06-17,1,Default
L02901,C01806,49,Unemployed,33051.42,596,53866.0,6.05,36,Vehicle,0.697,2025-06-18,1,Default
L03005,C02294,29,Employed,81186.27,604,52091.41,6.8,36,Debt Consolidation,0.469,2025-06-18,1,Default
L01545,C01112,32,Employed,60582.55,553,14651.03,9.45,24,Personal,0.314,2025-06-18,0,Active
L01582,C00471,65,Employed,28809.07,839,16292.73,3.0,60,Personal,0.335,2025-06-18,0,Active
L02419,C02735,54,Self-Employed,66057.21,706,67905.02,3.06,12,Home Improvement,0.7,2025-06-18,0,Active
L04108,C03265,47,Employed,57802.46,718,9121.62,3.42,36,Home Improvement,0.18,2025-06-18,0,Active
L04200,C01557,43,Employed,42290.5,691,26570.36,3.0,36,Home Improvement,0.464,2025-06-18,0,Active
L02646,C03423,60,Self-Employed,60225.13,630,19848.16,5.57,24,Debt Consolidation,0.317,2025-06-18,0,Active
L03060,C00572,27,Employed,37903.4,576,14914.88,7.9,48,Vehicle,0.32,2025-06-19,0,Active
L04560,C02322,66,Employed,78690.02,703,12620.94,3.0,48,Vehicle,0.207,2025-06-19,0,Active
L02859,C01443,32,Self-Employed,108211.54,787,59922.56,3.0,60,Personal,0.399,2025-06-19,0,Active
L02351,C02148,60,Self-Employed,30001.43,742,15417.37,3.15,72,Vehicle,0.473,2025-06-19,0,Active
L01382,C01640,27,Unemployed,50579.96,526,55364.49,9.75,36,Vehicle,0.646,2025-06-20,1,Default
L04472,C00633,46,Self-Employed,35335.72,810,47666.51,3.0,60,Education,0.7,2025-06-20,0,Active
L03520,C01518,24,Employed,72614.87,659,63121.2,6.06,72,Vehicle,0.564,2025-06-20,0,Active
L00770,C01828,31,Employed,27300.71,594,11066.48,6.22,24,Debt Consolidation,0.36,2025-06-20,0,Active
L02009,C02404,58,Employed,95021.13,640,32503.8,5.88,12,Vehicle,0.381,2025-06-20,0,Active
L03273,C02257,67,Employed,50347.81,680,23265.54,5.14,48,Education,0.458,2025-06-20,0,Active
L00040,C02748,26,Employed,32722.67,745,32777.29,3.0,60,Debt Consolidation,0.7,2025-06-21,0,Active
L03824,C01678,39,Unemployed,56204.84,667,13883.17,5.7,24,Debt Consolidation,0.236,2025-06-22,1,Default
L02299,C02972,48,Employed,29589.7,772,38862.14,3.53,24,Vehicle,0.7,2025-06-22,0,Active
L00046,C03006,32,Employed,68565.71,698,14106.54,4.45,60,Debt Consolidation,0.262,2025-06-22,0,Active
L04652,C00489,52,Employed,45214.0,628,9977.77,3.13,72,Vehicle,0.404,2025-06-22,0,Active
L00955,C03378,37,Self-Employed,18000.0,704,37917.52,5.59,60,Personal,0.7,2025-06-22,0,Active
L00806,C00824,35,Unemployed,44267.07,698,30159.76,5.16,48,Debt Consolidation,0.507,2025-06-23,0,Active
L00001,C03175,52,Employed,35220.2,641,46717.17,4.51,60,Debt Consolidation,0.7,2025-06-23,1,Default
L01777,C00402,44,Employed,37998.39,660,19505.93,6.86,60,Personal,0.389,2025-06-23,0,Active
L01949,C01200,62,Employed,34748.14,667,17422.3,4.29,48,Personal,0.41,2025-06-23,0,Active
L01402,C03369,46,Unemployed,81752.91,784,19355.96,3.0,60,Debt Consolidation,0.252,2025-06-23,0,Active
L03833,C00068,57,Unemployed,53646.32,593,12460.1,6.81,36,Debt Consolidation,0.289,2025-06-23,0,Active
L02089,C02001,28,Employed,42625.69,620,17435.96,3.4,24,Vehicle,0.31,2025-06-24,0,Active
L02232,C01329,38,Employed,22581.59,591,19856.13,6.3,24,Debt Consolidation,0.595,2025-06-24,0,Active
L03465,C02011,59,Employed,21086.6,785,38737.21,3.0,60,Personal,0.7,2025-06-24,0,Active
L04517,C02858,35,Employed,51240.5,679,12199.31,5.44,36,Education,0.302,2025-06-24,0,Active
L00414,C02525,42,Employed,96654.24,744,33173.39,5.02,60,Vehicle,0.36,2025-06-25,0,Active
L04616,C02793,41,Employed,22177.35,578,24018.06,6.47,60,Education,0.656,2025-06-25,1,Default
L03961,C00553,44,Employed,50906.62,684,11564.08,4.42,60,Vehicle,0.277,2025-06-25,0,Active
L04077,C01054,28,Employed,37587.01,717,18157.99,3.0,48,Education,0.384,2025-06-25,0,Active
L02726,C00921,47,Self-Employed,96918.08,707,53097.15,4.61,48,Vehicle,0.368,2025-06-25,0,Active
L00313,C02199,62,Self-Employed,71881.03,685,42788.08,3.0,72,Vehicle,0.406,2025-06-26,1,Default
L00881,C00709,30,Employed,99220.45,685,17285.72,4.72,36,Home Improvement,0.112,2025-06-26,0,Active
L03844,C01086,34,Employed,122505.85,783,24064.23,3.0,60,Home Improvement,0.239,2025-06-26,0,Active
L03107,C02547,40,Employed,63019.79,580,24493.66,7.46,24,Personal,0.371,2025-06-26,0,Active
L00985,C02483,57,Employed,100712.51,668,21502.08,4.34,24,Vehicle,0.194,2025-06-26,0,Active
L03978,C03404,68,Employed,37767.31,733,27869.6,3.45,48,Personal,0.462,2025-06-26,0,Active
L02663,C01196,45,Employed,124230.92,635,22473.55,5.54,36,Vehicle,0.274,2025-06-26,0,Active
L01181,C01871,47,Self-Employed,24732.81,638,34636.73,7.06,72,Debt Consolidation,0.7,2025-06-26,0,Active
L02609,C01839,62,Employed,34816.87,677,43353.88,5.63,36,Debt Consolidation,0.7,2025-06-26,0,Active
L02316,C00404,65,Employed,37281.72,760,60307.79,3.0,60,Home Improvement,0.7,2025-06-26,0,Active
L02983,C00422,30,Employed,38192.2,569,49332.48,7.65,60,Personal,0.69,2025-06-26,1,Default
L03136,C01641,57,Self-Employed,18000.0,752,17899.33,3.0,60,Vehicle,0.549,2025-06-27,0,Active
L00643,C00776,50,Employed,92936.77,641,44921.13,5.09,24,Vehicle,0.387,2025-06-27,0,Active
L01763,C00629,49,Self-Employed,39513.99,552,47885.63,8.67,36,Home Improvement,0.7,2025-06-27,0,Active
L02486,C01015,29,Employed,57159.94,568,30835.62,6.38,48,Home Improvement,0.427,2025-06-28,0,Active
L03729,C02502,51,Employed,55234.24,709,34182.17,3.03,48,Debt Consolidation,0.376,2025-06-28,0,Active
L01159,C02564,37,Employed,45604.12,557,52820.38,8.0,36,Personal,0.652,2025-06-29,1,Default
L00664,C03466,44,Self-Employed,50954.29,814,13958.35,3.0,24,Vehicle,0.259,2025-06-29,0,Active
L02258,C00459,68,Self-Employed,41860.37,678,53729.39,4.9,72,Vehicle,0.7,2025-06-29,1,Default
L00564,C02909,51,Employed,73217.48,740,22527.94,3.0,36,Vehicle,0.318,2025-06-29,0,Active
L02857,C00311,37,Employed,91768.78,695,20031.21,5.62,72,Debt Consolidation,0.247,2025-06-29,0,Active
L01679,C00187,67,Self-Employed,62598.66,614,54137.36,7.79,48,Home Improvement,0.531,2025-06-29,0,Active
L01650,C00610,62,Employed,114607.73,683,93765.52,3.98,60,Education,0.332,2025-06-30,0,Active
L01825,C02033,67,Employed,19286.72,658,17767.4,6.2,36,Personal,0.607,2025-06-30,1,Default
L02302,C00035,46,Employed,36141.32,824,14632.65,3.0,72,Education,0.272,2025-06-30,0,Active
L03254,C03082,66,Employed,21978.05,629,24737.53,5.0,24,Personal,0.61,2025-06-30,0,Active
L00924,C01461,58,Unemployed,59095.42,731,63785.14,3.0,60,Personal,0.7,2025-06-30,1,Default
L04917,C00475,38,Employed,75495.43,750,30413.77,3.0,60,Personal,0.426,2025-07-01,0,Active
L03635,C03038,43,Unemployed,48433.85,815,100964.84,3.0,36,Debt Consolidation,0.7,2025-07-02,0,Active
L02376,C00838,22,Employed,55649.29,666,49987.43,5.01,12,Home Improvement,0.513,2025-07-02,0,Active
L00162,C00871,38,Unemployed,52666.37,586,13449.5,5.67,24,Debt Consolidation,0.411,2025-07-03,1,Default
L01095,C01031,31,Employed,42506.63,613,19992.06,5.44,72,Vehicle,0.353,2025-07-03,0,Active
L03563,C01750,47,Employed,68691.52,716,24594.85,3.0,24,Vehicle,0.313,2025-07-03,1,Default
L00174,C01021,45,Employed,77320.44,622,14263.28,7.51,48,Education,0.293,2025-07-04,0,Active
L02096,C02205,57,Employed,45671.57,691,39928.09,4.33,60,Debt Consolidation,0.653,2025-07-04,0,Active
L03836,C02562,55,Unemployed,73954.09,593,25785.71,7.9,60,Debt Consolidation,0.372,2025-07-04,1,Default
L03807,C02991,37,Employed,121966.16,715,18068.5,3.37,60,Debt Consolidation,0.214,2025-07-04,0,Active
L00675,C01688,26,Unemployed,38784.43,751,25719.1,3.55,36,Debt Consolidation,0.288,2025-07-04,1,Default
L01013,C02174,26,Employed,112830.7,694,16630.54,3.87,48,Education,0.165,2025-07-04,0,Active
L02880,C03079,47,Employed,42076.99,757,17870.27,3.0,24,Vehicle,0.385,2025-07-04,0,Active
L03101,C03300,33,Employed,18657.56,685,18513.72,4.37,36,Education,0.601,2025-07-04,0,Active
L02968,C02812,52,Self-Employed,77975.4,850,56556.53,3.0,60,Home Improvement,0.353,2025-07-05,0,Active
L02903,C01134,53,Self-Employed,25824.01,653,31229.23,5.98,48,Home Improvement,0.608,2025-07-05,0,Active
L03914,C02621,47,Unemployed,52367.48,597,41032.25,5.68,36,Vehicle,0.468,2025-07-05,1,Default
L04845,C00629,31,Employed,57236.65,761,49737.73,3.0,48,Personal,0.549,2025-07-06,0,Active
L03443,C03292,57,Self-Employed,38460.16,620,18933.06,4.66,36,Personal,0.411,2025-07-06,0,Active
L04935,C00290,35,Employed,55632.48,677,16695.38,3.82,48,Home Improvement,0.281,2025-07-06,0,Active
L01547,C01312,24,Self-Employed,41171.6,645,53433.78,5.33,48,Home Improvement,0.7,2025-07-06,0,Active
L00956,C00268,52,Employed,31319.67,712,23303.65,4.36,12,Personal,0.52,2025-07-06,0,Active
L04175,C01937,56,Employed,43439.73,552,40237.43,7.08,12,Education,0.539,2025-07-07,0,Active
L04656,C02460,23,Employed,31769.03,535,19110.1,8.74,60,Education,0.333,2025-07-07,0,Active
L00532,C00657,60,Unemployed,61164.98,692,56156.5,5.33,36,Vehicle,0.459,2025-07-07,0,Active
L04118,C01503,43,Employed,43675.66,722,12727.31,5.57,72,Vehicle,0.367,2025-07-07,0,Active
L04259,C01772,29,Employed,76829.13,657,14107.45,5.53,60,Education,0.253,2025-07-07,0,Active
L03626,C03201,65,Employed,55676.79,649,53686.15,5.06,60,Personal,0.628,2025-07-07,0,Active
L04825,C02661,65,Employed,67847.75,720,25776.59,5.19,72,Personal,0.366,2025-07-08,0,Active
L04557,C00776,42,Employed,36283.87,659,10892.67,4.91,48,Personal,0.328,2025-07-08,0,Active
L03615,C00848,53,Self-Employed,37379.29,714,79621.99,4.26,60,Personal,0.7,2025-07-08,1,Default
L03378,C00602,47,Employed,41855.25,650,11520.22,5.73,36,Vehicle,0.206,2025-07-08,0,Active
L04427,C03250,35,Unemployed,24294.26,674,14087.15,3.29,48,Vehicle,0.469,2025-07-08,0,Active
L04468,C00889,53,Employed,43155.56,604,14050.32,4.89,60,Education,0.269,2025-07-08,0,Active
L00370,C01301,55,Employed,48734.56,649,18678.38,5.89,72,Vehicle,0.361,2025-07-08,0,Active
L01931,C00921,59,Unemployed,78402.59,713,35802.44,4.66,48,Debt Consolidation,0.284,2025-07-10,0,Active
L04898,C00552,63,Employed,51619.73,627,14694.08,5.41,24,Home Improvement,0.325,2025-07-10,0,Active
L00627,C01292,35,Employed,54406.97,734,18085.19,3.65,60,Personal,0.307,2025-07-10,0,Active
L03590,C02757,69,Self-Employed,24303.51,711,32495.96,5.25,48,Education,0.7,2025-07-10,0,Active
L03119,C01574,66,Employed,56434.51,634,20745.56,6.8,36,Home Improvement,0.469,2025-07-11,0,Active
L00660,C03349,24,Employed,62780.07,762,27027.79,3.0,60,Vehicle,0.267,2025-07-11,1,Default
L00775,C02493,38,Employed,37146.7,755,50434.71,3.0,48,Debt Consolidation,0.645,2025-07-11,0,Active
L01070,C01050,66,Employed,19934.48,623,37114.99,6.32,24,Debt Consolidation,0.7,2025-07-11,0,Active
L04011,C01775,45,Self-Employed,90346.85,720,29697.79,3.0,48,Vehicle,0.303,2025-07-11,0,Active
L02847,C02809,65,Employed,39579.82,574,35926.04,5.57,36,Personal,0.556,2025-07-11,0,Active
L01228,C01674,50,Employed,58114.34,641,35418.94,4.85,24,Vehicle,0.357,2025-07-11,0,Active
L04638,C00457,55,Employed,46906.5,703,9828.98,3.36,12,Vehicle,0.257,2025-07-11,0,Active
L01113,C01063,31,Employed,50403.74,620,22770.22,5.09,60,Debt Consolidation,0.433,2025-07-11,0,Active
L02905,C00822,61,Employed,106049.48,721,11598.83,3.14,24,Debt Consolidation,0.298,2025-07-12,0,Active
L03173,C02462,37,Employed,55067.56,698,45378.33,3.36,48,Personal,0.595,2025-07-12,0,Active
L01285,C00616,32,Self-Employed,19785.19,744,13732.41,4.53,48,Vehicle,0.459,2025-07-12,0,Active
L04032,C03190,26,Unemployed,66090.52,724,32511.56,3.0,48,Debt Consolidation,0.47,2025-07-12,0,Active
L01744,C00710,29,Self-Employed,65397.27,665,28233.85,4.71,36,Personal,0.313,2025-07-12,1,Default
L01683,C01334,53,Self-Employed,74558.01,722,105679.43,3.65,24,Home Improvement,0.7,2025-07-12,0,Active
L01283,C01864,48,Employed,77843.78,714,64338.33,4.68,12,Debt Consolidation,0.493,2025-07-13,0,Active
L02829,C01767,64,Employed,58616.46,587,26953.93,6.73,36,Debt Consolidation,0.442,2025-07-13,0,Active
L00238,C02490,69,Unemployed,96243.57,760,18504.14,3.0,60,Vehicle,0.11,2025-07-13,0,Active
L03925,C02801,28,Employed,27227.43,791,48481.47,3.0,36,Debt Consolidation,0.7,2025-07-13,0,Active
L04436,C02308,39,Self-Employed,48008.28,714,26997.6,4.27,36,Debt Consolidation,0.439,2025-07-13,0,Active
L00746,C01677,22,Unemployed,39024.77,652,29256.65,6.4,36,Personal,0.444,2025-07-13,0,Active
L00008,C02170,42,Employed,71489.26,574,20835.43,6.9,60,Debt Consolidation,0.278,2025-07-13,0,Active
L04364,C03427,64,Employed,22769.17,729,6317.86,3.0,72,Vehicle,0.194,2025-07-14,0,Active
L00363,C03235,41,Employed,67465.41,726,39456.89,3.64,36,Vehicle,0.421,2025-07-14,0,Active
L01288,C01889,33,Employed,38403.08,596,35369.79,5.57,36,Vehicle,0.511,2025-07-15,0,Active
L00803,C01532,68,Self-Employed,96090.52,771,46341.97,3.0,48,Home Improvement,0.285,2025-07-15,0,Active
L03167,C00488,64,Employed,53042.53,611,30504.83,6.38,24,Education,0.437,2025-07-15,0,Active
L02410,C02561,43,Employed,43015.19,683,8994.75,5.38,60,Personal,0.108,2025-07-15,1,Default
L03450,C01642,61,Employed,70978.77,843,129938.82,3.0,24,Education,0.7,2025-07-16,0,Active
L02273,C03026,32,Employed,63117.66,684,21107.42,6.31,48,Home Improvement,0.447,2025-07-16,0,Active
L01617,C01782,42,Self-Employed,20899.96,545,8806.51,7.05,60,Personal,0.343,2025-07-16,0,Active
L03815,C02984,37,Unemployed,54555.11,567,55998.33,7.21,60,Personal,0.671,2025-07-17,0,Active
L02342,C01270,41,Self-Employed,34824.16,745,10469.39,3.0,36,Debt Consolidation,0.325,2025-07-17,0,Active
L00723,C01066,42,Employed,30002.4,571,31406.84,6.09,48,Education,0.7,2025-07-18,0,Active
L04367,C02016,29,Employed,20624.91,680,24002.02,3.93,36,Vehicle,0.615,2025-07-18,0,Active
L03736,C00640,29,Employed,61988.17,710,11575.72,4.08,72,Personal,0.344,2025-07-18,0,Active
L04944,C00863,64,Employed,32244.56,543,42370.81,7.76,24,Debt Consolidation,0.7,2025-07-18,0,Active
L00240,C01292,56,Employed,35785.78,677,9469.25,4.69,24,Debt Consolidation,0.221,2025-07-18,0,Active
L04651,C00195,22,Self-Employed,106771.86,681,8638.37,5.85,60,Vehicle,0.05,2025-07-18,0,Active
L02361,C02341,51,Employed,38314.98,590,19408.43,6.19,36,Debt Consolidation,0.433,2025-07-19,0,Active
L02285,C00685,64,Employed,86270.92,634,7464.23,5.65,60,Debt Consolidation,0.161,2025-07-19,0,Active
L02540,C01668,45,Employed,43095.4,658,19078.41,5.88,60,Personal,0.326,2025-07-19,0,Active
L03566,C00782,21,Employed,76022.54,524,20606.69,8.68,72,Personal,0.245,2025-07-19,1,Default
L00382,C00955,45,Unemployed,49749.1,710,32201.46,4.1,60,Education,0.412,2025-07-20,0,Active
L03964,C02867,65,Employed,64991.19,738,28843.0,3.25,36,Education,0.389,2025-07-20,0,Active
L01280,C02137,60,Employed,48110.55,742,18566.16,3.61,72,Debt Consolidation,0.39,2025-07-20,0,Active
L00903,C03354,56,Employed,67110.05,702,22825.4,5.76,36,Personal,0.384,2025-07-20,0,Active
L00138,C00201,27,Unemployed,85135.5,606,15170.46,6.19,24,Education,0.11,2025-07-20,0,Active
L04668,C02656,25,Employed,51785.43,611,21130.72,6.89,60,Education,0.3,2025-07-20,0,Active
L01918,C02031,28,Employed,46472.99,680,14464.42,4.8,60,Home Improvement,0.353,2025-07-20,0,Active
L02491,C00517,60,Employed,35932.83,561,28529.12,7.88,24,Debt Consolidation,0.584,2025-07-21,1,Default
L01191,C00194,54,Unemployed,36364.53,727,13505.71,3.24,36,Education,0.279,2025-07-21,0,Active
L00738,C03146,41,Self-Employed,102176.46,656,15575.33,5.4,72,Vehicle,0.179,2025-07-21,0,Active
L03899,C02124,26,Employed,56571.4,799,5197.99,3.1,36,Debt Consolidation,0.287,2025-07-21,0,Active
L03370,C02011,57,Employed,44886.36,540,11848.51,7.36,36,Debt Consolidation,0.234,2025-07-21,1,Default
L02083,C00570,43,Self-Employed,39973.02,620,21422.36,6.08,24,Vehicle,0.401,2025-07-22,0,Active
L03795,C02332,26,Self-Employed,62676.44,695,5436.14,3.47,36,Debt Consolidation,0.211,2025-07-22,0,Active
L00283,C01148,53,Self-Employed,76316.67,712,36506.83,5.31,60,Home Improvement,0.343,2025-07-22,0,Active
L02676,C00521,41,Unemployed,31707.51,673,18292.56,3.88,48,Debt Consolidation,0.445,2025-07-22,0,Active
L02447,C01083,65,Employed,53487.44,676,30737.77,4.13,12,Personal,0.549,2025-07-23,1,Default
L02438,C01317,50,Employed,60363.17,675,43025.93,5.3,60,Home Improvement,0.46,2025-07-23,0,Active
L04654,C02658,26,Employed,67979.73,676,15891.98,5.19,12,Vehicle,0.193,2025-07-23,0,Active
L02331,C02914,63,Employed,99693.29,744,18802.18,3.0,60,Personal,0.253,2025-07-23,0,Active
L04368,C01314,22,Employed,30297.14,584,11694.39,7.68,12,Debt Consolidation,0.209,2025-07-23,0,Active
L02337,C01798,63,Employed,60520.66,677,21762.0,5.17,72,Personal,0.463,2025-07-23,0,Active
L00122,C01496,34,Employed,27318.69,630,17948.63,5.54,24,Home Improvement,0.429,2025-07-23,1,Default
L02853,C01726,52,Employed,24666.38,673,34662.7,6.18,36,Personal,0.7,2025-07-24,1,Default
L03184,C00039,41,Employed,69125.41,570,121620.81,8.22,60,Debt Consolidation,0.7,2025-07-24,1,Default
L02725,C03326,38,Employed,18000.0,602,57097.09,4.98,60,Personal,0.7,2025-07-24,1,Default
L04704,C00159,69,Self-Employed,18000.0,588,44211.79,5.3,36,Debt Consolidation,0.7,2025-07-24,0,Active
L03738,C01603,28,Employed,87729.1,713,16059.43,3.31,48,Vehicle,0.184,2025-07-24,0,Active
L01842,C02051,66,Employed,42149.42,679,14042.71,5.05,60,Home Improvement,0.321,2025-07-24,0,Active
L02658,C01108,54,Unemployed,81675.65,604,9293.04,6.06,48,Personal,0.275,2025-07-24,0,Active
L04438,C03131,49,Employed,47412.77,819,27343.34,3.0,36,Debt Consolidation,0.38,2025-07-25,0,Active
L01578,C00746,36,Self-Employed,47854.0,678,9784.6,3.0,72,Debt Consolidation,0.225,2025-07-25,0,Active
L02463,C01209,33,Employed,44842.63,717,141967.99,3.06,12,Education,0.7,2025-07-25,0,Active
L01562,C00330,37,Self-Employed,44545.46,625,8691.23,7.49,60,Debt Consolidation,0.238,2025-07-25,0,Active
L03553,C02431,30,Employed,24146.82,530,21257.29,6.77,48,Personal,0.538,2025-07-25,0,Active
L00938,C00717,62,Employed,65864.73,650,14986.06,4.09,72,Vehicle,0.175,2025-07-25,0,Active
L00475,C00685,21,Employed,64701.16,787,64528.94,3.0,60,Vehicle,0.631,2025-07-25,0,Active
L00128,C01699,42,Employed,49446.91,747,94625.36,3.78,24,Vehicle,0.7,2025-07-27,1,Default
L00415,C01070,29,Employed,91703.35,645,16302.33,3.84,60,Home Improvement,0.178,2025-07-28,0,Active
L03985,C02493,23,Employed,174047.51,733,37959.0,3.0,36,Vehicle,0.345,2025-07-28,0,Active
L02723,C02557,24,Employed,52905.22,774,23462.03,3.0,48,Debt Consolidation,0.396,2025-07-28,0,Active
L02226,C02170,63,Employed,66212.12,712,47135.58,4.81,48,Debt Consolidation,0.439,2025-07-28,0,Active
L01919,C03161,62,Employed,54648.4,741,53982.55,3.17,60,Vehicle,0.678,2025-07-28,0,Active
L02458,C01240,35,Employed,70430.74,756,53764.86,3.0,60,Personal,0.492,2025-07-28,0,Active
L00533,C00120,38,Employed,58209.27,732,14946.23,3.0,36,Debt Consolidation,0.218,2025-07-28,0,Active
L02521,C02409,39,Employed,103574.72,705,31445.29,5.56,60,Vehicle,0.228,2025-07-28,0,Active
L04785,C00245,52,Employed,37364.79,626,35201.18,4.96,60,Home Improvement,0.651,2025-07-29,0,Active
L04712,C02409,69,Employed,58439.72,729,15463.86,4.17,72,Education,0.416,2025-07-29,0,Active
L01610,C02574,39,Unemployed,33291.78,651,13989.56,4.78,48,Education,0.253,2025-07-29,0,Active
L03552,C01178,25,Unemployed,31126.2,565,11021.89,6.49,36,Education,0.341,2025-07-29,1,Default
L00823,C01253,56,Employed,40533.18,671,15321.58,3.92,60,Personal,0.373,2025-07-29,0,Active
L04205,C01523,27,Employed,28648.0,663,20641.76,4.54,36,Personal,0.43,2025-07-29,0,Active
L01692,C01313,22,Employed,49424.66,719,38364.14,3.35,36,Education,0.477,2025-07-29,0,Active
L02368,C00381,69,Employed,35568.84,674,36082.58,5.18,60,Education,0.565,2025-07-30,1,Default
L02581,C02502,50,Employed,28499.78,743,17255.58,5.45,60,Personal,0.267,2025-07-30,0,Active
L02283,C00750,34,Employed,47325.75,646,17807.58,4.78,36,Vehicle,0.312,2025-07-30,0,Active
L00499,C03414,37,Employed,57109.12,753,8152.98,3.0,60,Vehicle,0.286,2025-07-30,0,Active
L04924,C01391,54,Self-Employed,33670.74,626,7784.53,3.2,48,Home Improvement,0.269,2025-07-31,0,Active
L02483,C02034,32,Employed,47724.3,847,32820.66,3.0,60,Education,0.368,2025-07-31,0,Active
L01604,C02107,36,Employed,24672.03,599,14130.75,5.52,36,Home Improvement,0.362,2025-07-31,0,Active
L02468,C02475,51,Employed,38901.11,608,37808.06,6.97,72,Debt Consolidation,0.674,2025-07-31,0,Active
L02830,C00800,60,Employed,27398.11,710,14076.75,5.78,48,Education,0.387,2025-07-31,1,Default
L04081,C01824,68,Employed,42288.9,748,46940.02,3.37,60,Debt Consolidation,0.672,2025-07-31,0,Active
L04486,C00198,58,Employed,46234.08,686,33125.51,4.28,36,Debt Consolidation,0.542,2025-07-31,1,Default
L02548,C01355,39,Employed,18000.0,815,24857.38,3.0,60,Personal,0.7,2025-08-01,0,Active
L01721,C01459,62,Employed,20261.26,603,39621.29,6.05,24,Debt Consolidation,0.7,2025-08-01,0,Active
L00686,C01297,60,Employed,77178.92,591,38492.08,6.48,48,Education,0.381,2025-08-01,1,Default
L01269,C03237,25,Employed,66267.85,642,21654.09,4.59,48,Vehicle,0.323,2025-08-01,0,Active
L02390,C02967,53,Employed,59426.7,850,9616.81,3.0,60,Debt Consolidation,0.236,2025-08-01,0,Active
L03651,C00670,47,Employed,43022.1,592,25746.91,6.08,12,Vehicle,0.427,2025-08-01,1,Default
L00849,C00373,44,Employed,41873.72,752,21712.47,3.61,48,Debt Consolidation,0.36,2025-08-01,0,Active
L02150,C00378,29,Employed,42502.54,677,7506.12,3.72,48,Vehicle,0.266,2025-08-01,0,Active
L00513,C00005,49,Self-Employed,43816.92,806,28782.98,3.0,48,Debt Consolidation,0.455,2025-08-01,0,Active
L04915,C01582,57,Employed,49617.6,575,29319.53,7.72,36,Personal,0.419,2025-08-01,1,Default
L00016,C02920,58,Employed,61832.44,677,15856.31,4.34,36,Vehicle,0.28,2025-08-02,0,Active
L02669,C02189,37,Employed,39731.21,809,24911.49,3.0,60,Education,0.304,2025-08-02,0,Active
L00373,C01920,21,Self-Employed,27932.9,627,41213.68,4.53,36,Personal,0.7,2025-08-02,0,Active
L00582,C01228,57,Employed,41108.26,631,25350.27,3.5,72,Vehicle,0.328,2025-08-02,0,Active
L03349,C01207,30,Employed,52038.27,761,24594.79,3.0,60,Vehicle,0.359,2025-08-03,0,Active
L02808,C01932,34,Employed,107946.49,643,18552.78,6.46,72,Personal,0.202,2025-08-03,0,Active
L02673,C02774,50,Employed,54829.5,611,42643.87,6.58,36,Home Improvement,0.497,2025-08-03,0,Active
L00510,C03125,48,Employed,84390.94,682,93036.38,3.89,48,Personal,0.628,2025-08-04,0,Active
L00328,C00453,63,Employed,62181.28,742,58848.71,3.0,48,Personal,0.557,2025-08-04,0,Active
L04566,C00540,62,Unemployed,60244.65,624,10849.34,7.71,36,Home Improvement,0.225,2025-08-04,0,Active
L01112,C00714,62,Employed,33757.96,565,16784.67,8.44,48,Vehicle,0.413,2025-08-04,0,Active
L00509,C02312,45,Employed,49314.97,618,51263.58,6.8,48,Home Improvement,0.567,2025-08-05,1,Default
L01434,C00386,65,Employed,37208.84,601,24140.22,8.03,36,Home Improvement,0.332,2025-08-05,0,Active
L04890,C02451,59,Self-Employed,123569.32,788,21170.55,3.0,48,Personal,0.262,2025-08-05,0,Active
L02744,C02336,69,Employed,42413.6,543,120393.5,8.25,36,Personal,0.7,2025-08-05,0,Active
L04311,C03421,49,Employed,76034.6,771,28461.29,3.0,60,Home Improvement,0.261,2025-08-05,0,Active
L03998,C03053,22,Unemployed,28755.01,630,10685.91,6.15,24,Vehicle,0.237,2025-08-05,1,Default
L04589,C00398,38,Employed,64102.05,649,40784.01,6.69,36,Debt Consolidation,0.423,2025-08-05,0,Active
L03172,C02838,37,Employed,22955.68,686,41146.43,4.39,60,Personal,0.7,2025-08-05,0,Active
L00276,C00198,60,Employed,43845.74,779,19260.13,3.0,72,Vehicle,0.398,2025-08-06,1,Default
L03323,C00162,22,Employed,44722.77,694,88210.43,4.6,60,Debt Consolidation,0.7,2025-08-06,0,Active
L03784,C00270,61,Employed,70198.67,768,17841.97,3.0,72,Personal,0.226,2025-08-06,0,Active
L01358,C00794,37,Employed,74642.6,697,16147.69,4.33,12,Personal,0.326,2025-08-07,1,Default
L01101,C01775,32,Employed,29497.64,792,67926.5,3.0,72,Debt Consolidation,0.7,2025-08-07,0,Active
L03423,C01206,63,Employed,70278.25,667,28284.61,5.02,24,Vehicle,0.345,2025-08-07,0,Active
L03500,C00895,69,Employed,45315.51,739,61585.88,4.32,72,Vehicle,0.7,2025-08-07,0,Active
L01243,C02039,41,Employed,45396.89,624,27644.02,6.2,36,Vehicle,0.359,2025-08-09,0,Active
L01164,C02871,55,Employed,32055.22,695,42260.05,4.79,48,Personal,0.697,2025-08-09,0,Active
L02674,C01244,49,Employed,44160.51,701,7498.08,4.11,36,Home Improvement,0.336,2025-08-09,0,Active
L04012,C02460,63,Employed,77022.44,698,10825.18,3.53,24,Vehicle,0.226,2025-08-09,1,Default
L01789,C01195,56,Employed,54286.95,737,62134.41,3.0,24,Personal,0.689,2025-08-09,0,Active
L02023,C00360,30,Employed,48528.84,684,46144.81,3.89,72,Personal,0.564,2025-08-10,0,Active
L02845,C02818,54,Self-Employed,45528.4,616,16877.94,5.6,48,Home Improvement,0.41,2025-08-10,0,Active
L02573,C02890,23,Employed,127087.97,765,15813.47,4.47,60,Personal,0.243,2025-08-10,0,Active
L00656,C00413,30,Employed,20538.93,621,7652.24,7.34,48,Vehicle,0.351,2025-08-10,1,Default
L04922,C01921,63,Employed,84879.36,749,39567.49,3.09,36,Vehicle,0.392,2025-08-10,0,Active
L02563,C00305,26,Employed,90931.41,739,26619.69,3.0,36,Debt Consolidation,0.246,2025-08-10,1,Default
L03605,C01968,58,Self-Employed,84772.92,772,29153.62,3.0,72,Debt Consolidation,0.253,2025-08-10,0,Active
L02866,C00490,67,Employed,47359.45,654,16279.22,4.65,48,Home Improvement,0.323,2025-08-10,1,Default
L02520,C01093,42,Employed,36358.98,666,22839.32,3.34,36,Personal,0.394,2025-08-11,0,Active
L03481,C00165,24,Self-Employed,52752.3,710,35988.7,5.09,72,Debt Consolidation,0.406,2025-08-11,1,Default
L03990,C02151,31,Self-Employed,51067.43,745,17773.1,3.59,36,Debt Consolidation,0.274,2025-08-11,0,Active
L00231,C03446,65,Employed,43508.67,671,22752.13,4.81,24,Personal,0.384,2025-08-12,0,Active
L03584,C02727,53,Self-Employed,49173.57,647,28413.67,6.55,72,Education,0.247,2025-08-12,0,Active
L03240,C00362,41,Employed,84849.07,540,11843.22,10.71,24,Education,0.246,2025-08-12,0,Active
L01627,C00805,40,Employed,113981.85,630,57648.63,5.97,72,Personal,0.398,2025-08-12,0,Active
L03239,C02184,28,Employed,123460.84,698,54504.34,3.0,36,Debt Consolidation,0.336,2025-08-13,0,Active
L00542,C02839,60,Unemployed,52805.57,803,39049.42,3.0,24,Home Improvement,0.474,2025-08-13,0,Active
L04244,C02443,38,Employed,47117.83,658,54985.55,4.24,60,Education,0.694,2025-08-14,0,Active
L03165,C02231,32,Employed,36510.85,850,19537.53,3.0,36,Vehicle,0.39,2025-08-14,0,Active
L01355,C02803,26,Employed,31900.77,670,25292.82,4.32,24,Debt Consolidation,0.518,2025-08-14,1,Default
L00951,C00674,35,Employed,38635.02,720,64148.04,3.08,36,Vehicle,0.7,2025-08-14,0,Active
L04799,C02881,59,Unemployed,65218.88,638,27259.04,7.17,24,Home Improvement,0.269,2025-08-14,0,Active
L01295,C01249,41,Unemployed,63536.73,549,29017.62,8.29,24,Debt Consolidation,0.299,2025-08-16,0,Active
L01480,C02483,62,Employed,56421.64,593,6303.89,6.22,24,Vehicle,0.206,2025-08-16,0,Active
L03859,C01987,63,Employed,21978.68,709,21635.81,3.0,36,Debt Consolidation,0.624,2025-08-16,0,Active
L03346,C01374,33,Employed,37943.19,752,105102.84,3.38,36,Debt Consolidation,0.7,2025-08-16,0,Active
L02444,C01059,24,Employed,51123.89,597,15307.61,6.63,24,Vehicle,0.283,2025-08-16,1,Default
L01526,C00833,37,Self-Employed,48554.34,645,39605.04,5.5,12,Vehicle,0.608,2025-08-16,1,Default
L04471,C00668,50,Employed,45040.58,548,5550.22,8.28,48,Home Improvement,0.109,2025-08-17,0,Active
L04106,C01592,53,Unemployed,124020.79,728,61359.51,4.01,48,Personal,0.385,2025-08-17,0,Active
L03175,C01749,51,Unemployed,25411.68,679,16670.12,4.72,36,Debt Consolidation,0.462,2025-08-17,1,Default
L04510,C01630,60,Employed,162356.74,708,8173.63,4.94,36,Debt Consolidation,0.084,2025-08-18,0,Active
L02916,C03464,34,Employed,83720.44,770,82696.0,3.0,36,Debt Consolidation,0.595,2025-08-18,0,Active
L01076,C01277,50,Employed,63771.53,767,42102.87,3.0,60,Vehicle,0.402,2025-08-18,0,Active
L04998,C01823,54,Self-Employed,49333.98,738,15992.44,3.0,36,Education,0.3,2025-08-18,0,Active
L04558,C03335,56,Employed,29756.51,566,26174.45,7.74,12,Personal,0.596,2025-08-18,0,Active
L02358,C02382,47,Self-Employed,53828.24,664,63061.5,4.05,12,Debt Consolidation,0.621,2025-08-19,0,Active
L03299,C02024,39,Employed,54205.09,687,14420.6,5.08,36,Personal,0.181,2025-08-19,0,Active
L00049,C01268,65,Employed,53059.27,701,43999.09,4.23,60,Personal,0.491,2025-08-19,0,Active
L00926,C03045,60,Self-Employed,48947.65,710,14196.01,4.13,12,Personal,0.265,2025-08-19,0,Active
L04069,C01462,28,Employed,20567.65,756,23330.33,3.24,60,Home Improvement,0.7,2025-08-19,0,Active
L03721,C01954,48,Employed,58527.25,710,40392.02,4.86,12,Vehicle,0.411,2025-08-20,0,Active
L01141,C01542,59,Unemployed,63297.24,739,29951.97,3.94,48,Personal,0.277,2025-08-20,0,Active
L01996,C02055,55,Employed,33420.69,766,73383.08,3.0,12,Vehicle,0.7,2025-08-20,0,Active
L01312,C01693,37,Employed,92616.79,754,16231.39,3.19,12,Vehicle,0.226,2025-08-21,0,Active
L00326,C01328,41,Unemployed,46997.31,725,42752.7,5.34,24,Personal,0.402,2025-08-21,0,Active
L04213,C02914,61,Self-Employed,66930.72,624,47401.77,5.82,12,Personal,0.451,2025-08-21,0,Active
L00703,C01820,51,Employed,46033.1,673,70152.4,5.13,36,Vehicle,0.7,2025-08-22,0,Active
L04967,C00844,64,Employed,41948.01,769,42615.49,3.0,36,Debt Consolidation,0.7,2025-08-22,0,Active
L02635,C00106,47,Employed,105186.13,652,28720.63,5.68,48,Education,0.174,2025-08-22,0,Active
L00446,C01896,56,Employed,62467.11,574,16832.18,5.86,48,Home Improvement,0.365,2025-08-22,0,Active
L01290,C00575,48,Employed,138111.09,739,5581.95,4.0,12,Debt Consolidation,0.181,2025-08-22,0,Active
L04868,C01065,24,Self-Employed,30096.54,601,5021.18,6.77,36,Vehicle,0.13,2025-08-24,0,Active
L00791,C00456,21,Employed,46491.39,721,46007.46,5.52,36,Debt Consolidation,0.53,2025-08-24,0,Active
L03650,C01013,37,Employed,124256.37,520,66305.7,7.63,60,Vehicle,0.421,2025-08-25,0,Active
L03724,C00936,69,Unemployed,44737.17,643,15894.08,6.06,36,Debt Consolidation,0.304,2025-08-25,0,Active
L03536,C03158,39,Employed,23623.05,737,50089.43,3.0,60,Vehicle,0.7,2025-08-25,0,Active
L04099,C00679,36,Employed,54577.11,759,8829.09,3.0,48,Vehicle,0.138,2025-08-25,1,Default
L01875,C02274,55,Employed,31803.06,703,30471.39,4.09,36,Debt Consolidation,0.565,2025-08-25,0,Active
L01279,C01066,21,Employed,54005.81,778,11352.0,3.0,12,Vehicle,0.182,2025-08-26,0,Active
L04327,C00019,68,Self-Employed,65785.18,798,43515.5,3.0,12,Home Improvement,0.364,2025-08-26,0,Active
L04582,C01068,23,Self-Employed,94887.44,690,18832.1,3.38,72,Personal,0.164,2025-08-26,0,Active
L03426,C03436,35,Employed,33219.79,735,50835.52,3.87,36,Debt Consolidation,0.7,2025-08-26,0,Active
L04669,C00980,54,Employed,54776.01,533,15438.53,8.16,12,Personal,0.339,2025-08-26,1,Default
L04064,C01432,58,Employed,40823.31,700,19741.39,4.41,48,Education,0.412,2025-08-27,0,Active
L02098,C02932,62,Employed,41114.09,681,14377.66,3.0,12,Personal,0.351,2025-08-27,0,Active
L02287,C02357,61,Unemployed,42373.98,684,7897.25,3.54,48,Vehicle,0.179,2025-08-27,0,Active
L04750,C00863,52,Employed,40009.18,714,25786.95,3.03,72,Personal,0.582,2025-08-27,0,Active
L03261,C02985,43,Self-Employed,28391.29,686,32899.28,5.29,24,Home Improvement,0.695,2025-08-28,0,Active
L01168,C00243,21,Employed,78340.76,677,40587.0,4.83,24,Personal,0.378,2025-08-28,0,Active
L00430,C01140,22,Self-Employed,52122.34,603,16896.83,6.05,72,Debt Consolidation,0.406,2025-08-28,0,Active
L00285,C03398,25,Employed,60161.8,800,53299.29,3.0,36,Vehicle,0.555,2025-08-28,1,Default
L02386,C01473,22,Self-Employed,30206.3,507,17405.55,10.49,24,Debt Consolidation,0.434,2025-08-28,0,Active
L01148,C00877,22,Employed,72844.12,600,31603.41,5.73,36,Debt Consolidation,0.211,2025-08-28,0,Active
L00255,C03297,30,Self-Employed,54379.19,740,36840.94,3.0,48,Personal,0.524,2025-08-29,0,Active
L02243,C02271,60,Employed,96310.59,628,12188.67,6.13,48,Debt Consolidation,0.209,2025-08-29,0,Active
L03006,C00742,33,Employed,54169.51,742,35910.33,3.0,36,Debt Consolidation,0.486,2025-08-30,0,Active
L03851,C00494,69,Self-Employed,36010.01,680,8987.53,6.85,48,Personal,0.273,2025-08-30,0,Active
L04587,C02006,23,Unemployed,65139.74,720,89315.2,5.36,24,Debt Consolidation,0.7,2025-08-31,0,Active
L02898,C01313,35,Employed,34234.2,670,39001.83,4.77,60,Personal,0.688,2025-08-31,0,Active
L02613,C02841,61,Employed,58298.62,647,24692.84,4.14,48,Education,0.344,2025-09-01,0,Active
L04791,C03213,45,Self-Employed,63446.71,604,74177.49,7.28,12,Personal,0.692,2025-09-01,0,Active
L04356,C00802,46,Employed,65213.53,680,21408.11,3.0,12,Personal,0.305,2025-09-01,0,Active
L02512,C02849,26,Employed,42146.47,570,26955.73,9.23,48,Personal,0.528,2025-09-02,1,Default
L01735,C00216,61,Employed,43789.89,823,105112.29,3.0,60,Vehicle,0.7,2025-09-02,0,Active
L02348,C02959,38,Employed,20905.61,700,29926.33,4.21,36,Personal,0.7,2025-09-02,0,Active
L02851,C00835,36,Employed,105936.32,713,15866.77,4.81,72,Vehicle,0.193,2025-09-03,0,Active
L04551,C02669,57,Employed,53243.25,639,27277.26,5.73,48,Personal,0.289,2025-09-03,0,Active
L02289,C02336,63,Self-Employed,35637.13,714,48290.97,3.26,36,Education,0.693,2025-09-03,0,Active
L00374,C01416,24,Employed,74999.05,559,22141.85,7.49,48,Debt Consolidation,0.314,2025-09-04,0,Active
L03503,C02375,67,Self-Employed,38793.58,588,18312.67,7.46,36,Debt Consolidation,0.35,2025-09-04,0,Active
L03720,C02320,47,Employed,74312.85,662,20666.54,4.44,36,Debt Consolidation,0.251,2025-09-04,0,Active
L01002,C02232,23,Unemployed,78201.63,786,13170.91,3.0,36,Debt Consolidation,0.079,2025-09-04,0,Active
L04101,C02488,48,Employed,63596.05,799,15519.21,3.0,48,Home Improvement,0.253,2025-09-05,0,Active
L00294,C01370,36,Employed,92669.23,510,40713.28,7.41,36,Personal,0.242,2025-09-05,0,Active
L00360,C00878,69,Unemployed,39075.8,587,54418.27,5.53,36,Debt Consolidation,0.7,2025-09-05,0,Active
L00801,C00505,34,Employed,91784.55,828,30417.31,3.0,48,Personal,0.316,2025-09-05,0,Active
L04385,C01037,54,Employed,78808.95,656,14349.47,5.39,72,Home Improvement,0.067,2025-09-05,0,Active
L00082,C03074,26,Self-Employed,60714.34,563,26349.71,7.29,60,Vehicle,0.321,2025-09-05,1,Default
L04578,C00118,51,Employed,36076.6,677,31164.13,4.63,48,Personal,0.666,2025-09-05,0,Active
L01961,C03112,32,Self-Employed,41974.35,678,16489.12,5.15,12,Debt Consolidation,0.292,2025-09-05,0,Active
L00978,C02786,45,Self-Employed,46778.01,647,120979.58,6.9,60,Education,0.7,2025-09-06,0,Active
L01855,C00399,42,Employed,42012.45,601,20896.74,7.82,60,Education,0.27,2025-09-06,0,Active
L00100,C01276,57,Self-Employed,78889.95,756,76007.74,3.17,60,Personal,0.531,2025-09-06,1,Default
L02439,C01044,38,Employed,27757.69,557,44749.56,7.23,72,Home Improvement,0.7,2025-09-06,1,Default
L00066,C02613,53,Self-Employed,34149.63,639,29583.89,6.34,36,Personal,0.681,2025-09-06,1,Default
L00274,C02328,40,Employed,42120.67,589,30127.73,7.06,24,Education,0.474,2025-09-07,0,Active
L00673,C01009,57,Employed,23146.72,752,33560.82,3.0,36,Vehicle,0.7,2025-09-07,0,Active
L03421,C01862,57,Employed,40247.94,667,21283.06,4.01,36,Personal,0.473,2025-09-08,0,Active
L03330,C03391,42,Employed,110286.44,611,77292.1,7.36,36,Personal,0.399,2025-09-08,0,Active
L01534,C00328,38,Employed,122429.61,613,24306.41,6.26,60,Debt Consolidation,0.234,2025-09-08,0,Active
L04039,C02715,46,Employed,25047.81,719,18451.21,3.0,48,Personal,0.523,2025-09-08,1,Default
L01096,C01027,54,Employed,88636.58,701,32407.2,4.79,12,Vehicle,0.349,2025-09-08,0,Active
L02415,C01308,21,Employed,57247.26,765,18531.12,3.0,60,Debt Consolidation,0.261,2025-09-08,0,Active
L01894,C01912,47,Employed,135131.34,713,53911.99,3.2,12,Education,0.208,2025-09-08,0,Active
L03547,C00960,27,Unemployed,57456.4,713,125028.27,3.0,60,Personal,0.7,2025-09-09,0,Active
L03204,C00662,30,Unemployed,46403.33,678,17673.43,3.33,48,Education,0.346,2025-09-09,0,Active
L04777,C00620,32,Employed,67561.38,761,17420.85,3.0,72,Debt Consolidation,0.245,2025-09-09,0,Active
L02679,C00984,57,Employed,63247.56,739,5664.05,3.56,36,Home Improvement,0.152,2025-09-09,0,Active
L01342,C02264,26,Employed,67663.57,677,40955.85,3.67,24,Home Improvement,0.393,2025-09-09,0,Active
L02231,C00428,45,Self-Employed,63908.79,601,12099.85,6.13,24,Home Improvement,0.168,2025-09-10,1,Default
L03570,C02106,34,Employed,47135.43,646,22961.01,5.4,36,Personal,0.413,2025-09-10,0,Active
L02125,C03057,64,Employed,40705.65,671,8130.1,5.82,24,Home Improvement,0.283,2025-09-10,0,Active
L04526,C01379,62,Employed,57372.53,685,79996.92,4.29,48,Personal,0.7,2025-09-10,0,Active
L03525,C01538,40,Employed,28857.25,583,26435.51,6.01,48,Vehicle,0.617,2025-09-11,1,Default
L00018,C01686,21,Employed,82231.91,604,35580.09,5.32,24,Home Improvement,0.382,2025-09-11,1,Default
L01631,C02176,38,Employed,122164.53,661,29944.41,6.72,72,Debt Consolidation,0.291,2025-09-11,0,Active
L02473,C02199,66,Employed,28128.66,657,28693.29,5.32,60,Personal,0.651,2025-09-11,1,Default
L01637,C03089,42,Employed,52377.74,758,22401.66,3.54,36,Personal,0.336,2025-09-11,0,Active
L00420,C01061,33,Unemployed,38458.67,758,58485.15,3.0,60,Vehicle,0.7,2025-09-12,0,Active
L01648,C00731,24,Employed,45746.05,687,36910.08,3.3,60,Debt Consolidation,0.467,2025-09-12,0,Active
L00944,C02082,68,Self-Employed,54934.93,740,30712.6,3.79,48,Vehicle,0.387,2025-09-13,0,Active
L04093,C02720,42,Employed,125457.71,643,7423.76,4.55,48,Personal,0.158,2025-09-13,0,Active
L02055,C02572,55,Employed,31167.64,614,40459.08,8.65,36,Vehicle,0.69,2025-09-13,0,Active
L04683,C01418,40,Employed,20992.11,671,22476.65,4.7,12,Debt Consolidation,0.605,2025-09-13,0,Active
L03511,C02076,50,Employed,36535.97,645,33800.49,6.56,60,Vehicle,0.651,2025-09-14,0,Active
L01600,C00593,56,Employed,25114.03,668,44154.78,4.0,60,Vehicle,0.7,2025-09-14,0,Active
L03132,C01828,26,Employed,42042.82,667,13771.08,5.89,12,Education,0.357,2025-09-15,0,Active
L02155,C02782,43,Employed,46201.67,610,9531.04,7.79,48,Education,0.249,2025-09-15,1,Default
L00391,C00563,69,Employed,27468.1,677,30622.27,4.58,36,Home Improvement,0.667,2025-09-15,1,Default
L01822,C00814,64,Employed,50564.99,773,17016.3,3.0,48,Education,0.314,2025-09-15,0,Active
L01698,C03006,46,Employed,27550.29,677,25595.99,4.57,60,Vehicle,0.485,2025-09-16,0,Active
L03014,C02261,46,Employed,77628.53,767,21814.33,3.0,36,Education,0.303,2025-09-16,0,Active
L01184,C02929,36,Employed,53644.05,737,8690.06,3.0,72,Debt Consolidation,0.337,2025-09-16,0,Active
L02709,C01250,42,Employed,70661.44,636,46279.72,5.58,24,Debt Consolidation,0.443,2025-09-16,0,Active
L02537,C03453,50,Employed,65422.5,730,20653.95,4.56,48,Education,0.26,2025-09-16,0,Active
L03245,C00515,53,Employed,41478.31,609,28289.25,7.56,60,Vehicle,0.477,2025-09-16,0,Active
L03496,C00425,68,Employed,39150.42,633,18336.84,5.57,72,Vehicle,0.336,2025-09-17,0,Active
L00560,C00704,34,Self-Employed,74558.41,596,12893.86,6.9,36,Vehicle,0.34,2025-09-18,1,Default
L02166,C02774,39,Employed,58576.87,670,14320.01,4.65,60,Education,0.082,2025-09-18,0,Active
L02403,C03433,63,Employed,20674.15,785,13715.99,3.0,48,Vehicle,0.399,2025-09-19,0,Active
L03828,C03049,24,Self-Employed,60187.95,803,49242.99,3.0,60,Education,0.382,2025-09-19,0,Active
L00321,C00624,48,Self-Employed,44636.99,783,38340.38,3.0,48,Vehicle,0.488,2025-09-19,1,Default
L00630,C01067,46,Employed,28625.21,834,14280.28,3.0,36,Personal,0.357,2025-09-19,0,Active
L01469,C02524,52,Self-Employed,69773.69,780,20284.96,3.0,72,Vehicle,0.235,2025-09-20,0,Active
L03413,C02791,31,Employed,51308.25,654,35331.03,4.57,60,Education,0.405,2025-09-20,1,Default
L02082,C02507,46,Employed,70262.94,648,32200.12,5.62,36,Vehicle,0.428,2025-09-20,0,Active
L03888,C01574,30,Self-Employed,42478.59,600,31927.82,6.69,60,Personal,0.523,2025-09-20,0,Active
L02828,C00456,36,Employed,61508.22,649,29606.93,4.71,24,Vehicle,0.401,2025-09-20,0,Active
L00196,C03061,55,Self-Employed,29279.05,690,30632.97,6.94,12,Personal,0.614,2025-09-21,0,Active
L04698,C02612,60,Self-Employed,44949.05,733,27670.1,3.48,48,Debt Consolidation,0.448,2025-09-21,0,Active
L03621,C01899,55,Employed,25076.92,676,10623.78,5.25,60,Vehicle,0.423,2025-09-21,0,Active
L00173,C00564,54,Employed,36643.98,644,5148.83,5.03,60,Personal,0.05,2025-09-22,0,Active
L04318,C00277,31,Employed,75561.18,599,9045.27,7.2,60,Debt Consolidation,0.288,2025-09-22,0,Active
L01381,C03041,37,Employed,33237.06,721,8532.96,4.41,60,Vehicle,0.28,2025-09-22,0,Active
L00647,C03070,52,Employed,65342.15,604,22092.21,6.44,36,Home Improvement,0.268,2025-09-23,0,Active
L03873,C00343,61,Employed,32441.92,837,5129.26,3.0,36,Vehicle,0.15,2025-09-23,0,Active
L04757,C02608,54,Employed,29904.68,657,19574.38,5.9,60,Vehicle,0.57,2025-09-23,0,Active
L02045,C00278,39,Employed,109017.24,687,37698.79,4.61,48,Personal,0.265,2025-09-23,1,Default
L01167,C02947,48,Employed,73871.86,703,25462.46,3.52,60,Personal,0.29,2025-09-23,0,Active
L03727,C01071,64,Employed,67014.27,550,10726.32,6.53,48,Debt Consolidation,0.15,2025-09-23,0,Active
L00787,C01244,39,Self-Employed,46994.92,716,15248.06,3.07,24,Education,0.319,2025-09-24,0,Active
L03356,C00476,60,Employed,54403.67,716,6808.9,4.6,12,Debt Consolidation,0.1,2025-09-24,0,Active
L03837,C01622,51,Employed,36361.41,662,26510.5,5.94,60,Vehicle,0.518,2025-09-24,0,Active
L00812,C00685,23,Employed,86556.28,676,12888.57,5.99,24,Home Improvement,0.15,2025-09-24,0,Active
L00654,C01517,27,Employed,35138.25,772,10924.81,3.04,36,Home Improvement,0.277,2025-09-24,1,Default
L01492,C03496,30,Employed,29372.41,586,24398.47,6.71,48,Debt Consolidation,0.456,2025-09-25,1,Default
L03415,C01010,58,Employed,44616.78,792,20633.04,3.0,36,Vehicle,0.294,2025-09-25,0,Active
L02855,C01690,22,Self-Employed,56581.9,660,38225.41,3.76,12,Personal,0.496,2025-09-25,0,Active
L02395,C00630,44,Unemployed,45376.94,578,28615.42,7.65,72,Personal,0.486,2025-09-26,0,Active
L00657,C03448,59,Employed,30351.69,688,18718.29,4.4,72,Personal,0.491,2025-09-26,0,Active
L03619,C00283,62,Employed,70425.12,647,40498.98,5.62,48,Home Improvement,0.387,2025-09-26,0,Active
L04700,C00216,33,Employed,33878.14,608,41511.12,6.88,48,Vehicle,0.676,2025-09-26,0,Active
L00037,C01083,49,Employed,72538.91,712,19141.03,4.37,36,Vehicle,0.296,2025-09-27,0,Active
L04036,C00771,30,Employed,80142.48,580,19150.44,6.46,36,Debt Consolidation,0.29,2025-09-27,0,Active
L01686,C02671,52,Employed,29742.08,657,40232.98,5.09,24,Debt Consolidation,0.7,2025-09-27,1,Default
L00074,C02557,53,Employed,71465.45,706,37104.57,4.51,60,Vehicle,0.388,2025-09-27,0,Active
L01765,C02931,32,Employed,110351.47,730,71628.44,3.26,36,Debt Consolidation,0.553,2025-09-27,0,Active
L02985,C03135,37,Employed,103468.66,776,17746.19,3.0,24,Debt Consolidation,0.149,2025-09-28,0,Active
L02685,C02200,22,Unemployed,28505.96,673,29580.46,3.26,72,Debt Consolidation,0.608,2025-09-29,0,Active
L01131,C02276,61,Employed,71079.49,629,69028.67,6.62,36,Debt Consolidation,0.501,2025-09-29,0,Active
L01319,C02205,67,Self-Employed,66788.48,765,24295.23,3.0,60,Personal,0.26,2025-09-29,0,Active
L00960,C00389,46,Unemployed,77819.77,616,30834.43,5.22,60,Vehicle,0.236,2025-09-29,0,Active
L02088,C00516,64,Employed,104123.7,746,17815.29,3.64,48,Home Improvement,0.146,2025-09-29,0,Active
L01579,C03071,34,Employed,65127.7,778,11474.3,3.0,36,Education,0.326,2025-09-29,0,Active
L02452,C01230,36,Employed,20181.0,757,26450.34,3.15,24,Personal,0.7,2025-09-30,0,Active
L00377,C00401,62,Self-Employed,47001.06,565,46458.36,6.94,12,Debt Consolidation,0.633,2025-09-30,0,Active
L02481,C00375,56,Employed,180000.0,659,86311.21,4.34,60,Debt Consolidation,0.323,2025-09-30,0,Active
L00204,C01664,35,Unemployed,83222.04,702,72000.76,4.48,24,Personal,0.593,2025-09-30,0,Active
L00235,C01137,65,Unemployed,94636.89,850,77562.64,3.0,12,Debt Consolidation,0.604,2025-09-30,0,Active
L00279,C02800,43,Employed,34507.03,721,54781.34,3.0,48,Education,0.7,2025-09-30,0,Active
L03613,C02434,49,Employed,35354.49,680,37557.6,4.92,12,Home Improvement,0.578,2025-09-30,0,Active
L00598,C03172,49,Employed,99856.59,716,14796.25,3.12,36,Debt Consolidation,0.104,2025-09-30,0,Active
L02006,C02411,35,Employed,58142.1,631,14913.28,5.01,60,Education,0.45,2025-09-30,0,Active
L04346,C02236,52,Employed,70625.21,745,42898.14,5.25,60,Debt Consolidation,0.357,2025-10-01,0,Active
L03684,C02773,38,Employed,68182.94,665,28157.07,5.4,48,Home Improvement,0.266,2025-10-01,0,Active
L04908,C03181,25,Employed,53160.26,601,64477.4,5.17,60,Personal,0.7,2025-10-01,0,Active
L02242,C03431,29,Unemployed,46264.5,559,8357.33,6.63,60,Vehicle,0.298,2025-10-01,0,Active
L01305,C02627,67,Employed,122966.64,673,18106.59,4.58,36,Debt Consolidation,0.248,2025-10-02,0,Active
L01850,C00432,29,Employed,79584.96,827,16153.91,3.0,48,Debt Consolidation,0.322,2025-10-02,0,Active
L01836,C02974,53,Unemployed,80232.02,731,30751.19,3.5,24,Education,0.253,2025-10-02,0,Active
L02495,C03265,49,Employed,54154.64,645,11083.76,4.79,36,Home Improvement,0.287,2025-10-02,0,Active
L04466,C02373,63,Employed,71201.85,609,58652.76,5.57,60,Vehicle,0.512,2025-10-02,0,Active
L00898,C00224,50,Employed,66516.55,656,16909.0,3.97,12,Personal,0.286,2025-10-02,1,Default
L04237,C01141,56,Unemployed,127256.2,790,47939.77,3.0,72,Personal,0.352,2025-10-02,0,Active
L02104,C03094,47,Employed,66115.41,781,81192.73,3.0,72,Debt Consolidation,0.7,2025-10-03,0,Active
L03143,C00370,25,Employed,30582.04,618,17231.87,5.23,48,Education,0.45,2025-10-03,0,Active
L03950,C01969,48,Employed,65500.15,611,58022.55,6.49,24,Vehicle,0.602,2025-10-03,0,Active
L02862,C00342,52,Self-Employed,180000.0,733,19858.48,3.0,72,Vehicle,0.183,2025-10-04,0,Active
L04105,C02469,34,Employed,32878.0,672,11667.45,4.57,12,Home Improvement,0.258,2025-10-05,0,Active
L03318,C01079,49,Employed,114380.54,692,24721.31,4.0,24,Debt Consolidation,0.183,2025-10-05,0,Active
L00925,C03095,30,Employed,53961.22,681,128984.0,4.58,60,Debt Consolidation,0.7,2025-10-05,0,Active
L04027,C01997,32,Employed,29103.75,635,14467.43,5.26,60,Vehicle,0.421,2025-10-05,1,Default
L00317,C00263,63,Employed,37055.36,720,63705.96,3.0,36,Vehicle,0.7,2025-10-05,0,Active
L01175,C00006,28,Employed,31678.89,578,101174.91,6.48,36,Home Improvement,0.7,2025-10-06,0,Active
L01348,C02095,54,Employed,93500.86,693,12485.76,3.98,60,Personal,0.185,2025-10-06,0,Active
L03551,C00532,22,Self-Employed,32755.89,720,46181.29,3.4,36,Vehicle,0.7,2025-10-06,1,Default
L00369,C00398,39,Employed,36562.61,672,75339.03,4.54,36,Education,0.7,2025-10-07,0,Active
L04746,C02379,60,Employed,55479.92,578,10422.54,7.46,36,Education,0.265,2025-10-07,1,Default
L02397,C02640,55,Employed,26072.56,742,22962.26,3.0,48,Personal,0.47,2025-10-07,0,Active
L01664,C00130,37,Employed,31373.29,658,40108.57,5.03,36,Home Improvement,0.7,2025-10-08,1,Default
L01603,C02680,52,Employed,54516.15,720,23755.3,4.24,48,Vehicle,0.283,2025-10-08,1,Default
L04599,C00171,64,Employed,78404.22,676,23325.05,5.51,48,Personal,0.289,2025-10-08,0,Active
L03103,C00436,37,Self-Employed,24581.89,744,29360.28,3.0,60,Debt Consolidation,0.622,2025-10-08,0,Active
L04239,C00267,24,Employed,101757.06,763,11984.88,3.0,60,Home Improvement,0.126,2025-10-08,0,Active
L03885,C00406,46,Employed,86151.94,579,77689.94,8.13,36,Debt Consolidation,0.57,2025-10-09,1,Default
L01585,C01556,23,Employed,46164.57,763,85864.57,3.0,48,Vehicle,0.7,2025-10-10,0,Active
L00969,C03279,58,Unemployed,86642.6,640,39791.52,4.83,36,Debt Consolidation,0.383,2025-10-10,0,Active
L02831,C01185,46,Employed,18000.0,633,12337.99,6.18,60,Education,0.557,2025-10-10,0,Active
L00193,C02730,64,Unemployed,55003.9,543,30171.48,9.76,36,Debt Consolidation,0.349,2025-10-11,0,Active
L03677,C03449,44,Self-Employed,61194.8,719,28631.09,4.42,60,Debt Consolidation,0.314,2025-10-11,0,Active
L02771,C01736,46,Unemployed,19608.02,584,11920.98,5.7,48,Personal,0.485,2025-10-11,0,Active
L03743,C01830,48,Employed,40170.74,738,81586.43,4.31,48,Vehicle,0.7,2025-10-11,0,Active
L03249,C01507,32,Unemployed,31919.06,495,34174.82,8.08,48,Education,0.653,2025-10-11,0,Active
L04065,C01529,66,Employed,34907.8,667,42954.46,5.31,60,Personal,0.7,2025-10-13,0,Active
L02123,C03235,57,Self-Employed,82227.49,728,31538.07,3.0,72,Personal,0.363,2025-10-13,0,Active
L02039,C01436,27,Self-Employed,22212.03,760,74642.39,3.0,60,Home Improvement,0.7,2025-10-13,0,Active
L00763,C00500,24,Employed,29559.87,651,12510.54,3.63,60,Personal,0.371,2025-10-13,0,Active
L02161,C01764,35,Employed,45703.48,713,24891.27,6.58,24,Personal,0.427,2025-10-13,0,Active
L02766,C02476,66,Employed,18000.0,664,31613.82,5.06,48,Debt Consolidation,0.7,2025-10-14,0,Active
L01671,C01395,63,Employed,35186.29,579,42562.82,6.37,36,Debt Consolidation,0.7,2025-10-14,1,Default
L01123,C02073,60,Employed,35273.29,542,26970.13,8.68,12,Vehicle,0.419,2025-10-14,0,Active
L00776,C02924,43,Employed,57289.48,710,20167.78,4.42,12,Personal,0.326,2025-10-14,0,Active
L00901,C01803,48,Employed,18000.0,769,76378.93,3.0,24,Debt Consolidation,0.7,2025-10-14,0,Active
L04144,C02038,32,Self-Employed,63053.21,714,22910.46,3.12,60,Debt Consolidation,0.278,2025-10-14,0,Active
L01818,C03488,27,Self-Employed,41757.16,580,78746.23,6.68,36,Home Improvement,0.7,2025-10-14,1,Default
L03746,C00533,59,Employed,46074.23,706,10696.29,3.81,36,Education,0.304,2025-10-14,0,Active
L02526,C01609,24,Employed,48169.11,725,12610.54,4.62,36,Debt Consolidation,0.424,2025-10-15,0,Active
L03212,C00463,32,Employed,31460.63,774,25730.7,3.0,48,Vehicle,0.586,2025-10-15,0,Active
L03813,C01853,59,Employed,48783.14,820,32372.47,3.0,48,Vehicle,0.5,2025-10-15,0,Active
L00058,C02436,24,Employed,20787.2,702,37960.61,3.72,48,Personal,0.7,2025-10-15,0,Active
L03696,C01441,35,Employed,36197.09,689,30077.28,3.59,48,Personal,0.569,2025-10-15,0,Active
L02094,C00887,38,Employed,87662.44,707,23028.28,5.62,24,Vehicle,0.385,2025-10-16,0,Active
L01711,C00061,69,Self-Employed,36113.47,597,30255.19,7.12,48,Vehicle,0.476,2025-10-16,1,Default
L04056,C01381,33,Unemployed,35448.49,828,66795.87,3.0,36,Vehicle,0.7,2025-10-16,0,Active
L04417,C02592,28,Employed,62804.85,837,35436.4,3.0,60,Home Improvement,0.487,2025-10-17,0,Active
L02007,C01575,66,Self-Employed,72884.7,747,52219.0,3.47,24,Vehicle,0.481,2025-10-17,1,Default
L03881,C00659,65,Self-Employed,54692.13,652,20961.88,5.57,12,Vehicle,0.381,2025-10-17,0,Active
L03152,C01717,46,Self-Employed,29329.7,636,18281.18,4.95,24,Personal,0.422,2025-10-17,0,Active
L04667,C01848,50,Employed,59365.97,673,13689.24,4.29,60,Vehicle,0.282,2025-10-18,0,Active
L01478,C00990,31,Unemployed,25007.51,692,16201.89,4.41,60,Debt Consolidation,0.459,2025-10-18,0,Active
L02696,C03239,25,Self-Employed,37935.56,753,18760.72,3.0,60,Vehicle,0.383,2025-10-18,0,Active
L04870,C01925,58,Unemployed,47484.26,773,13064.82,5.36,60,Debt Consolidation,0.152,2025-10-18,0,Active
L03600,C00485,48,Employed,36165.98,723,33177.39,4.0,48,Vehicle,0.585,2025-10-18,0,Active
L04655,C01250,61,Employed,58408.63,719,41019.4,4.06,24,Personal,0.442,2025-10-18,1,Default
L03753,C03473,34,Employed,34592.87,720,18729.0,4.09,48,Personal,0.335,2025-10-18,0,Active
L02686,C00720,24,Self-Employed,40049.55,756,16284.71,3.0,24,Home Improvement,0.44,2025-10-18,0,Active
L00250,C00642,52,Employed,32405.58,806,37879.76,3.0,60,Home Improvement,0.607,2025-10-19,0,Active
L04035,C01564,23,Employed,88641.78,566,14075.59,6.5,36,Vehicle,0.206,2025-10-19,1,Default
L01670,C03364,51,Employed,48268.1,696,10523.62,3.55,60,Home Improvement,0.27,2025-10-20,0,Active
L04953,C01674,38,Employed,20160.29,706,46343.1,3.6,36,Personal,0.7,2025-10-20,0,Active
L04394,C00974,44,Employed,50251.11,584,12843.49,7.57,60,Vehicle,0.223,2025-10-20,1,Default
L03653,C03234,22,Employed,33757.44,560,16692.78,9.81,36,Vehicle,0.397,2025-10-20,0,Active
L01330,C01858,26,Self-Employed,65442.3,654,24968.87,5.98,48,Home Improvement,0.312,2025-10-21,1,Default
L01758,C03029,47,Employed,55838.73,745,17232.78,3.32,12,Education,0.337,2025-10-21,0,Active
L00751,C02843,68,Employed,78390.37,603,26199.99,6.92,36,Home Improvement,0.333,2025-10-21,0,Active
L01573,C00514,67,Employed,32570.88,695,33091.49,3.29,24,Education,0.64,2025-10-21,0,Active
L01027,C01720,41,Employed,41547.03,813,32768.11,3.0,72,Vehicle,0.512,2025-10-21,1,Default
L01976,C01286,69,Employed,61556.56,573,21497.48,7.48,36,Home Improvement,0.454,2025-10-22,0,Active
L02861,C02191,42,Self-Employed,78612.01,624,16259.38,7.05,48,Home Improvement,0.386,2025-10-22,0,Active
L04192,C01378,33,Employed,37992.77,645,39990.33,7.26,12,Personal,0.64,2025-10-22,1,Default
L03906,C02395,32,Self-Employed,52997.09,675,20685.05,5.92,48,Personal,0.324,2025-10-22,0,Active
L04009,C00594,59,Employed,43776.67,686,29439.71,5.07,36,Debt Consolidation,0.543,2025-10-22,0,Active
L00541,C01854,67,Employed,35170.47,669,8887.48,5.23,24,Education,0.201,2025-10-22,0,Active
L02066,C00704,59,Self-Employed,26916.73,632,27071.59,4.25,36,Vehicle,0.55,2025-10-23,1,Default
L02531,C02633,34,Employed,41801.27,761,20539.4,3.11,36,Debt Consolidation,0.261,2025-10-23,0,Active
L01598,C01388,45,Employed,37946.52,658,15173.61,5.24,72,Home Improvement,0.334,2025-10-23,1,Default
L04871,C01914,43,Employed,58049.6,715,26819.08,3.0,24,Personal,0.228,2025-10-23,1,Default
L01557,C02783,66,Employed,40306.74,590,23318.29,7.44,36,Home Improvement,0.399,2025-10-23,1,Default
L02198,C02636,35,Employed,86219.02,699,17579.83,4.92,48,Home Improvement,0.208,2025-10-24,0,Active
L03681,C01388,62,Employed,83388.91,679,53780.95,3.51,72,Home Improvement,0.408,2025-10-24,0,Active
L00149,C02732,30,Employed,32678.72,647,31973.81,5.85,60,Home Improvement,0.572,2025-10-24,0,Active
L01104,C02854,34,Employed,32086.53,688,23367.37,4.52,36,Home Improvement,0.328,2025-10-24,0,Active
L04748,C02098,29,Self-Employed,26349.05,696,41989.75,5.86,36,Personal,0.7,2025-10-24,1,Default
L02223,C02919,61,Employed,62265.53,705,22674.02,4.88,36,Home Improvement,0.433,2025-10-25,0,Active
L02522,C03292,67,Employed,43339.15,669,10445.2,3.49,12,Education,0.227,2025-10-25,0,Active
L02309,C01356,33,Employed,62538.22,657,41182.63,4.21,36,Debt Consolidation,0.439,2025-10-25,0,Active
L04844,C02452,63,Self-Employed,53303.92,723,9435.54,3.06,48,Debt Consolidation,0.337,2025-10-25,0,Active
L01154,C02325,69,Employed,34579.26,845,18714.0,3.0,48,Vehicle,0.315,2025-10-25,0,Active
L03683,C02505,32,Employed,143224.87,744,69601.45,3.0,72,Home Improvement,0.448,2025-10-25,0,Active
L02035,C00586,63,Unemployed,46966.92,728,29561.71,3.23,36,Personal,0.324,2025-10-26,0,Active
L02310,C02910,43,Employed,62479.28,736,33422.11,3.0,36,Vehicle,0.523,2025-10-26,1,Default
L01385,C03052,55,Employed,49679.97,716,16272.52,3.56,12,Personal,0.3,2025-10-26,0,Active
L03198,C00663,32,Employed,49647.05,560,8586.97,7.75,36,Personal,0.231,2025-10-26,0,Active
L04783,C00619,68,Employed,64000.97,674,40851.62,5.35,24,Vehicle,0.394,2025-10-26,0,Active
L02873,C01453,43,Employed,41541.0,666,22450.76,4.9,48,Debt Consolidation,0.386,2025-10-27,1,Default
L01329,C02646,65,Employed,63951.4,764,35523.18,3.9,24,Education,0.492,2025-10-27,0,Active
L02370,C00014,40,Self-Employed,64944.85,628,7033.42,6.46,36,Vehicle,0.191,2025-10-27,0,Active
L03485,C03203,27,Employed,35281.38,674,12274.79,6.55,48,Personal,0.07,2025-10-27,0,Active
L04452,C01265,32,Self-Employed,119863.75,741,17155.67,3.39,36,Personal,0.134,2025-10-28,0,Active
L00638,C00754,58,Employed,35470.44,662,66012.37,3.39,48,Personal,0.7,2025-10-28,1,Default
L01937,C00040,46,Unemployed,41942.9,721,23515.04,4.92,48,Personal,0.382,2025-10-28,1,Default
L01233,C01620,69,Employed,47745.23,683,7623.55,3.35,24,Education,0.257,2025-10-28,0,Active
L04594,C02662,21,Employed,66337.52,646,43039.87,6.85,36,Home Improvement,0.466,2025-10-28,0,Active
L03890,C00505,54,Employed,45956.62,673,36253.11,4.83,60,Home Improvement,0.464,2025-10-28,0,Active
L02435,C02382,51,Employed,56383.2,653,17851.4,4.52,48,Vehicle,0.245,2025-10-28,1,Default
L00900,C02225,59,Self-Employed,173335.85,767,41667.49,3.31,12,Debt Consolidation,0.285,2025-10-28,0,Active
L03419,C03385,61,Employed,31995.1,795,25058.69,3.0,48,Personal,0.4,2025-10-28,0,Active
L01281,C02450,50,Self-Employed,24987.05,724,31909.01,3.57,36,Personal,0.661,2025-10-29,0,Active
L03517,C00529,69,Self-Employed,43758.0,580,24732.07,6.27,48,Debt Consolidation,0.491,2025-10-29,1,Default
L03486,C01754,43,Self-Employed,86304.32,670,45772.77,4.64,24,Personal,0.55,2025-10-30,0,Active
L00026,C01216,35,Employed,43558.64,612,18065.41,6.42,36,Vehicle,0.301,2025-10-30,0,Active
L04528,C01520,68,Employed,57481.32,678,21951.22,4.8,48,Education,0.26,2025-10-30,0,Active
L04716,C01697,46,Employed,24205.31,761,12943.62,3.0,36,Education,0.376,2025-10-30,0,Active
L03360,C01020,35,Self-Employed,147444.95,686,15502.27,3.66,72,Debt Consolidation,0.05,2025-10-30,0,Active
L04122,C02929,27,Employed,50192.09,618,13206.52,6.89,24,Education,0.113,2025-10-30,0,Active
L03538,C00344,65,Employed,24230.82,634,69641.29,5.1,48,Vehicle,0.7,2025-10-30,0,Active
L03808,C03060,27,Self-Employed,109608.77,697,19400.32,3.66,12,Home Improvement,0.232,2025-10-31,0,Active
L04524,C01024,58,Employed,34075.68,720,8917.03,3.34,36,Personal,0.354,2025-10-31,0,Active
L02737,C03352,43,Employed,48164.66,850,55632.47,3.0,48,Personal,0.63,2025-11-01,0,Active
L04634,C00973,22,Employed,39527.01,684,57296.05,4.88,36,Vehicle,0.7,2025-11-01,0,Active
L02105,C01563,59,Employed,56905.32,587,47458.18,6.87,48,Vehicle,0.533,2025-11-01,0,Active
L00725,C02983,51,Self-Employed,76078.21,652,31134.91,4.22,60,Debt Consolidation,0.303,2025-11-01,0,Active
L04066,C03366,45,Unemployed,22120.18,607,34232.45,4.73,24,Debt Consolidation,0.7,2025-11-01,0,Active
L02896,C02301,46,Employed,57735.7,633,11526.78,5.83,72,Home Improvement,0.259,2025-11-02,0,Active
L03876,C02486,33,Employed,69863.03,603,31871.33,7.64,60,Debt Consolidation,0.354,2025-11-02,0,Active
L00336,C02864,38,Employed,49221.95,712,22170.54,3.57,60,Personal,0.368,2025-11-03,0,Active
L00153,C00961,49,Self-Employed,46051.57,502,86889.07,10.72,48,Personal,0.7,2025-11-03,1,Default
L00838,C00471,40,Employed,78771.72,704,20910.8,4.23,12,Personal,0.303,2025-11-03,0,Active
L01695,C03220,24,Employed,23031.92,683,20464.92,4.58,60,Home Improvement,0.471,2025-11-03,0,Active
L04873,C01425,31,Employed,56663.33,628,19997.04,5.57,12,Education,0.336,2025-11-03,1,Default
L03122,C03292,56,Employed,39150.38,648,18384.54,4.03,48,Education,0.245,2025-11-03,0,Active
L04718,C02470,36,Employed,80440.75,832,47551.98,3.0,60,Home Improvement,0.46,2025-11-04,0,Active
L01997,C02181,50,Employed,69326.76,600,42476.2,6.57,60,Vehicle,0.377,2025-11-04,0,Active
L04342,C01573,51,Employed,85876.31,614,6155.89,5.42,36,Personal,0.126,2025-11-04,0,Active
L01216,C01829,43,Employed,60024.85,702,30121.57,3.0,12,Education,0.359,2025-11-05,0,Active
L00835,C01397,46,Employed,64412.07,717,36337.6,3.77,36,Education,0.351,2025-11-05,0,Active
L01006,C01876,54,Employed,50761.62,751,23516.05,3.0,24,Debt Consolidation,0.303,2025-11-05,0,Active
L01137,C02796,41,Employed,52490.3,653,15929.01,5.72,36,Vehicle,0.328,2025-11-06,0,Active
L03685,C01250,37,Employed,60517.66,608,27759.62,8.31,36,Vehicle,0.487,2025-11-06,1,Default
L01708,C01041,47,Unemployed,83044.57,670,12768.38,3.87,72,Vehicle,0.311,2025-11-06,1,Default
L04692,C01007,52,Self-Employed,21357.56,658,23126.53,6.42,48,Home Improvement,0.589,2025-11-07,0,Active
L00934,C01902,21,Self-Employed,66094.06,625,67187.24,8.22,48,Home Improvement,0.681,2025-11-07,0,Active
L01325,C00951,58,Employed,49653.11,601,83215.2,7.66,12,Debt Consolidation,0.7,2025-11-07,0,Active
L03983,C01133,59,Employed,40676.6,566,44615.73,5.97,12,Vehicle,0.649,2025-11-08,0,Active
L04375,C02984,52,Employed,51597.47,723,26575.87,3.0,60,Home Improvement,0.329,2025-11-08,0,Active
L02618,C00789,68,Unemployed,38882.48,673,10253.96,5.27,48,Debt Consolidation,0.207,2025-11-08,0,Active
L01160,C03422,61,Employed,94433.93,660,26370.16,3.0,36,Education,0.354,2025-11-08,0,Active
L02502,C02162,40,Self-Employed,51134.28,621,102710.88,6.25,36,Vehicle,0.7,2025-11-08,1,Default
L03870,C03137,59,Self-Employed,57501.48,615,129268.66,6.95,60,Vehicle,0.7,2025-11-08,0,Active
L01079,C00303,37,Unemployed,37345.63,799,29329.66,3.0,60,Personal,0.444,2025-11-09,0,Active
L04186,C00821,35,Employed,152150.93,636,28207.07,5.25,24,Personal,0.355,2025-11-10,0,Active
L03965,C00183,47,Employed,22187.24,700,21439.44,3.0,48,Debt Consolidation,0.635,2025-11-10,0,Active
L01704,C01525,23,Employed,40520.57,722,15838.6,5.06,72,Debt Consolidation,0.405,2025-11-10,0,Active
L02893,C01561,36,Self-Employed,51606.73,632,10359.27,6.48,60,Vehicle,0.372,2025-11-11,0,Active
L02654,C00445,35,Unemployed,75785.33,650,20170.35,3.32,72,Home Improvement,0.388,2025-11-11,0,Active
L02825,C01108,21,Employed,43905.58,803,10116.28,3.0,48,Education,0.267,2025-11-11,1,Default
L02608,C00336,31,Self-Employed,140523.64,675,31503.75,3.48,36,Personal,0.289,2025-11-11,0,Active
L00552,C01120,35,Self-Employed,39700.43,620,54668.5,4.24,12,Vehicle,0.7,2025-11-11,0,Active
L02230,C00887,63,Employed,36551.92,676,36710.35,4.34,24,Education,0.643,2025-11-12,0,Active
L04574,C02275,44,Self-Employed,45987.41,624,23791.04,6.82,48,Personal,0.371,2025-11-12,1,Default
L01752,C03360,40,Employed,112047.68,682,13539.24,4.99,60,Home Improvement,0.253,2025-11-12,1,Default
L03880,C01897,36,Employed,72975.27,638,20163.92,5.02,60,Debt Consolidation,0.281,2025-11-12,0,Active
L03329,C02963,57,Employed,25039.83,749,65034.03,3.0,36,Debt Consolidation,0.7,2025-11-12,0,Active
L03856,C01349,33,Employed,48542.76,737,11421.67,3.0,60,Home Improvement,0.276,2025-11-12,0,Active
L00490,C01983,25,Unemployed,55326.44,700,38821.86,3.0,24,Personal,0.425,2025-11-12,0,Active
L04265,C01252,68,Employed,89422.44,619,23176.12,5.53,36,Debt Consolidation,0.084,2025-11-12,0,Active
L00461,C03111,29,Employed,27203.37,752,24397.28,3.0,24,Personal,0.674,2025-11-12,0,Active
L04775,C01414,36,Employed,25215.43,644,21499.2,4.0,60,Education,0.484,2025-11-12,0,Active
L02367,C01852,33,Employed,71543.38,564,13295.74,9.28,36,Education,0.266,2025-11-12,0,Active
L02616,C00051,68,Self-Employed,62537.86,653,61694.76,5.63,24,Personal,0.639,2025-11-13,0,Active
L04861,C01793,49,Employed,27462.22,606,28857.81,4.66,36,Debt Consolidation,0.613,2025-11-13,0,Active
L00984,C02907,69,Employed,30462.71,639,18322.31,5.24,60,Personal,0.423,2025-11-13,0,Active
L02474,C02432,29,Employed,29795.52,832,33868.3,3.0,48,Personal,0.7,2025-11-13,0,Active
L04014,C01108,40,Employed,96335.82,850,61050.91,3.0,36,Education,0.407,2025-11-14,0,Active
L04826,C03227,47,Unemployed,54863.45,793,30374.84,3.0,72,Debt Consolidation,0.348,2025-11-14,0,Active
L03461,C00875,25,Employed,21197.05,726,15140.62,4.52,60,Personal,0.402,2025-11-14,0,Active
L02315,C02072,55,Employed,40378.7,678,23257.65,5.84,72,Personal,0.519,2025-11-14,0,Active
L00618,C01688,60,Unemployed,128073.74,715,38048.7,3.59,48,Vehicle,0.199,2025-11-14,0,Active
L03230,C02461,64,Unemployed,61333.0,600,19941.59,5.83,60,Debt Consolidation,0.321,2025-11-14,1,Default
L03338,C01338,32,Employed,93359.43,725,16367.22,3.0,60,Education,0.346,2025-11-14,0,Active
L01014,C00043,34,Employed,74843.76,647,12229.04,4.73,48,Personal,0.174,2025-11-14,0,Active
L00784,C00173,61,Employed,34488.07,850,16685.62,3.0,72,Home Improvement,0.306,2025-11-15,0,Active
L02793,C01869,49,Employed,91491.15,622,30200.23,6.06,12,Education,0.326,2025-11-15,0,Active
L02591,C03023,49,Self-Employed,48938.01,604,41806.79,5.83,36,Home Improvement,0.461,2025-11-15,0,Active
L01499,C03058,45,Unemployed,98788.53,645,46501.87,6.0,24,Home Improvement,0.389,2025-11-15,0,Active
L03447,C03472,63,Employed,77394.96,732,33179.12,3.21,60,Home Improvement,0.247,2025-11-15,0,Active
L00515,C01220,36,Employed,63518.54,728,25873.1,3.22,60,Personal,0.374,2025-11-15,0,Active
L04811,C02122,27,Employed,70199.94,546,27032.3,8.12,36,Vehicle,0.307,2025-11-16,1,Default
L03917,C00730,58,Employed,40359.65,703,36106.36,5.48,24,Home Improvement,0.515,2025-11-16,0,Active
L00323,C00881,57,Employed,19095.98,733,27996.29,4.15,72,Vehicle,0.7,2025-11-16,0,Active
L02482,C03080,33,Employed,44946.84,548,5907.98,7.41,48,Personal,0.219,2025-11-16,0,Active
L01026,C02948,51,Employed,83468.92,746,36175.59,3.0,36,Home Improvement,0.239,2025-11-16,0,Active
L00516,C00774,61,Unemployed,22441.87,753,31419.86,3.0,48,Debt Consolidation,0.7,2025-11-16,0,Active
L01486,C02333,53,Employed,52868.31,673,15349.14,3.56,60,Personal,0.389,2025-11-17,0,Active
L01435,C03282,43,Employed,33431.31,654,9470.2,5.78,12,Home Improvement,0.124,2025-11-17,0,Active
L04100,C03362,58,Employed,59223.24,635,38208.35,6.56,48,Home Improvement,0.334,2025-11-17,0,Active
L01247,C02366,69,Employed,23933.29,797,53157.2,3.0,24,Education,0.7,2025-11-17,0,Active
L00290,C02812,31,Self-Employed,50760.06,757,28107.17,3.94,12,Debt Consolidation,0.335,2025-11-17,0,Active
L00863,C01947,40,Self-Employed,60552.85,570,9480.69,7.24,48,Debt Consolidation,0.223,2025-11-17,0,Active
L02404,C01281,54,Unemployed,40394.72,506,5393.14,9.95,36,Home Improvement,0.145,2025-11-18,1,Default
L03903,C00194,54,Self-Employed,40199.12,729,19899.75,3.75,24,Personal,0.331,2025-11-18,0,Active
L00572,C03357,29,Self-Employed,55443.19,616,22665.88,4.67,24,Personal,0.445,2025-11-18,1,Default
L04047,C02306,25,Unemployed,34644.2,802,66508.85,3.01,60,Education,0.7,2025-11-18,0,Active
L01449,C01204,60,Employed,83932.83,819,38916.24,3.0,48,Home Improvement,0.341,2025-11-19,0,Active
L01920,C02377,46,Employed,54731.15,745,33205.27,3.0,60,Debt Consolidation,0.401,2025-11-19,0,Active
L01826,C00477,64,Employed,87591.52,666,19976.39,6.22,60,Vehicle,0.322,2025-11-19,0,Active
L00799,C02396,49,Self-Employed,23681.57,610,9895.79,6.0,36,Personal,0.287,2025-11-20,0,Active
L00181,C02797,42,Employed,45309.85,748,36841.61,3.01,36,Debt Consolidation,0.564,2025-11-20,0,Active
L03984,C03340,24,Employed,41841.95,529,44814.27,8.48,36,Personal,0.575,2025-11-20,0,Active
L04786,C02896,61,Employed,37869.44,626,24261.38,5.35,36,Personal,0.496,2025-11-20,0,Active
L04143,C01179,22,Employed,122988.6,687,20598.31,3.84,12,Vehicle,0.332,2025-11-21,0,Active
L02251,C03390,68,Employed,25196.21,630,9735.41,5.03,72,Personal,0.345,2025-11-21,1,Default
L03501,C02538,46,Employed,61820.55,622,14883.7,3.89,72,Education,0.246,2025-11-21,0,Active
L00882,C01839,52,Employed,45687.62,509,16621.73,8.61,48,Debt Consolidation,0.355,2025-11-21,0,Active
L00223,C01435,42,Employed,25232.13,637,32074.08,3.86,72,Home Improvement,0.7,2025-11-22,0,Active
L04863,C00154,46,Self-Employed,87901.89,711,10793.1,5.93,48,Personal,0.317,2025-11-22,0,Active
L01353,C00095,40,Employed,61498.98,756,17158.5,4.39,48,Vehicle,0.228,2025-11-23,0,Active
L01334,C02913,67,Unemployed,49913.17,728,13438.69,3.0,60,Personal,0.224,2025-11-23,0,Active
L01966,C02163,63,Employed,56425.63,692,5661.97,3.95,12,Personal,0.153,2025-11-24,1,Default
L02000,C02809,23,Employed,42799.6,777,23132.56,3.0,60,Debt Consolidation,0.344,2025-11-24,0,Active
L01788,C02853,36,Employed,42413.38,735,9590.83,3.0,48,Vehicle,0.258,2025-11-25,0,Active
L01424,C03209,55,Employed,62079.56,746,41921.87,3.29,36,Vehicle,0.476,2025-11-25,1,Default
L03718,C00724,66,Employed,39937.11,747,13909.17,3.0,72,Personal,0.296,2025-11-25,0,Active
L00739,C00954,30,Employed,27034.24,703,36161.38,3.75,36,Debt Consolidation,0.687,2025-11-25,0,Active
L04708,C02842,61,Self-Employed,36283.15,724,17598.52,4.62,60,Personal,0.365,2025-11-26,0,Active
L01195,C03098,29,Employed,45589.49,696,26991.64,3.19,48,Vehicle,0.474,2025-11-26,0,Active
L01183,C00118,67,Employed,69955.21,683,35963.46,4.6,60,Vehicle,0.37,2025-11-26,0,Active
L02662,C01409,51,Employed,52912.39,692,24220.33,5.94,48,Debt Consolidation,0.262,2025-11-26,0,Active
L01130,C02159,28,Employed,78932.01,763,18633.91,3.0,36,Debt Consolidation,0.24,2025-11-26,0,Active
L03774,C02750,59,Employed,20071.48,648,21644.66,4.09,72,Debt Consolidation,0.674,2025-11-26,1,Default
L01443,C00763,43,Employed,32947.23,710,20572.49,4.0,36,Personal,0.501,2025-11-27,0,Active
L02347,C02069,64,Self-Employed,50033.03,609,23558.26,6.94,24,Home Improvement,0.485,2025-11-27,1,Default
L03928,C00142,53,Employed,26271.31,718,131234.64,4.81,24,Personal,0.7,2025-11-27,0,Active
L02758,C02473,38,Employed,72147.77,593,11252.34,7.29,36,Debt Consolidation,0.115,2025-11-27,1,Default
L01072,C01281,38,Unemployed,41597.08,686,9398.43,4.94,12,Education,0.254,2025-11-27,0,Active
L04888,C02636,32,Self-Employed,36337.52,784,21356.01,3.0,48,Personal,0.383,2025-11-27,0,Active
L03041,C00744,66,Employed,36883.19,693,5695.48,3.5,24,Personal,0.261,2025-11-28,0,Active
L02694,C02579,45,Self-Employed,45432.42,631,27881.88,4.51,48,Vehicle,0.433,2025-11-28,1,Default
L01475,C01793,40,Self-Employed,33474.31,621,35659.96,8.25,36,Personal,0.584,2025-11-28,0,Active
L03832,C01732,24,Self-Employed,23782.71,703,15490.23,5.43,60,Debt Consolidation,0.491,2025-11-28,0,Active
L01710,C01241,22,Self-Employed,73491.89,750,20055.04,3.99,36,Home Improvement,0.321,2025-11-28,0,Active
L02032,C01350,24,Unemployed,34918.67,774,37437.84,4.24,60,Vehicle,0.649,2025-11-28,0,Active
L01441,C00955,24,Employed,72690.97,620,34793.01,5.33,48,Education,0.366,2025-11-28,0,Active
L01504,C02162,67,Employed,36189.32,586,67567.19,8.36,72,Personal,0.7,2025-11-29,1,Default
L02437,C02559,30,Employed,59624.02,747,4019.0,4.65,60,Home Improvement,0.056,2025-11-29,0,Active
L04733,C01933,37,Unemployed,41581.74,695,22722.04,3.9,72,Education,0.497,2025-11-29,0,Active
L04965,C01839,21,Unemployed,34379.67,681,20896.17,4.26,60,Debt Consolidation,0.524,2025-11-30,1,Default
L02631,C01180,34,Employed,73249.04,695,42060.35,4.32,36,Vehicle,0.317,2025-11-30,0,Active
L01049,C00524,43,Employed,44361.99,693,64994.85,4.96,48,Education,0.7,2025-11-30,0,Active
L00427,C03171,37,Self-Employed,93078.2,584,54538.42,8.47,48,Debt Consolidation,0.436,2025-12-01,0,Active
L01438,C02395,26,Self-Employed,55101.21,620,49592.56,6.0,24,Debt Consolidation,0.498,2025-12-01,0,Active
L01238,C02833,35,Self-Employed,20709.13,646,65989.65,7.3,60,Personal,0.7,2025-12-01,0,Active
L00933,C02505,37,Employed,24989.18,679,10669.47,4.73,36,Home Improvement,0.399,2025-12-01,0,Active
L03367,C00660,31,Employed,32941.55,570,41557.33,6.95,60,Debt Consolidation,0.7,2025-12-01,1,Default
L02164,C01017,67,Employed,158642.26,798,65505.8,3.0,48,Vehicle,0.292,2025-12-01,0,Active
L01400,C03101,24,Employed,59874.42,528,32155.09,7.79,36,Personal,0.434,2025-12-01,1,Default
L04976,C01850,31,Employed,36526.73,634,32404.07,5.32,48,Vehicle,0.617,2025-12-02,0,Active
L02840,C02162,27,Self-Employed,35586.57,665,17513.78,5.57,12,Education,0.362,2025-12-02,1,Default
L04037,C03156,25,Employed,79651.86,632,35512.32,4.36,60,Vehicle,0.36,2025-12-02,0,Active
L04262,C00582,69,Employed,73369.83,714,29781.54,4.24,24,Vehicle,0.241,2025-12-02,0,Active
L00596,C02570,48,Employed,45562.13,792,9354.7,3.0,24,Vehicle,0.26,2025-12-03,0,Active
L03115,C03424,36,Self-Employed,62552.21,729,17683.52,3.86,72,Personal,0.277,2025-12-03,0,Active
L00641,C02897,58,Employed,71814.32,815,8019.0,3.0,48,Home Improvement,0.212,2025-12-03,0,Active
L01306,C02439,21,Employed,31110.7,711,13584.81,3.0,60,Debt Consolidation,0.352,2025-12-03,0,Active
L00953,C02166,59,Employed,41349.69,817,17306.15,3.0,60,Personal,0.331,2025-12-04,0,Active
L00411,C03244,36,Employed,18000.0,767,19257.34,3.0,60,Home Improvement,0.7,2025-12-04,0,Active
L02175,C02769,58,Employed,90092.45,723,50220.98,3.0,60,Home Improvement,0.47,2025-12-04,0,Active
L04954,C02728,44,Self-Employed,73816.96,660,30619.45,6.72,72,Personal,0.263,2025-12-04,0,Active
L04314,C02954,69,Self-Employed,63891.48,618,13498.81,6.2,60,Personal,0.182,2025-12-04,0,Active
L03979,C00584,51,Unemployed,39886.82,665,32617.3,4.51,36,Home Improvement,0.515,2025-12-04,0,Active
L03817,C00286,39,Self-Employed,103065.19,791,31440.14,3.0,48,Personal,0.184,2025-12-05,0,Active
L00270,C00123,37,Unemployed,52647.04,799,23993.25,3.0,48,Home Improvement,0.399,2025-12-05,0,Active
L00108,C02265,36,Employed,41406.37,738,13857.6,4.25,12,Vehicle,0.32,2025-12-05,0,Active
L01771,C02642,41,Employed,32310.37,631,52935.89,7.07,60,Education,0.7,2025-12-05,0,Active
L00622,C01569,50,Employed,35655.31,729,14540.89,3.47,48,Personal,0.344,2025-12-06,0,Active
L03182,C01568,54,Employed,46216.43,728,10615.55,3.93,72,Vehicle,0.178,2025-12-06,0,Active
L04537,C02258,23,Employed,38895.9,694,52848.49,3.0,24,Education,0.7,2025-12-06,0,Active
L04531,C00227,23,Self-Employed,41678.43,671,33551.18,4.88,12,Personal,0.469,2025-12-06,0,Active
L02925,C03084,56,Employed,49950.24,729,10344.59,3.42,48,Personal,0.218,2025-12-06,0,Active
L04435,C02751,47,Self-Employed,27115.02,695,31035.44,3.69,12,Vehicle,0.578,2025-12-07,1,Default
L01613,C00237,33,Employed,59386.78,546,13268.41,8.46,24,Personal,0.158,2025-12-07,0,Active
L03498,C03250,54,Employed,75904.21,605,53014.88,6.95,24,Home Improvement,0.372,2025-12-07,1,Default
L04860,C02162,35,Employed,35678.64,746,28884.79,4.4,24,Debt Consolidation,0.534,2025-12-07,0,Active
L03608,C01234,25,Employed,66351.24,705,6649.6,5.42,36,Home Improvement,0.112,2025-12-07,0,Active
L01780,C01297,32,Employed,160498.67,551,19920.19,5.48,36,Education,0.089,2025-12-08,0,Active
L03905,C01186,45,Employed,27778.21,694,8113.7,3.72,36,Vehicle,0.28,2025-12-08,0,Active
L02693,C02712,59,Unemployed,22898.09,678,19067.39,3.06,48,Vehicle,0.523,2025-12-08,0,Active
L04369,C02093,61,Employed,83559.82,763,23392.29,3.0,60,Home Improvement,0.218,2025-12-08,0,Active
L04872,C01217,46,Employed,67856.59,641,14669.03,3.85,48,Debt Consolidation,0.392,2025-12-08,0,Active
L02656,C00952,34,Employed,68039.04,578,95327.86,7.49,36,Personal,0.7,2025-12-08,1,Default
L00306,C02599,30,Self-Employed,41435.06,754,22018.97,3.0,60,Home Improvement,0.38,2025-12-08,0,Active
L00634,C01631,43,Employed,42622.06,613,21951.42,7.59,36,Debt Consolidation,0.325,2025-12-08,0,Active
L03009,C01912,35,Unemployed,60501.22,691,31652.45,6.79,60,Vehicle,0.517,2025-12-09,1,Default
L02945,C01541,35,Employed,46220.16,675,28516.32,4.61,60,Personal,0.43,2025-12-09,0,Active
L00941,C00881,42,Employed,67413.6,701,38821.44,3.85,60,Personal,0.37,2025-12-09,1,Default
L03783,C02904,27,Employed,30370.04,675,20766.7,5.24,36,Education,0.514,2025-12-10,0,Active
L02833,C02832,48,Employed,46645.4,734,75167.59,4.56,36,Debt Consolidation,0.7,2025-12-10,0,Active
L04030,C00210,69,Employed,69766.79,720,19403.11,3.0,48,Vehicle,0.219,2025-12-10,0,Active
L01751,C00047,68,Employed,36736.28,706,104048.06,4.26,36,Home Improvement,0.7,2025-12-10,0,Active
L04945,C00254,50,Employed,50200.05,850,26570.73,3.0,36,Debt Consolidation,0.463,2025-12-10,0,Active
L01016,C02159,55,Employed,73782.81,625,87021.88,6.19,36,Vehicle,0.66,2025-12-11,0,Active
L04414,C02385,50,Employed,47604.68,663,29513.6,5.14,60,Debt Consolidation,0.449,2025-12-11,0,Active
L04181,C03237,36,Employed,61700.49,584,24579.47,8.62,36,Education,0.367,2025-12-12,0,Active
L01954,C03388,28,Self-Employed,30070.32,668,63368.7,5.06,60,Debt Consolidation,0.7,2025-12-13,1,Default
L00671,C01572,28,Employed,122859.91,586,45976.93,6.88,36,Education,0.194,2025-12-14,0,Active
L00268,C00203,39,Employed,54630.76,693,16176.99,5.67,60,Vehicle,0.31,2025-12-14,0,Active
L03194,C00302,54,Employed,41976.83,671,22480.89,5.31,36,Vehicle,0.448,2025-12-14,1,Default
L04721,C02784,38,Employed,70649.77,680,28476.2,6.08,60,Personal,0.233,2025-12-14,0,Active
L00197,C02694,67,Employed,31433.04,633,37050.77,4.32,48,Personal,0.653,2025-12-14,1,Default
L04274,C00704,61,Employed,44686.91,726,27718.45,5.04,12,Debt Consolidation,0.518,2025-12-14,0,Active
L04801,C01063,21,Unemployed,98888.09,810,7227.84,3.0,48,Debt Consolidation,0.225,2025-12-14,0,Active
L03253,C02521,30,Employed,38180.24,749,23202.85,3.0,60,Debt Consolidation,0.476,2025-12-15,0,Active
L01803,C00016,25,Self-Employed,43673.14,793,68288.83,3.0,48,Personal,0.7,2025-12-15,0,Active
L01680,C02855,32,Self-Employed,36056.3,850,18973.04,3.0,60,Vehicle,0.396,2025-12-15,0,Active
L04247,C00977,41,Unemployed,46798.51,678,60174.02,3.0,36,Education,0.7,2025-12-16,0,Active
L03434,C01432,38,Employed,32864.71,640,16467.71,5.04,12,Home Improvement,0.413,2025-12-16,0,Active
L03027,C00700,39,Self-Employed,32706.17,649,45201.56,4.6,24,Personal,0.7,2025-12-16,0,Active
L02282,C03219,66,Employed,44084.87,777,14670.33,3.0,60,Debt Consolidation,0.279,2025-12-16,0,Active
L00636,C03325,52,Unemployed,34541.41,619,52012.37,6.89,36,Education,0.7,2025-12-16,1,Default
L02005,C02720,65,Employed,62095.44,745,21482.02,3.2,60,Vehicle,0.305,2025-12-16,0,Active
L03793,C01450,35,Self-Employed,18000.0,783,31610.19,3.0,36,Personal,0.7,2025-12-17,1,Default
L03802,C01660,30,Employed,63686.62,689,38306.76,3.89,24,Debt Consolidation,0.483,2025-12-17,0,Active
L03920,C03452,40,Employed,35731.24,570,10719.28,8.35,72,Debt Consolidation,0.283,2025-12-17,1,Default
L02101,C01711,57,Self-Employed,48489.75,634,30750.64,4.79,48,Debt Consolidation,0.476,2025-12-17,0,Active
L03131,C00963,39,Self-Employed,18000.0,787,8878.01,3.0,24,Vehicle,0.341,2025-12-17,0,Active
L04598,C00541,26,Self-Employed,62574.73,577,24329.32,7.19,48,Education,0.478,2025-12-17,0,Active
L03633,C00613,41,Employed,69611.16,735,100054.4,3.67,60,Debt Consolidation,0.7,2025-12-17,0,Active
L01039,C03475,56,Employed,45060.22,669,135570.03,5.21,12,Personal,0.7,2025-12-18,0,Active
L03428,C01620,49,Employed,26042.7,616,24028.33,6.53,60,Debt Consolidation,0.696,2025-12-18,0,Active
L04661,C01242,39,Employed,57623.02,781,20517.23,3.16,60,Home Improvement,0.336,2025-12-18,0,Active
L00137,C02183,40,Employed,30276.59,674,84708.59,3.92,12,Personal,0.7,2025-12-18,0,Active
L02398,C01994,21,Employed,33129.49,701,17297.86,3.11,48,Debt Consolidation,0.336,2025-12-18,0,Active
L04131,C01055,47,Unemployed,71071.51,656,17643.91,3.87,48,Personal,0.171,2025-12-18,0,Active
L01145,C01762,39,Employed,52558.48,722,14215.63,3.57,36,Home Improvement,0.265,2025-12-19,0,Active
L00437,C03328,53,Employed,44029.53,633,16099.21,7.7,60,Vehicle,0.374,2025-12-19,0,Active
L00387,C01694,25,Self-Employed,80506.4,719,26421.03,3.64,36,Home Improvement,0.344,2025-12-19,0,Active
L04007,C02687,51,Employed,49600.06,673,48589.32,4.97,36,Debt Consolidation,0.652,2025-12-19,0,Active
L02414,C02004,29,Employed,44429.63,652,29812.36,6.19,48,Debt Consolidation,0.515,2025-12-19,0,Active
L01754,C01040,22,Unemployed,70676.61,789,33323.71,3.0,36,Debt Consolidation,0.258,2025-12-20,0,Active
L02539,C00494,69,Self-Employed,94869.7,665,24498.25,5.17,36,Home Improvement,0.215,2025-12-20,0,Active
L04049,C00268,36,Employed,44041.79,567,28834.17,8.22,60,Personal,0.434,2025-12-20,0,Active
L02330,C03189,43,Self-Employed,40090.97,778,61235.58,3.0,48,Personal,0.7,2025-12-21,0,Active
L04564,C00940,35,Unemployed,75871.55,734,25257.06,3.0,36,Vehicle,0.325,2025-12-21,0,Active
L04832,C02788,57,Employed,45752.32,850,60683.48,3.0,60,Personal,0.7,2025-12-22,0,Active
L02953,C01951,45,Employed,81827.7,733,7946.23,4.32,24,Personal,0.236,2025-12-22,0,Active
L02964,C00883,37,Employed,49712.02,584,58227.52,4.47,36,Education,0.547,2025-12-22,0,Active
L03912,C02262,26,Employed,46737.16,669,105253.72,6.33,48,Personal,0.7,2025-12-22,0,Active
L04406,C02829,46,Employed,30667.14,675,13880.4,3.79,48,Personal,0.393,2025-12-23,1,Default
L00434,C02976,38,Employed,24793.01,599,32903.57,5.95,48,Education,0.7,2025-12-23,1,Default
L03516,C00177,42,Employed,55553.73,605,19400.64,7.15,24,Home Improvement,0.369,2025-12-23,0,Active
L00476,C00020,54,Employed,63248.75,720,59262.98,3.75,12,Home Improvement,0.657,2025-12-23,0,Active
L00319,C02192,59,Employed,53738.34,685,26063.66,6.05,24,Vehicle,0.366,2025-12-23,0,Active
L01964,C00318,66,Employed,37761.75,773,9678.48,3.42,24,Vehicle,0.155,2025-12-24,0,Active
L03364,C02449,26,Employed,40804.45,657,12338.39,4.38,48,Personal,0.264,2025-12-24,0,Active
L03737,C02239,66,Employed,36543.59,712,31804.24,3.0,60,Home Improvement,0.562,2025-12-24,0,Active
L00265,C01440,29,Employed,76961.04,583,46674.16,6.02,24,Vehicle,0.28,2025-12-24,1,Default
L04512,C00533,33,Employed,52804.92,662,16777.61,3.0,36,Home Improvement,0.361,2025-12-24,0,Active
L00479,C00400,67,Self-Employed,48721.72,611,23835.04,5.57,36,Vehicle,0.311,2025-12-24,0,Active
L03333,C00406,57,Unemployed,73585.86,676,13756.76,4.76,48,Home Improvement,0.269,2025-12-25,0,Active
L00005,C01096,31,Self-Employed,94555.18,617,37178.53,4.46,60,Personal,0.239,2025-12-25,0,Active
L04136,C02885,45,Employed,74766.24,612,31593.21,5.68,36,Debt Consolidation,0.339,2025-12-25,0,Active
L03601,C03144,36,Employed,66686.66,774,34242.55,3.0,12,Home Improvement,0.316,2025-12-25,0,Active
L04849,C03089,59,Employed,43802.97,675,28579.27,3.52,36,Personal,0.45,2025-12-26,1,Default
L01401,C03368,65,Self-Employed,18000.0,659,53757.94,4.82,60,Personal,0.7,2025-12-26,0,Active
L01270,C02053,65,Employed,55553.84,582,7040.5,7.65,12,Home Improvement,0.184,2025-12-27,0,Active
L00911,C02153,51,Employed,53054.95,725,92436.09,4.04,48,Home Improvement,0.7,2025-12-27,0,Active
L01772,C03295,30,Self-Employed,69754.88,664,28827.23,4.84,12,Education,0.27,2025-12-27,0,Active
L00578,C01774,45,Employed,82513.33,681,16882.12,5.27,60,Debt Consolidation,0.217,2025-12-27,0,Active
L04561,C03075,49,Self-Employed,37743.51,520,36248.12,8.8,60,Education,0.619,2025-12-27,1,Default
L01797,C01373,58,Employed,42268.82,662,11490.96,5.73,36,Vehicle,0.272,2025-12-28,0,Active
L04828,C00349,52,Employed,33644.17,622,36496.14,7.86,36,Debt Consolidation,0.7,2025-12-28,0,Active
L00905,C01241,52,Employed,64505.8,729,40614.91,3.0,60,Vehicle,0.4,2025-12-28,0,Active
L02883,C00399,35,Employed,66229.5,737,14234.97,4.2,24,Vehicle,0.187,2025-12-28,1,Default
L00644,C02653,21,Employed,50994.39,635,21035.49,5.83,60,Education,0.337,2025-12-28,0,Active
L00232,C01632,48,Employed,47559.75,642,23397.4,5.03,36,Home Improvement,0.405,2025-12-28,0,Active
L04219,C03171,52,Employed,67762.33,684,62442.79,3.98,48,Personal,0.557,2025-12-29,0,Active
L00661,C03069,52,Employed,45587.85,741,40465.96,3.86,24,Vehicle,0.46,2025-12-29,0,Active
L00921,C01669,66,Employed,44312.02,731,51077.18,4.47,60,Education,0.593,2025-12-29,0,Active
L00272,C00767,61,Employed,82676.41,582,13192.56,5.58,60,Personal,0.217,2025-12-29,1,Default
L01328,C02244,34,Employed,116555.26,738,19837.75,3.11,12,Debt Consolidation,0.274,2025-12-29,0,Active
L02768,C02197,63,Employed,25949.88,746,35515.69,3.0,36,Personal,0.669,2025-12-30,0,Active
L03797,C02221,52,Employed,47318.04,745,30538.27,3.0,24,Debt Consolidation,0.466,2025-12-30,0,Active
L00117,C02569,37,Employed,104331.28,588,34428.54,7.37,36,Debt Consolidation,0.273,2025-12-30,0,Active
L01948,C01275,69,Employed,34109.1,615,14934.32,6.64,24,Vehicle,0.387,2025-12-30,0,Active
L04816,C01752,49,Employed,49409.18,749,14380.53,3.32,24,Personal,0.357,2025-12-30,0,Active
L02149,C01560,69,Self-Employed,76392.1,685,113623.1,5.43,48,Debt Consolidation,0.7,2025-12-30,1,Default
L02300,C01738,69,Unemployed,115307.52,716,35793.83,3.96,36,Home Improvement,0.339,2025-12-30,1,Default
L03281,C01779,44,Employed,62850.06,675,41426.59,4.61,12,Debt Consolidation,0.319,2025-12-30,1,Default
L01212,C02138,64,Employed,59125.18,661,30847.4,5.72,12,Home Improvement,0.41,2025-12-31,0,Active
L03353,C01652,35,Self-Employed,80394.03,762,26377.64,3.27,24,Home Improvement,0.305,2025-12-31,0,Active
L02220,C03175,66,Employed,51205.94,662,17047.53,5.8,48,Personal,0.272,2025-12-31,0,Active
L00773,C03487,38,Employed,40831.48,583,35657.67,8.39,12,Vehicle,0.62,2025-12-31,1,Default
L00829,C02095,63,Employed,23538.11,674,9822.99,5.74,36,Education,0.244,2025-12-31,0,Active
